392838
907283
140456
783325
679266
171199
217810
271018
56474
443009
915170
745571
265048
317824
854885
489921
389873
741243
583412
990546
614404
823782
909359
244140
662882
828297
312932
410914
591269
710851
632965
121791
503225
640964
795457
851856
600355
847468
635509
109340
654719
937416
86188
617618
586525
374858
205426
273608
933286
194628
398605
266637
528995
326111
77913
975702
532549
374657
392901
534513
725504
465678
285009
356122
821656
157323
122535
7496
108426
534180
611327
981988
487622
989396
659523
319363
348903
445077
897411
781147
696677
738573
582374
898264
645974
14963
185680
931640
103882
145255
488133
236640
885054
289303
40898
639866
403131
517503
399272
84818
324164
640292
66746
60304
857927
887312
738293
878581
121227
338372
405987
838734
14855
645128
930611
364346
803339
702582
678084
696620
768306
352395
604877
469140
28722
200535
714237
751588
900912
695692
139784
878019
460477
75369
157806
152594
833141
717546
550607
764839
256819
514233
304278
303916
834528
74156
17730
908966
180307
676554
704144
129731
989017
917784
249561
378258
570854
833927
347989
324074
153467
136760
509970
471460
257925
920956
992511
679896
447742
362707
386505
339548
816650
961269
451656
35583
416757
13101
626900
723554
74498
14386
332883
230136
702239
561423
90573
13000
295526
134167
850994
559693
165399
902454
457616
835123
596711
237202
310141
454694
354593
109981
45147
283213
790524
207552
858291
624559
295575
117561
457166
242074
827212
438057
791791
201250
792102
187612
83431
477414
387479
931589
924584
263647
927327
949494
310008
273708
964064
469025
949132
437868
549729
812279
76189
377128
228294
270916
903804
364913
429048
922714
422905
102030
250892
811549
239208
998574
712602
395575
944581
505713
290890
221606
303641
593009
216722
227475
554414
102477
534360
68630
702952
382412
602080
999506
64963
163529
390121
43572
453505
844195
163694
865062
780764
889272
475193
159095
65528
701683
948794
768295
198103
909751
675143
43270
351306
774283
303772
902686
345935
504702
554616
433541
484515
248069
262541
65560
176903
303655
943280
346226
214657
83824
230073
640462
200954
338708
80009
110340
315316
74906
693653
701026
383229
169761
484041
635725
820368
793776
581201
386680
864049
350614
58674
295329
136430
511215
559417
250720
351179
191062
16713
442872
881834
370196
455749
947968
43298
858949
579443
396191
563943
757142
678494
897113
610420
194967
781214
442759
652765
378797
609290
20192
837336
55222
642021
435114
710475
298148
231397
228200
192042
119110
514754
343081
209370
906206
334034
474063
432734
554927
637246
184308
386133
477947
475831
534176
8143
836427
938472
796155
892003
960756
852438
518661
201382
722617
741783
89271
479549
918887
949620
718567
553770
303172
278190
103056
678576
300621
425466
887768
842505
553357
263648
57542
888167
958653
865640
87215
124903
73830
276603
959567
413867
478695
752972
185586
430915
608029
687737
705124
764237
102631
530594
224778
27472
291093
25124
993440
144892
916498
989305
749768
441680
210575
354666
371247
694604
661339
731335
404695
316626
409361
165416
610787
18415
990971
761128
867895
331907
618887
952473
387243
438562
855747
221859
772768
593532
965417
255809
879725
565877
37246
402435
357866
141471
286498
140172
106326
768755
319688
369774
1889
104977
93773
233250
739540
374477
28348
42843
970776
326664
303197
445677
834588
701245
568059
676796
889011
679178
62214
347274
152401
34446
626453
520944
829202
819644
206412
737300
663985
860565
546647
746348
30041
206128
871301
391277
841892
568837
978282
419686
159227
901136
400065
122430
739674
700647
275128
537630
434348
273721
894691
99830
570895
396027
669145
772052
438981
988278
372360
50989
733968
10968
492720
485864
660859
548236
636585
387954
519666
960462
400468
973463
999064
654770
855842
804602
674264
608402
769876
146416
927058
518852
75237
262659
160107
300710
996504
749340
767211
885206
592836
641737
469394
688772
558956
834454
131589
573787
460858
703326
913254
259378
1081
488795
758465
890379
267117
854635
780220
993382
344485
826008
940829
346935
622879
398508
23235
65162
955045
936454
156728
672235
168483
942679
827701
1174
206559
470912
539820
818293
331066
788252
913964
587193
647881
953046
779608
219975
161654
87203
485431
342917
79811
960431
585840
809552
9623
745434
955950
112337
112224
738822
707691
220202
373693
294286
727945
402396
695943
51787
930197
932225
722529
227654
649976
674496
987045
456781
547874
198592
277071
867956
682781
470934
840964
123213
734145
472220
341613
520154
418048
698991
481300
596940
131360
487083
945634
936709
478751
43631
26727
173525
674021
723519
6931
542756
471093
18439
126760
370271
917551
389189
645153
607808
633120
236906
796962
113948
759540
318729
587711
451308
556875
21612
143968
849542
386834
444411
125570
432099
396700
979778
938219
67163
298602
94911
977219
637935
333103
4567
657800
80952
167350
863753
642735
126610
97634
616822
831658
864835
841840
685303
85726
538299
502241
624675
295205
779590
314249
451038
423214
80915
519516
758879
311193
93685
603159
256302
729448
836496
159566
409225
79826
226610
535381
895538
512890
325193
116915
122958
540049
81325
361853
165561
724135
720067
504234
454810
549524
196867
828414
642813
610819
201800
973643
851907
540388
182850
133672
552799
645167
165277
447190
530825
654536
123069
942524
565127
478123
610841
638675
405051
76417
246599
383597
113252
405830
92013
109361
133654
234650
350851
13505
172698
155131
824885
647699
920495
605379
314347
74333
62071
192272
498646
414624
727372
576787
569561
978675
861005
346722
733463
972962
695368
795207
582299
920094
982341
658623
457782
147970
678933
124384
986324
683448
199224
461419
552093
890090
937579
347304
492241
611453
101707
312636
979883
884788
61010
719854
210066
843078
809824
592015
609924
43977
643122
523092
976283
664183
449163
418831
670748
389315
155990
441408
518487
936889
718015
829173
345250
202158
788588
871648
734460
36836
939550
980667
61849
248661
494903
768441
676749
264974
284420
270813
395126
25003
996704
174216
908413
60467
273801
811928
663142
561033
887999
258409
893779
557896
107287
874446
488384
790333
698950
969712
906665
662485
572414
218935
752016
416582
737131
386289
474969
893769
120464
580391
731714
242945
20960
867508
236086
475689
704580
892621
935730
359375
112515
927102
331232
894272
875679
763852
936043
80058
577774
834277
261966
654772
988773
424919
908074
392231
971727
114537
70912
539467
35597
85054
322651
349484
128240
211092
680247
986495
297548
761586
762438
776282
16052
108839
526962
175901
27102
257210
283750
939673
135384
745464
287912
737136
752228
554640
134071
188001
51306
853943
673313
379828
131682
474107
207386
2462
836764
544959
774035
317823
543602
393850
563358
717078
525573
757465
546416
738431
922496
933427
441089
934186
589500
413806
893399
52688
984151
598234
278312
395547
424156
289697
803493
976098
599912
344606
535328
281022
925953
48352
86421
862729
321447
264432
746098
707448
540567
63619
317093
465965
257370
363423
682958
843506
738403
739300
319243
390965
316678
294260
312612
139380
707277
659478
978127
950121
87773
305361
713556
377325
492099
2453
592209
454639
32082
191057
440794
708059
758023
43358
40166
586959
976116
993967
880625
700137
337028
85886
348781
104912
560314
676433
668816
432393
155645
264673
817767
535774
635660
9463
681663
204204
126263
835162
151742
844935
413431
840818
154962
43320
973177
52271
141471
255330
706094
563937
881842
605565
625642
464749
394815
762512
54050
758742
531055
614599
530586
531631
989460
781302
492380
831869
753020
866798
280797
496401
390717
818754
815684
183374
403552
665069
418553
607832
131268
348531
447887
285794
870891
389665
880344
255875
456438
929325
675804
927896
896055
712860
92476
29914
795012
623476
116212
495472
98213
850521
616174
871007
25689
326944
161934
574106
106412
691664
415686
204774
184089
857347
98053
537943
406468
991202
244506
131014
255569
300219
405613
674279
942515
809247
960646
462597
205517
226470
937355
459312
589503
178080
555037
755191
525607
225489
580424
961923
746561
792843
832044
463627
45135
428370
972003
533600
79631
780901
786482
377802
70452
489659
161495
657795
336021
562702
147325
194306
10970
833399
317179
285294
47024
150353
538029
796611
130439
429867
419006
795969
294626
971617
972602
793555
36522
254878
487184
319490
957618
843618
751971
635321
593063
792094
826047
739545
866729
649556
98989
284494
272527
418890
548980
216706
209066
913597
855460
855225
350506
332122
31164
77027
547242
242413
861997
561674
479054
335905
415588
525387
880310
366683
660804
585415
593062
219331
136154
18949
673725
426680
908782
780830
678109
763812
408682
542817
210104
50080
175885
132651
62663
564600
927642
343979
90247
567228
820043
892551
157574
102641
282042
528594
663831
441290
158789
166559
97495
304934
362525
539189
653510
952471
993460
371443
832086
774438
326373
621282
823167
765504
38926
836983
758664
409147
738819
86756
413494
741996
223589
907178
381763
626710
525160
388165
992500
763066
709298
887794
891895
940699
25760
306386
108917
95347
672637
603862
292305
978837
275448
288235
379531
44389
701902
426670
602497
480203
197057
385586
736427
869451
634251
493512
436628
808819
110049
540424
649440
97998
967871
547095
134323
653743
131580
838143
453150
44458
678096
755656
267866
924231
243679
432557
476864
672164
186530
904385
463898
569024
524389
949726
852580
309205
625173
226371
162577
708920
136224
987159
810443
869766
838333
60466
713170
935565
709249
462424
287115
998147
702746
989157
68053
993343
949133
655510
996069
942659
855120
847711
586914
171727
470273
525828
42727
864738
656933
256479
919859
643578
698970
702257
563184
249056
105402
31675
248366
155593
233443
226554
711738
347405
212977
375649
427332
882408
235153
174559
912027
50797
607309
317251
87437
192693
31349
638168
984692
679847
357061
158695
462710
752181
993262
845974
722550
518380
53382
715835
604310
475764
964143
910648
228148
19947
748966
420493
255153
301572
130223
443876
223878
746604
755897
599845
37986
376294
17221
76084
982572
492992
601079
706570
264283
397158
559973
637280
301162
663949
877639
44036
168766
472764
630699
950939
710268
245597
527096
525226
934588
110062
866289
806729
874231
624241
187727
849921
613241
987006
460527
792859
83805
681941
194328
371324
103019
543174
51403
644860
60647
352387
528770
744372
896336
379337
106984
122147
836289
377888
415909
630029
131404
113404
415044
925897
842174
966060
652093
38758
418495
752339
585771
380183
638365
977544
17967
450697
288691
218848
225886
371013
774593
677240
733578
850863
388074
315218
215371
846859
872201
270746
247902
270644
963560
903385
806617
864757
677601
922733
23299
336187
938884
654808
402738
146014
764471
76010
308078
923649
486314
14736
271866
986253
679683
635775
461421
47602
953515
637786
811274
210268
588995
768206
877255
298668
110259
411430
323339
981781
927436
466258
987176
794465
217046
994007
186327
537127
435416
372108
945027
280834
300425
661886
544694
33591
667668
762722
781730
721661
700602
651580
855619
715265
246791
823490
804809
611750
628248
733806
270479
182380
738954
985228
126628
745060
860590
536654
205654
266764
928014
998857
659787
787532
112085
75647
600369
679797
87968
829774
267773
901126
936094
235063
570555
60814
321244
952194
32148
794130
671343
586597
226848
578852
633723
710030
12789
399425
770498
470444
704988
119576
39840
620759
457258
756368
115296
485250
189876
119299
124571
39126
501342
335247
970424
519640
336231
88133
361162
7522
861490
828825
763741
543098
822790
502078
803241
872000
810290
776046
749303
981069
699644
690325
4277
691972
782716
514248
656012
717563
284763
753375
324245
998848
100284
803931
445406
102953
687772
348639
76714
294614
904296
52223
792610
646085
432994
193799
891264
802017
956989
426811
26912
952644
597109
978424
265247
991741
513579
999978
493815
119790
643909
549440
405509
727375
659281
411980
8540
393711
182381
941001
144375
448184
650784
750520
721710
632148
48200
414195
773637
436349
339198
661202
967218
351537
103737
554738
509679
682533
262109
842445
243646
449244
825756
936526
25931
254418
182971
407973
346450
964358
409742
798717
530370
582809
426242
549216
574389
998108
902752
693168
110673
785169
498135
953268
428317
707174
34376
877071
731089
971087
30359
800855
159545
678288
746025
793582
155705
411872
143066
309198
797091
970918
238350
879753
677965
594919
439417
729741
323135
283847
527261
830355
904862
958957
803895
972209
594991
539262
789177
386818
65247
233744
632230
532878
411271
462398
370319
47082
910170
380485
669977
431389
866022
415914
6558
275804
276747
869135
578337
402807
456992
250922
547818
275227
686236
521292
869793
265013
386237
842268
111952
865516
280644
538493
798317
570288
880512
687131
307793
547393
468028
850969
518872
953949
844361
11800
602029
335231
270372
756312
137684
588244
160360
779681
105170
289537
769340
421324
103464
635064
49240
676713
163643
327794
868936
739731
488957
105809
777188
460331
902096
493097
357003
643615
342174
380616
952997
247629
335879
613960
459599
577714
781302
19675
196222
2272
522353
711313
573563
996673
195639
221109
925941
944272
345747
907876
772170
200577
470046
996121
756659
558589
125097
812401
848096
593097
661292
295050
600252
622402
330487
817999
347489
331754
591543
702570
67585
255106
139579
154490
96048
672007
519063
183925
925875
432105
197074
220716
603829
130223
770029
887182
687316
49649
474203
431629
128550
106659
716418
295856
226990
389426
730166
418268
221272
841620
132173
969781
946458
890515
438183
566422
437025
356565
72067
519570
756862
99692
108378
361121
982156
141206
558930
282849
346988
352740
274454
736660
967351
874751
388602
449132
693895
186306
655242
66311
339957
709503
877963
233679
196938
852726
102052
190438
596347
498398
158090
809041
559654
790385
788417
940322
976868
287493
851971
372104
706280
80501
346810
646639
40514
764329
286247
156632
391880
662518
364277
871017
230275
761527
374032
55790
145207
578342
399166
671867
82631
776252
318301
659480
181584
242520
459719
902983
289794
720083
430030
904284
446437
106983
100221
122718
63785
866144
705682
581756
769306
763471
203615
817021
234786
999152
682863
365349
99172
328712
956832
922192
329376
601849
310485
355445
707909
740082
787603
363677
231592
643536
247617
547075
256230
552736
496960
688826
106393
457797
182060
397047
853226
715007
473256
363829
661575
301841
292710
691401
898123
165006
222046
525704
132770
432827
3560
601255
344384
553867
976699
890965
673912
792354
449531
207089
802173
681786
393946
185965
769410
838417
803523
281088
260131
434826
535783
41070
707689
808264
699321
938781
660398
37765
663802
694034
499666
178200
141713
730129
263596
698808
961446
900473
493607
881211
957805
213957
135084
695948
536196
882624
920625
299783
178151
368459
473968
867963
120512
613098
347837
638469
568690
969016
861047
794904
691608
946917
128968
100721
508671
592716
736390
812504
475435
410835
123593
644816
810248
596126
918289
82036
527853
18970
909044
311074
68501
404609
875162
598224
411290
427797
884054
455621
413185
655712
918685
867325
453685
335908
421271
817916
658475
340424
857995
274624
880412
3791
656796
291417
418300
921306
714237
839349
771223
844113
177201
339857
340639
184286
16895
860017
11066
806537
455198
139550
726520
532007
23182
573601
298620
646415
783357
459157
426673
405538
5087
787243
782379
760728
729087
898011
81078
956581
151385
623541
91729
89305
533000
70126
247907
119629
144517
933500
217827
383960
241090
166767
816364
664918
337403
299461
15770
305507
845017
901420
671109
657683
300418
414470
750634
285028
749301
71013
589796
186733
502875
725030
374064
538632
386369
618974
231271
982685
598306
474760
473429
881262
107439
363009
93544
757245
562478
188458
713183
614299
580396
40984
82376
770163
991475
765151
571661
516281
263944
547077
391344
122166
590128
88235
413858
749
982116
797101
265014
106875
934007
999236
996213
531768
670962
538709
221717
619286
34998
281002
930010
283308
166351
582419
679932
636101
76987
368969
258177
294661
970063
239443
875603
849541
93114
116117
321849
628215
286744
709229
241457
82547
644061
870722
872786
245373
426144
793480
587840
212017
471312
78041
394929
903931
355434
182206
406585
697109
165307
317139
434995
945257
511935
956263
932008
1706
558603
784216
823241
546300
686365
954580
894160
169453
146927
607522
551966
369674
99192
941726
934599
444007
391210
732533
447114
443218
450850
288506
788468
334532
524822
700258
34754
635141
349393
762406
763311
966754
939196
149047
515480
293300
11586
117819
499772
513812
122253
42713
626539
280138
88950
447321
18418
771584
421509
848044
12141
112235
92135
254201
641378
412187
943456
332028
76001
968306
350777
693949
483222
282168
239212
250949
70813
119177
559353
997025
512644
777782
256546
158224
621203
1794
854083
522764
199351
503754
600054
66989
946485
584710
981064
747839
988289
177505
219620
680639
307494
604672
451367
472843
181490
553342
162513
175974
969894
591920
172722
326655
977743
793369
626284
495284
591333
287755
710924
580243
522507
497848
162358
81110
857083
328202
838294
882616
951465
498869
426184
125601
163815
919770
897756
497757
552251
842929
185853
45682
329715
533944
845088
766801
719725
89167
135381
939332
129818
311386
217007
654156
576224
857372
467826
621416
831956
636778
860186
667914
513444
429661
777346
475262
961521
162376
848916
964402
713800
404727
38896
172105
23983
369610
530562
627796
94722
245289
701290
720013
770718
125302
27534
631535
152467
684316
758422
762356
312484
481769
147109
612008
486456
496391
779183
180430
49669
192213
477799
144137
633246
753948
683471
169274
827827
652783
634059
449435
98283
651375
702609
819350
62405
721344
316777
469862
717654
79247
922747
161587
129857
723204
194736
902111
43532
360825
953024
994225
383533
499287
874904
942342
242832
564728
274313
63715
261557
562333
432877
120512
454536
448964
604908
151224
253346
241820
834106
217814
902851
511494
961493
541725
432191
537686
888060
32129
496735
840681
932698
387849
133267
695208
286678
446227
993924
571087
972430
934942
213874
355682
942264
212956
690063
809377
42642
102524
54737
735055
735283
517567
391267
912819
428206
973432
718592
338998
874999
449817
69920
850047
321952
219660
198638
698332
773787
464648
740873
344030
764768
414992
463723
847029
341673
330491
55518
729415
43314
784141
488515
501686
532209
715880
928338
464919
424986
328592
27515
530866
856816
339772
728886
319861
805436
820459
172335
765918
474291
94644
807826
101495
434833
927340
277050
287511
537359
179759
110213
249718
312890
246556
100903
696745
151165
604453
21695
752295
711648
893350
440717
12647
341028
271321
78884
707890
658193
530384
340276
927988
24210
853221
485500
467234
490964
212009
104121
634877
582850
443947
642155
473474
620286
724946
989869
317192
154558
54063
89613
737522
514973
985338
748019
19403
798383
18795
157188
739198
123797
359562
510254
978277
994974
100506
399545
500759
335052
195591
559830
199926
399257
341816
615529
16038
441632
142344
810740
114208
766318
740285
744155
53923
86086
934676
172784
389984
263650
269188
821872
53350
364935
883661
765376
129151
675862
250993
468176
179846
670971
890932
895859
991567
139334
453867
338703
83034
236524
893411
614400
884071
239542
792054
609709
335478
248038
786333
386893
464611
202672
990284
250459
711019
264324
161782
936247
218258
310127
986133
286150
50304
401877
416471
354641
100099
405610
137916
30277
310200
269260
900260
295577
903545
774855
634568
619621
969308
488687
482247
376385
102937
291319
206990
86918
881105
436550
743109
926271
140763
688074
488741
382153
935956
910813
750636
812786
278239
293530
555467
655056
941937
748627
631102
407291
178514
773852
467517
443084
171172
9529
421162
472296
420123
626055
928076
949237
332183
33546
708265
633106
777346
872865
958313
773833
218029
737524
327035
500635
976510
850372
639289
980078
145315
815212
40215
610677
724864
24470
173247
273577
687577
372605
141476
780078
35539
416954
667545
343276
800835
828741
134309
407457
987409
513573
996681
820737
542649
199151
314549
137896
446396
891989
712555
827076
916484
149974
870983
363632
786281
155051
497928
152117
648901
242134
623465
439176
218668
905389
699568
839130
691095
841479
319185
207084
912567
747784
729200
105074
952837
44790
583710
900718
797127
11970
381738
142848
351362
875629
424872
275798
640795
468658
723373
40322
117747
116752
659506
610830
181111
599173
751334
120763
474116
231216
111503
347587
877929
581108
463773
556359
875699
717203
48126
385100
158839
183328
56118
793400
418667
6255
567249
937430
826722
253305
540612
947292
341848
50354
602957
392384
930274
381463
460027
797087
893499
796072
805620
405510
495406
903157
82227
967580
257496
56253
171346
54012
408631
997810
178274
345587
817549
775457
550620
471709
197422
40534
714101
965499
180820
491773
772608
419516
497326
911124
297481
246344
948910
406657
330602
690820
198671
29120
52390
202422
547395
510561
261946
847337
280397
462693
676612
747311
86414
913927
175397
592617
284958
754670
758957
954083
734416
526799
194775
895239
403022
173028
407225
444498
877426
770799
458383
376065
863767
466603
648291
875391
677402
662146
18545
180658
680372
921072
536762
745476
688513
80830
433847
914674
745681
700142
796395
435158
281528
522859
947520
778075
285471
907877
419231
898868
792638
389591
70440
66022
616302
609301
196560
965355
399056
598009
702504
12519
440947
648237
146561
649038
424159
955591
496236
74045
302178
979637
655176
839082
491231
956312
259667
229989
335321
67302
328124
968020
217551
840902
115336
671300
779378
839602
936929
769892
804731
730403
608957
110650
763763
546571
14680
70878
260037
716915
456150
227257
705194
245116
254015
253474
151398
35972
677321
425590
765697
758783
537447
133640
640151
641464
859073
717723
589689
424043
547558
757928
353295
738767
517141
957320
705964
160750
64609
627457
341558
214917
525993
891306
637070
566335
315114
952623
50879
434446
934552
148777
622747
837234
631757
609884
700621
734046
114143
826672
160378
159624
504077
255454
518660
246726
611802
377367
947643
683305
534321
695459
751034
659067
890643
104651
914033
990778
639332
265931
193756
693846
974668
686694
572316
906963
451277
75973
803815
540803
789221
935485
923606
229471
892498
845116
876120
743776
325213
291185
229530
573881
586650
464099
459099
661800
906745
407340
204229
435704
151795
941164
389066
670949
439192
808032
721801
456491
480129
279315
403641
377750
429322
550276
543662
747477
797956
534143
155495
210457
621235
245925
161177
89012
75671
128357
307076
669153
648711
582974
249627
27001
505932
254835
150851
826414
352742
380546
808432
28731
883547
331980
834591
30690
823997
605705
101725
298782
935045
410347
641225
260203
645580
98991
162376
660647
979828
947757
45962
737940
252852
296169
191180
251891
117024
156111
853161
32725
127296
883195
67015
308000
788482
874226
712821
592530
291623
258602
804635
357983
127072
810919
554238
156946
848603
695837
650342
209147
84290
40911
996640
433860
761538
809713
656733
944023
903718
400224
449659
281758
463224
595258
298306
295118
942965
59514
501809
285289
59599
279261
140165
786102
686153
247621
75392
897413
25600
694072
890823
695674
340424
836920
172044
355117
913871
63077
953830
878847
259587
331931
298215
633312
308575
449056
670195
856544
252728
902075
564935
723517
671882
746278
777019
705127
581584
507103
815446
806781
793709
226826
264658
258197
210141
213556
160305
74982
774051
845748
794424
320375
348005
253653
293455
81054
799048
975859
935124
416875
930615
431382
293822
793660
562700
703889
628971
723194
899107
698060
929387
407342
504379
451605
748502
866119
429076
758801
364518
7396
776748
629588
746459
187554
688847
608647
729888
555189
749262
754687
367722
564540
724018
593960
659106
405147
410678
971561
454608
830783
240497
20012
116189
323645
43783
176248
18401
870989
101396
999126
165766
569663
106415
982247
757697
107596
702107
681686
713119
462843
258591
232652
8588
268488
227012
983935
885541
743980
503599
857994
218267
934501
679912
87179
826654
129164
129518
311616
815925
753899
697362
827405
819598
21857
412508
4351
339969
490049
532777
343690
444512
857684
37180
122102
422524
792526
698036
25716
372292
347040
137751
520640
129990
102029
512197
887435
285522
169049
995249
398041
966719
993149
201695
918888
427180
716931
704023
674035
531019
294045
495335
13524
451731
378054
310393
995365
32399
386850
179657
918210
51834
166868
60215
618185
995847
160235
113747
886938
565461
173202
573939
813663
726440
715178
792839
28475
950871
204081
643997
218639
7198
688748
960293
69560
357441
23937
296569
73676
206517
129753
945636
854743
213432
294403
854304
589748
147113
866406
775123
245065
38554
417109
610510
401290
305060
484481
153446
917077
989184
503565
675607
282261
725649
48223
946368
174182
502860
867797
853430
743972
359449
125083
102188
330347
759323
842257
306732
944561
960636
517371
472703
30991
306324
375483
805901
597104
963825
178177
841315
162696
974843
195412
564254
101053
532431
294032
55570
985105
863375
269982
903024
649873
942694
412340
597494
275772
414263
711142
22035
910100
789623
234362
429911
245019
189198
96206
468324
865203
594055
871641
899857
557675
969881
317923
631585
819966
258641
443815
257841
496101
980509
286345
61069
968916
734676
375653
370416
730967
823713
327623
908486
522375
548941
19023
123340
73374
590047
324611
261444
80850
150606
412734
225512
234753
512749
979356
496953
939668
225291
736409
600097
809961
134064
53462
66582
717091
442360
657351
187032
846457
781244
504246
398592
281983
446208
49616
944071
609564
376444
620755
64791
658491
255798
240317
726978
728544
456028
368608
851192
780174
731249
77390
228396
369603
195000
730957
741696
83636
688549
97826
890804
664397
767752
381149
803190
307388
845550
266859
635191
484439
147449
536171
925865
928240
43987
554844
681427
724251
189
107693
415897
597863
901670
194668
246253
718121
820865
695100
994217
794555
105256
590713
159533
444181
891156
568535
534076
981594
51230
858174
633509
774061
25745
102800
609966
890722
141531
456335
198414
16644
245373
784492
44013
176011
752876
493455
294683
287441
679371
27653
374661
619349
848006
398270
697224
922463
551269
259944
606896
319661
926123
221972
436814
331969
502433
751980
989641
92649
57373
39938
153822
92657
217176
766290
406147
201779
454040
604815
820818
606962
27030
329959
743528
552691
719653
888783
349776
332897
285312
505136
622050
26540
405375
690761
743567
824519
689745
864486
687955
343948
771676
771374
423644
76014
135687
230425
323818
460109
358535
996842
82159
198087
294898
997935
327421
568579
639721
658243
460169
343478
478653
149773
684165
691782
341567
377315
259500
268417
831011
235553
322852
441427
504991
823949
564044
265612
154876
426559
518658
396970
975809
659114
321039
729986
198172
714137
152801
789283
418792
765941
776037
14784
377833
865864
7067
385105
450894
775417
675640
535379
313464
855048
861494
578515
45348
597742
836759
108989
295579
673429
52368
591056
782262
614632
306207
504140
57335
722748
884139
64488
319715
598240
176487
878805
324117
317346
332727
943822
157170
331688
751639
28430
284436
320860
289268
297281
328243
220520
788923
167689
430571
186803
588631
23176
539248
907751
148128
845720
476145
440801
682177
751183
713434
590624
341447
492955
957313
479174
125053
952867
965554
814731
593336
333277
602560
230873
288966
175629
704058
673698
45022
326047
700953
187550
267982
925908
917920
840608
931270
647751
361511
4641
987208
45395
399829
214356
139319
975916
863851
354887
819923
730979
251962
819990
277196
300499
282434
373496
546777
275617
278436
349410
29349
447322
194440
13411
964017
349004
436069
188843
947366
49982
43441
188559
399465
589458
676351
795285
447855
596534
316134
334900
957640
886498
688454
732085
442897
745552
222233
659587
725688
756105
810542
40502
49222
392349
944690
345491
992131
602027
973536
599763
462387
622239
828468
143608
713620
4098
875455
804649
934021
163656
350025
756707
91858
445282
899147
185188
739823
583773
635644
612372
640521
884363
387827
595842
164640
951163
23123
150877
422445
762140
724288
546785
414908
422634
322969
438906
130475
300612
948243
43645
14059
709397
343383
486762
579747
884210
454596
237749
513415
793181
480359
440270
108627
87849
322091
278264
754332
641455
275792
840785
710130
206316
936049
865154
279287
294798
204903
548325
478016
507388
91011
163622
746859
359432
823957
424859
1527
39472
412767
347446
445228
269395
418785
266471
67783
955951
413970
458581
66473
329745
804267
564397
121443
383700
362307
527344
549597
578633
595136
231766
459739
610494
423554
827266
788104
183993
14890
814903
798582
502658
926747
675288
870047
16529
657655
457084
939443
536962
641204
49812
463421
442192
274850
336386
915610
862992
182791
8289
230473
339595
169658
435064
767253
948980
196926
931271
470584
256531
38524
291942
599632
469239
668269
5111
630994
976053
477602
260658
826982
686752
633683
537549
744228
791133
127685
135361
627291
120205
672132
769999
103728
205341
744750
250986
547256
786856
227903
154771
873050
817681
14892
784374
608722
450165
573212
973644
373739
997169
989296
881917
577133
677837
961224
85419
1226
115493
751332
543480
212049
810218
464594
762163
946225
629053
110403
998104
147745
555717
145284
261875
165875
355299
658623
814879
222214
735181
817890
716848
262470
29793
999755
638920
582578
483341
377140
879648
511261
141610
179470
869599
91939
659958
529225
483594
80726
838454
613629
410354
644155
942531
965063
182361
741742
114262
403100
931893
423721
441254
52298
454032
91155
245192
487459
572296
189027
342005
119380
980542
890275
148774
128489
938545
358240
901610
357555
727054
146432
561983
375755
363488
261445
332095
267286
724802
467626
125804
959919
708773
654797
922001
511479
55928
283859
92496
495056
572727
122794
955077
600088
542198
188679
758862
987051
934803
1051
102453
881626
249589
621436
906165
702468
788523
454404
98904
931810
249178
340160
169085
531011
865613
626416
555864
818395
291633
805222
816508
766368
235625
131891
77636
154476
285527
555597
168677
371774
656132
358842
447023
336952
679286
215032
642269
219
938966
431600
112493
453045
878484
939849
454879
64193
356404
745040
100930
510992
812913
277698
115346
231105
301289
560593
269021
518074
634033
665066
194218
619731
972265
872587
704312
666131
843504
438904
712164
805169
301145
467269
663974
838706
869251
254777
932425
799129
21561
115844
900702
402030
293778
408316
77334
536624
635696
540062
326705
201060
39833
995071
779471
818045
50634
881183
738091
399426
29396
752402
276081
214977
952099
807254
896752
238245
190057
359454
5564
823118
898944
455810
193126
909448
192513
7034
969431
566383
705803
211815
765274
498413
390377
686871
129470
167406
505850
339462
210226
788175
319264
573402
128406
510325
747348
447094
918226
776325
701755
153894
630643
801908
943796
996660
351968
786231
551041
425740
587582
371727
655910
70920
229989
595931
311619
754526
390876
125926
409117
835330
445472
10666
237833
290036
224455
675493
588382
809118
531861
745857
661591
12836
377852
690462
814289
163173
986987
649015
699985
887134
963595
14427
363170
395307
390786
865532
318319
865127
411285
712816
951934
697140
12199
263556
376082
468674
245347
745918
204438
729887
893680
496861
835732
896449
820103
364529
640507
943815
101807
998340
840547
987156
548600
78862
532644
880818
407741
831649
842079
683576
541840
716291
323301
114790
361954
153700
213717
247615
422731
920392
922573
853312
125424
132248
246756
42384
31867
797290
35065
945707
248180
36329
858898
456782
428680
133149
731945
169057
635713
104727
455193
752029
624262
539150
464198
793188
180350
381600
887682
267945
201496
909697
489059
596378
660457
770156
908129
950946
861663
706935
379205
572112
723527
86215
580823
961118
525535
836839
25308
621062
680115
88921
559420
499645
631158
535673
159584
165233
751651
413281
353714
521142
952106
178955
732483
960476
266928
233073
327518
35448
5387
349516
972886
985624
568020
164344
836949
499363
269493
724794
37611
515488
247488
289759
607563
275729
117398
701370
549703
695864
112653
504585
673097
97893
218411
738848
672329
449199
47976
768508
830034
821020
634111
645474
768371
30800
560360
680495
26810
50071
288367
387333
65188
75147
947901
899399
534920
922
538867
159207
592368
413382
199609
475022
78462
725699
446053
415145
884275
653367
957208
203300
489257
95589
79098
152890
685310
63387
867720
465181
45865
14583
553879
7689
140960
494734
204731
413212
333411
984409
703109
658163
617460
940793
243484
468054
827095
352341
491213
976583
252101
23256
871374
778180
855535
236779
955438
168555
274555
890411
188321
267083
986122
334672
854488
785808
697077
220113
636957
95346
167184
790619
473117
324141
989015
349841
127365
699928
139457
930118
904092
576116
224764
825195
516503
953907
12264
235285
719835
409711
23987
640270
337510
47151
583297
798034
561405
322675
308472
892106
942674
939507
119674
742534
314395
570240
612211
444056
255264
534994
604896
346146
586597
776963
406599
841867
228682
767375
477019
634681
160032
990332
398796
265843
628356
580368
237303
135707
837464
795468
905451
497664
960447
468466
527296
209197
933807
681378
243082
453353
407495
955194
412302
371669
79724
666758
565130
326868
84393
699893
258809
811554
609543
843224
407458
366742
688796
909851
545107
867183
72610
170962
945314
52588
864575
846896
165194
162098
523652
237685
897026
295255
789612
421027
473254
930059
584480
261470
961438
444838
544854
839559
514407
529448
393210
983055
842492
355831
141870
850468
105714
529336
29162
507657
48141
567869
487950
532271
887927
51173
457529
816020
494546
565324
885872
55105
259908
608873
390280
797133
717318
780391
810703
797955
276536
556453
839518
318160
519737
388000
378352
387977
250887
728014
265835
846118
101658
249958
120104
624343
789841
877124
688559
59488
565331
6587
401570
729037
360080
326164
354055
428639
765358
969504
406383
495504
455058
660841
330894
983624
86584
687077
199503
443721
955942
119023
385745
949379
708439
146254
203085
148254
731222
607341
697294
75076
910123
229405
718816
832414
570344
267298
729510
289686
775343
525495
160323
679911
881647
805103
889707
463188
399693
296186
193030
487014
527882
874095
615697
557754
545412
506892
181207
705698
190705
11604
196469
810328
224522
749493
255670
915245
955002
59366
333743
818359
882824
398382
159653
290675
637954
434719
683219
663893
763992
506236
620043
679321
692721
94194
910189
386801
34695
104754
32388
730212
910280
910447
951826
453013
36241
49190
966901
961043
233553
355225
819848
151548
466705
502912
711914
312419
771536
445519
773346
770012
408712
591295
935665
324305
930344
651431
118590
687934
381593
835173
628885
485469
210373
885801
665378
978979
152581
342707
627543
194900
506179
823437
726515
941400
740514
777987
280782
840551
72133
932709
123327
653813
760523
110149
68717
952123
841833
582113
662631
656563
111329
361429
871772
765612
356054
201011
662309
967675
551998
449114
457707
582867
727033
236006
312795
889470
543218
626111
217696
795026
719521
524207
165045
790175
545290
268981
520395
378613
620415
594456
184564
285026
797293
849334
609746
188625
47047
87026
1642
561055
399654
66881
789215
141443
263831
896296
241404
778894
118669
76981
77647
326679
722755
102049
340294
411542
787221
273256
813715
793678
113843
647464
109209
688513
199052
974547
242850
98006
428246
222133
807845
306429
393957
637233
437552
909942
589627
513508
396637
620050
590888
420246
810036
998462
238631
457681
729565
170403
394630
788027
615673
93393
846216
950207
708658
620121
706050
931413
660047
495130
580576
958119
62800
662017
439258
587230
452406
375510
589592
542125
740317
680082
815909
90283
553965
571389
115250
68060
598145
321902
388079
194483
930135
389701
362446
956029
194226
571087
926390
779499
69475
859337
375953
828266
588139
4446
19403
840571
758651
185448
365252
944975
621481
49930
931258
284171
490240
957123
446756
280264
707346
544500
335029
550357
514666
37702
255558
223802
408573
69409
368962
64176
241811
214996
236681
566330
351258
932703
341690
286482
929540
473701
142007
188241
79577
273694
487859
250229
150224
141324
266883
478656
798449
180081
921653
669558
923297
616816
259764
999190
406158
4749
237538
898508
233890
950930
605441
375648
751986
272828
421741
311660
96456
696281
2292
767887
11793
446161
641522
480464
486853
207857
845960
149367
524620
558870
131059
624985
366481
56532
655949
951211
787251
770545
207263
550448
673396
471682
73796
17214
481752
126418
976702
517245
465939
635086
924723
610221
258114
478251
238927
520496
12662
797111
585566
362946
27318
951045
112944
417139
801378
237167
448505
447399
486445
203966
949184
568361
94767
109242
170353
47162
732751
438577
376567
668619
183523
700685
478398
196835
899027
107526
387435
643748
421429
614902
8882
332084
473694
540672
487090
436898
544840
686440
56125
476709
461084
779635
632525
17569
878582
784521
709759
109461
448300
443940
734835
622524
867514
1701
27602
781028
449935
32701
105054
783878
717616
578078
96335
518868
113573
895230
646695
88620
610488
878016
255601
839844
739387
589672
600987
573309
633041
313535
481378
730682
305669
480817
903370
922
656186
335130
599751
111503
229322
641504
508295
567698
566492
169754
567996
839833
213864
672455
645945
36237
346552
988629
426486
140261
222906
53676
454725
312077
433341
273149
804577
61989
509522
968087
874148
112482
692379
120376
27119
12169
820264
93261
772994
627171
559752
40149
850410
133703
509021
799992
461956
975017
634971
483553
386350
742419
884378
832413
99955
403490
539318
411812
591411
48609
676644
607152
753221
288419
317305
134106
171067
131371
625877
724603
385285
49391
675782
454072
346411
438911
297435
856579
302937
51391
129153
30845
834916
321726
671149
222969
806237
470714
326102
464663
77456
787352
502445
410617
440597
763301
180207
805083
290140
768059
732560
574190
371082
813210
86431
943195
561342
600697
430497
788242
669433
5133
526247
511255
739650
23122
790619
504732
944341
386751
814471
459151
739733
917507
272391
917925
355056
28900
182236
733491
827612
596195
722545
275251
229947
21827
251354
511837
287717
578623
715689
63249
720981
772907
232027
614460
776379
106278
300705
800684
147649
571813
563902
898685
652058
345238
33586
186534
367090
708777
489631
323124
298534
231001
546699
169281
142505
137852
193623
436625
376637
69955
184422
985138
468377
827255
538287
585553
296728
814297
388276
653360
218746
788486
207576
566761
160748
580544
112428
939881
933042
906870
639049
175841
380322
789744
955137
391216
858750
298413
283998
109914
669166
439438
624622
98746
402684
209859
456749
457341
336028
16825
330037
823002
509796
563961
238185
128777
440670
299540
434629
762742
273136
242172
163126
58539
697114
45195
81582
426520
840825
171698
881477
990103
264037
24923
581450
8508
773454
241765
7041
255052
466011
204923
139385
458751
714740
252935
299068
396717
11192
963132
94015
94060
381506
652227
196827
595704
153288
93201
832508
682138
349553
835589
443619
506123
405013
779202
370608
586970
855659
237993
907304
637856
816639
201917
690851
545911
222831
99014
791053
473134
168895
551205
444329
931154
690106
363738
836357
758118
33582
762714
868489
590667
450554
208909
255629
608067
370540
172535
317056
295708
677189
706693
17217
459960
120972
79836
229921
552689
35927
430509
512604
297263
442373
604975
42776
54044
394811
598799
957603
628454
225085
560843
661803
917202
359527
920115
696732
148976
694359
755242
253227
269730
432198
120491
164694
6007
742904
751860
946829
544465
75002
56189
882786
423800
484592
47356
320589
978785
168639
798803
840144
940993
252025
845558
454235
803071
551134
784592
315490
823165
59697
325231
807373
615234
29795
847155
328522
503711
275737
358195
510001
221133
587823
831213
190619
784187
821978
727323
376641
596635
263664
568506
758743
290458
63611
198062
803192
960742
350688
537739
692578
869797
744283
931615
306223
216642
940957
534175
114583
121448
886321
158947
340486
480447
255774
720918
177708
444244
549765
880536
778169
225504
488857
426025
12551
876082
823271
120149
558190
874255
528884
190847
665426
922459
474200
954852
543346
254189
525336
158422
151464
704080
865014
372277
714825
49723
248210
510382
395061
285695
507047
102409
76574
883182
538870
330722
662986
25269
101746
373823
321495
276585
180061
847326
761589
110312
13499
498724
846020
864581
381207
572986
259251
466445
5582
590628
465958
320742
919412
743869
953344
243528
642486
177012
415725
181736
672936
807760
881948
852675
799921
722037
892453
192779
523019
220942
495122
752145
108171
291193
120936
951488
11450
593537
819686
141489
983285
228235
659213
97235
541594
80362
218607
669174
429877
169369
672082
278311
698860
11432
94999
695184
91403
696635
224362
272231
270709
884132
749470
315447
335940
248961
267450
831175
124950
998625
31344
87063
99628
165326
909534
216119
227873
127322
85908
302175
92500
555438
240161
847843
740076
943355
492139
587831
169207
101698
254042
368719
354036
829385
208524
253578
624679
389062
702214
56932
270703
985863
340035
358954
48190
16356
356641
487005
933717
539311
192737
980366
374857
621254
828172
804193
65566
775436
808789
521935
415211
606345
610131
909260
218238
28357
898838
145846
343702
865988
443070
914952
245255
283587
703199
785232
609137
707515
673107
950298
803315
266960
836496
427545
913269
476074
191305
344466
835253
242578
527999
912928
915954
246233
919045
301763
392046
768008
21593
719970
73935
165740
918573
681697
935047
121963
445734
986913
307394
532395
315394
926688
955823
385150
15398
190148
201913
846824
298138
190140
891153
389948
927088
470766
582114
202921
459480
778704
38284
733853
773918
799575
18571
476795
208650
470739
271811
207278
212517
98154
446852
214716
543651
671232
192170
953027
288285
374273
139614
544578
621662
649284
998609
34001
730813
673976
899531
211814
272460
439077
433694
887118
54956
505868
760547
731023
110374
758480
337252
220759
555894
773153
417206
330259
718727
911448
322808
30673
910969
626725
236472
105461
853130
358834
949083
904398
582178
977920
51254
47843
403048
238227
453362
629557
255555
867086
7762
566258
579038
141098
505160
890398
192941
845719
599853
725977
434612
358195
320151
9367
804988
489601
38498
307892
309182
586124
151137
635917
819458
793961
751822
209826
879004
766404
280066
261576
840393
242427
740697
320958
389572
472554
108897
269531
417349
244504
770269
528370
577035
936943
766837
44725
245163
554759
649182
721994
277008
119230
908566
955279
19794
625566
414771
197348
437463
119361
551613
530788
18144
310769
522760
9830
728314
257599
877061
730244
888390
30938
128208
632959
559180
385383
35547
121051
755816
511091
369374
61526
657589
500025
937650
418045
961126
610784
704142
510748
198257
666597
192331
695387
902394
212760
729765
882227
345082
834930
111615
81114
882541
42670
789482
514373
183367
448960
650751
668651
212946
223976
277922
65456
473396
390028
97176
648102
879974
294877
783362
737346
235413
443112
682955
209200
58529
127476
212884
541569
349940
220644
566931
407426
849404
503546
702246
97683
713810
610800
527139
459885
737099
73572
931477
399188
475546
826182
491821
560714
681826
560849
51866
603629
897093
428316
887094
476826
706468
653375
823706
683416
358919
407197
103824
349304
470375
838592
966225
4354
400416
578770
252456
988477
570142
801725
888449
14393
443580
13865
807374
64874
373281
185549
406049
802675
324366
281257
252870
942559
537950
358943
215955
947586
660138
687749
711877
611120
905534
613644
159918
194866
16389
294973
866830
753546
366180
757096
268871
188148
886643
992205
700314
715240
759211
300313
789101
79200
804738
965233
366588
520204
508727
753724
850357
869220
723723
758991
533568
472692
747128
778639
45585
601146
642425
96968
417743
563080
784082
753887
759637
300320
906234
720872
63344
68113
658681
611322
634063
698067
43643
273414
227355
521296
267100
780900
253993
281186
16360
933496
365332
89040
267858
590864
932054
641807
178994
700946
752388
416010
914857
703435
818862
582126
932057
897224
878530
252150
924644
977290
682134
697651
831449
203164
399642
409963
819760
655140
142728
235747
974203
268031
595138
886439
697446
957229
16717
733214
499802
58267
864404
428469
415417
515795
746113
465624
575580
80630
177001
642017
968079
404948
971750
283004
694949
831287
893535
915205
215650
89741
116859
572242
545385
786071
128243
150148
967356
721047
397561
560831
982412
347154
641178
143430
198927
159685
65332
679924
70938
871674
943257
235051
933324
516855
73721
168655
708372
501297
779463
44917
397759
146398
353665
246121
307152
443692
186684
176620
521458
430352
761657
693453
13443
714679
602238
651120
56150
110784
397703
634178
842678
786194
386497
828578
666941
701861
946395
589745
592587
90958
970
503579
952650
532968
149437
374255
953795
421532
721370
274552
644914
729959
915844
343058
461228
557702
413315
292867
578360
167549
222177
58675
240672
396852
673685
377056
150047
913318
743971
658746
772286
909477
255154
861896
588885
839927
844524
637049
110581
500560
394425
334859
71383
814329
698082
895726
297919
138278
456869
343217
83573
423940
455448
949512
511644
268784
36300
790339
281222
450107
43088
718590
617797
704782
483075
562845
189312
903021
845253
972690
883172
812145
113748
377529
94320
187287
248186
477027
324637
325576
365855
849462
723268
466809
422896
384617
667492
700768
219715
871019
824517
817039
511103
704944
90116
671324
707816
912741
761732
340800
719469
419989
851250
415136
811561
843043
395178
825751
778096
405887
888035
971047
93379
287892
775809
438661
574653
741094
79929
86274
116231
696448
584628
669938
549957
914433
345453
268614
867528
211644
593650
698576
249099
440283
960042
744450
76732
886266
592740
361759
866448
875990
284900
333936
670355
121753
713560
204772
440922
199352
237338
246192
379305
671489
346052
72766
958028
520094
137413
595023
660194
482466
258715
393033
185918
533546
78721
249374
528895
349982
300184
577792
390112
242735
630880
660127
573609
122677
728363
778569
171389
135276
50031
889425
491733
5765
401761
727486
446395
105848
667169
241484
286677
317750
461400
212758
952443
581017
902801
128355
279229
488240
102503
520621
174584
94266
43280
86829
726951
9121
261843
145887
834929
481322
644291
701716
13778
682078
346292
141857
531195
433411
244719
260066
501094
892005
854104
914219
621373
87837
420156
725065
448898
696323
94528
299178
66318
260087
989534
758566
155992
815430
97991
729678
175311
197582
840759
663005
876351
883426
20092
547203
242229
794758
398551
964046
908114
652768
567929
503744
157967
235756
6417
644533
702803
216288
35721
129813
816851
1007
949817
820084
170914
626483
854965
793859
750624
243358
378580
959056
696137
542378
671007
426527
370133
760216
195281
222646
424056
321993
408215
945372
478730
223733
36093
759464
786738
292049
526335
862148
507007
149643
382442
516912
835648
633988
773551
336661
698263
170577
108685
245260
363743
958011
581702
943221
426290
965795
374092
845277
259113
387378
761262
18535
216775
706395
27102
59515
185526
656452
694574
260527
567307
371309
147792
544615
704353
684318
156715
508864
59954
736237
792831
951951
833850
457673
261641
302817
255244
927265
197065
74503
849949
49826
724895
69078
318822
344181
108980
695131
729611
860469
196720
534707
397696
385460
329755
930944
542057
573241
156085
159394
619515
183104
792772
220680
867442
934629
575458
463624
441491
868721
552553
759718
803735
500904
950547
380033
889446
394622
498678
930677
466357
177445
360379
999953
352849
681234
172398
962440
165082
955190
496647
389342
743031
471886
138913
733620
392995
280841
535821
974543
14962
99508
459573
450769
436364
479446
858257
814011
838814
389196
487293
433926
259840
70696
617153
822311
20679
218951
720227
229984
694765
139888
549654
723373
11079
964038
322885
931864
182669
999485
968120
553661
568329
439266
278260
326942
551775
402936
809300
588098
551529
929388
377849
37460
598770
265734
945719
274925
155196
385893
261182
454251
206175
971037
101823
1694
634478
493511
948618
629616
846440
741438
810365
974123
259872
441003
181047
277415
508521
564366
822470
98495
574670
673247
179420
999971
984825
63261
578433
853065
512167
555519
508766
142738
121081
588169
422560
962220
652258
622064
341836
634259
746904
779892
31897
285381
98560
406220
618000
118525
892815
896208
632067
274361
437962
58036
859155
432254
916284
655329
917102
702857
316888
981439
751178
104673
958386
709162
695918
636936
287197
261105
43088
707831
553875
389448
484502
757009
88997
488715
459097
154218
113129
266060
356382
319911
974753
405595
650367
899287
901493
424996
869781
307775
700905
517468
271896
188265
261681
547059
792732
427709
961583
565833
59699
905607
120962
904007
218064
71329
817239
293519
234143
530927
488538
30345
768060
911831
645933
162025
955015
439852
26175
347351
441755
915728
349828
486512
435826
533136
585773
560905
492854
714528
449836
94057
3549
931328
592379
904562
452823
206234
471347
141613
124110
66777
283037
896502
187711
900240
123242
541606
139849
808305
500679
347690
267200
183229
603722
104277
329559
551526
687741
961621
342405
403681
765238
861827
965904
377662
999444
904859
174815
396774
307150
972041
395393
849487
277076
252028
886084
299436
225528
328848
8136
129902
846948
218475
38521
660316
157645
809526
712260
236297
358020
146506
559220
791048
816394
21733
656608
273644
348883
895497
546224
991240
735253
656713
864255
415572
340723
285348
884131
393074
208579
169097
328290
954640
439772
489499
662219
153908
589190
305411
289291
785520
71231
76011
590243
241914
371498
692810
310193
458018
959802
855182
706622
431250
954189
490933
614228
317657
723414
413533
354078
807859
868508
674652
353798
888054
220971
47984
868284
505108
900339
724500
169526
94267
746760
979856
971905
936114
986697
621378
992381
841956
864910
458644
733625
864689
23103
505807
975753
548958
204541
646123
625638
445634
590789
12822
327450
794098
180516
345822
595238
950248
8508
585514
643815
173511
210948
412539
434274
859720
895453
830409
124083
160145
843059
391192
209944
639260
656701
897689
714176
116477
114604
75295
10500
71985
128593
169592
360305
684005
473641
680863
786982
722602
350515
854282
144987
820670
272738
952490
555704
102789
136410
337117
560722
186539
48311
796072
278872
126199
419877
661928
597239
540263
632260
13396
983503
83823
128166
954691
286973
774247
104079
108527
741234
352654
142144
331475
41583
867078
465209
712908
369739
135572
992938
715073
456229
395214
651095
54149
249723
621378
58858
391564
671488
248584
65715
176206
610479
141286
773006
91202
435395
657208
324901
523062
534460
987558
435215
184771
766098
361265
693086
580000
607934
690701
473521
485831
583825
907875
906356
263381
292479
694677
875892
48521
246752
29724
328702
434601
721706
456556
561529
21783
346680
835898
743491
407679
704822
323706
288507
998442
980541
254154
857014
49637
156376
508112
1881
213409
787522
934467
840239
354158
700440
651280
278067
102193
3831
77139
754993
457059
152300
317829
935183
155339
21347
266600
93793
138138
211818
76057
6593
877754
904172
285108
873256
31255
392400
733074
857500
208664
517524
893066
730084
481271
752565
585052
898966
949020
254694
261202
580654
375747
536387
571538
820427
630241
907108
313472
17522
665464
641608
888590
682179
845630
787373
10815
678483
563559
706692
726554
329533
559963
309595
523258
61992
399471
454161
824231
424675
643254
798585
503334
212857
125811
877848
203592
649004
133141
230365
645941
861368
920152
846260
228489
285777
13397
896013
458679
643435
366629
860767
45479
437657
684621
747244
801989
985152
175570
528740
382108
148246
596917
208452
513960
112768
609276
42744
720070
237104
948470
665022
889862
698347
794619
117370
988297
131199
506466
171979
500559
403628
177955
573724
360626
354686
425865
273644
529969
707219
472422
634005
734601
533673
339173
76855
149347
485255
774470
233127
521272
849647
496646
172027
958342
544795
54195
561471
48102
207623
469120
695964
33414
599742
74890
942341
602194
589182
90057
527350
480749
247053
274106
10388
497645
397617
877988
13230
637377
365485
938506
807206
936199
383054
499129
4681
134494
610491
844318
371251
693830
72130
838488
246061
659317
814690
397128
63025
387489
419244
893696
794054
119782
662580
195766
640501
634232
869130
523580
210376
778663
230857
301929
736096
218349
370644
427926
518136
554939
535094
946242
571301
833584
926923
46256
878421
270788
531080
426166
161727
724785
63745
228835
657577
155134
202157
706906
253198
304391
342896
802413
443595
940910
275776
976299
592760
734512
313621
908289
936831
455460
638225
557839
207411
184522
685526
221415
349411
540375
455508
901603
602215
676049
876951
30842
625919
570729
907289
835654
77083
59798
29156
66758
651943
46112
497896
855867
600791
559069
577444
214810
76345
828240
160414
360545
486193
569403
549656
653190
799318
356380
568600
279297
250069
311418
686647
275715
790277
329417
537034
293527
318383
728892
497404
222382
764752
95341
892181
448789
399623
162146
663528
76925
658414
507206
606441
352793
501024
564927
895274
190934
145090
695568
467023
842118
977855
36262
371325
399573
307158
110011
911177
82976
305531
726401
595160
746175
934683
705130
261982
750468
914786
276086
930921
874906
168033
484352
265641
108333
118274
328693
187110
937612
527408
906055
962583
419791
793620
281214
106507
514075
741558
260619
349973
917923
699847
859944
577975
877977
369923
831683
289336
417216
832145
265347
510907
222879
47230
9627
290431
535351
775190
937289
833994
476807
368100
851238
328623
664282
47765
678469
245037
527196
215705
799816
696794
869639
33909
441426
111534
499913
531242
188019
822473
674044
473039
879920
916879
477854
230867
196985
685502
640814
508020
456447
200324
356071
162596
528902
114408
88941
453113
246716
544713
651579
620078
318441
418451
899331
7521
547526
311673
838041
728593
499293
592244
525093
921111
816311
819391
826831
438736
765913
862491
716438
221960
587884
643067
695458
262660
277002
805427
503227
860305
736589
15868
500878
230034
905057
371846
67078
807763
532795
228853
9140
173399
333740
811226
526878
445386
503469
473865
107006
998398
787298
934907
385786
565318
928657
236094
919793
689868
395600
544458
735873
392862
536193
904521
655135
303907
795631
387459
897077
222173
112773
34610
496261
65247
919146
87623
951324
89214
636860
518018
208135
369951
407064
569193
845280
356346
967375
318018
810421
453644
752088
445650
431212
476415
471610
426803
743377
402506
2343
205876
726807
263853
737246
811255
125554
137259
481464
357186
294854
37669
395952
224868
905703
300340
447718
318112
601085
242381
978779
177536
209888
887416
224381
859625
519509
85533
440251
197560
500831
657727
989859
701220
962342
566510
446593
434527
195723
23788
779611
319787
232698
960754
445596
779279
561405
429168
760491
570595
462663
652566
621320
611433
978094
923170
553759
952800
414864
311748
614285
816579
92458
420491
184465
865282
419283
195154
993925
555921
937858
819273
419977
792748
440927
628577
111599
207730
643307
608955
119957
882323
748168
289825
383958
818304
60852
988734
220947
89969
107991
369471
149633
125014
518945
363217
646082
133716
88616
225849
136100
63375
376678
812885
688462
493849
774448
172262
350052
479846
920838
822975
507249
1492
581261
698593
243557
716879
870669
870690
14275
84133
641734
140997
215199
835823
938725
112822
39
610244
674042
388710
779731
284603
96544
360289
363060
172480
808563
267698
750433
374952
310823
150111
854492
492721
521241
29862
751668
27864
340250
106740
289282
26534
352446
240816
149763
308740
471801
5196
289211
676060
601450
650056
805305
604695
185472
830709
41439
161754
981143
706268
197731
127231
590446
238400
828706
746714
20684
522721
87662
752264
874125
184131
431181
622645
971230
778056
39443
723744
264693
197594
965649
691858
799913
882254
276720
157401
397256
963661
575447
666519
901717
986637
774091
671548
134983
816846
149882
41163
345
865123
58463
892687
406510
181422
750937
754019
957611
498532
625415
434047
196501
525074
909865
592812
734835
189318
977901
630000
460710
74780
638859
80456
450714
493569
604183
590363
336693
282331
399696
100113
164890
53082
833883
465854
151674
847077
169836
34449
900465
477946
446689
875076
577356
948641
327557
288455
815042
964046
409900
515647
566867
295037
143597
681550
541299
953875
375210
61310
566754
147649
389553
707570
996909
773344
854614
445403
380394
623406
52255
672199
645159
54825
946479
197676
598329
836271
122607
587815
540166
988197
420469
850345
698779
172177
977787
165889
858982
242588
820133
589093
714168
503273
741655
954565
760535
463352
218484
149802
726080
782604
979177
914520
442746
736858
810532
648662
241235
808906
53005
939286
5879
167295
73949
307304
234800
194522
589824
921905
239071
301509
121460
391934
989234
447280
478801
535656
924346
520548
134929
210869
347767
59380
568776
110872
570694
976918
969600
990374
180970
40129
44616
255818
641215
506821
987619
557063
330784
339963
134314
398205
102524
826543
443820
728716
736699
515323
541324
207011
496744
614660
626665
663484
67016
762028
477750
911119
434705
725198
364896
88031
596972
616948
916909
739662
890593
461948
256319
203556
171816
855840
254362
799315
960579
746483
64425
542750
537241
287475
824077
238044
831633
384275
717658
890899
534662
868370
371389
529268
765767
875725
270264
571498
389623
868149
960109
659128
974018
846224
704817
939922
833902
869093
324359
182687
828578
661734
886015
626347
352634
506348
324676
842752
815863
551106
622873
698018
581218
718081
676736
463
366598
27348
271236
122704
122457
783471
875910
795877
798281
251371
30477
8511
254626
492464
245168
344367
784998
13167
209846
144065
338829
250588
553614
293401
635138
270225
810171
831141
467973
115511
729961
412886
620448
675221
149811
410293
837201
580893
115707
870656
814779
807656
113056
299576
291494
115956
81154
733413
947674
242325
299210
280881
840310
803116
831389
683171
434400
909144
376152
68108
330787
760121
238879
241689
366453
294255
119299
554046
164429
332572
86302
827169
15670
600333
845779
461379
779408
613212
954876
481500
503137
891023
359979
202113
395193
478533
783336
626089
668448
786888
79020
609791
550077
294234
837871
847123
139965
296546
808
961603
307312
988675
682278
580718
917906
84164
703486
372128
409133
182637
273798
290679
785116
252978
384351
427491
347319
864028
32195
216837
305736
577529
935883
898183
721697
341287
509013
468341
242487
637465
810460
916292
509003
657096
266572
312028
79349
536372
930228
466038
988779
955697
661167
34296
619731
712355
906459
749972
461808
566455
62143
171491
722446
42545
621254
264936
212865
538533
574666
710688
941262
898909
263292
687815
355518
669773
731473
692658
165324
643501
723839
140810
70323
399333
227119
195669
375054
738875
83721
271477
294846
269985
35797
562853
814213
826747
542069
63065
960132
351415
105719
157556
812322
228630
649944
289114
856664
170035
117707
15967
871346
331781
323245
883516
225278
353749
341407
257987
956060
23055
427503
472001
6944
523254
419981
89980
24973
455001
252112
232029
588655
444968
769362
349637
685398
224099
582283
385582
524868
153067
791614
259553
771564
351568
123913
503160
587176
980217
349743
200697
793780
747510
390572
363859
43579
510561
964569
788656
409670
595499
965501
959601
119533
406669
37533
418153
234548
388423
569729
309641
960231
198852
478085
76998
378518
466389
182553
49891
974331
796038
990728
981496
244922
19131
646072
765522
706703
76273
17906
749840
512252
100951
496583
60483
691628
122809
466233
394011
74763
976454
937324
68444
984514
205733
73361
992470
865298
534046
910341
263235
810598
137072
335917
526547
771942
976205
430519
287238
942749
654544
809999
134912
113034
365385
951814
368839
440784
242199
580729
745201
249275
759104
980069
903616
382357
327809
96815
428463
602997
883553
737576
815137
134309
21569
513818
389136
484354
916401
464931
290248
57717
26374
667496
203226
320815
659924
454067
523099
955526
219345
442847
970453
126893
637626
532060
986900
667471
516469
741162
901198
413640
237747
998738
877201
300349
681239
951080
747331
998292
286606
346741
40972
516820
219605
104425
540224
697864
761278
175222
975186
343261
549794
230082
337130
906794
348475
978659
978478
648550
625282
473796
75481
760175
536685
118414
406585
136262
831334
912702
312343
974102
442547
328116
35339
649873
241623
73979
450766
493181
461101
475382
411391
731472
933900
893086
649826
498503
728881
471826
830546
309535
49016
16058
619975
804112
39436
9224
260041
364963
588414
487663
600833
400742
140166
41546
413852
902035
627326
923351
794791
883261
764746
738126
300192
723321
500649
880475
99084
473369
912199
323841
885616
951529
164372
699854
499721
174125
306011
458020
966409
119409
991720
221812
57867
428945
789450
334083
904141
223175
438746
174511
112473
15499
90965
224298
694544
957525
732070
979521
255323
33691
645118
440048
96403
236585
412565
358582
193040
690755
706387
152279
757653
422774
852561
50118
509376
170369
102667
597682
810380
879348
386622
960485
624012
545759
626703
854319
582316
401388
644859
556909
952081
112593
652317
193017
292068
883363
510803
831443
531956
864059
895812
193793
915504
460995
612796
168628
757460
915552
218239
679762
875209
435044
259620
50951
920419
299295
714120
103522
839756
266297
641981
320817
213650
328998
454588
649606
677600
675366
406603
785897
794834
370429
372875
403976
391250
866680
443250
828154
641121
839034
668133
259519
454813
252833
611599
51710
906662
10561
261824
510913
785403
210733
356538
121659
724973
373635
284274
983253
13118
301694
306471
857915
888731
659526
607550
231131
832211
537016
933806
252212
147647
348036
802314
585979
47783
117782
388253
85632
40916
32566
400409
365630
622960
73245
202535
960264
709605
580464
803882
555578
333628
365548
566531
424364
198975
532778
645496
84997
253688
417103
260292
874083
579060
933945
163565
818797
464651
779062
634845
127062
213649
818261
918922
9031
333628
768461
942448
898277
787996
204475
176118
242016
936175
678359
942274
305008
492214
928484
41053
23119
484774
424028
821609
438417
324553
627627
723865
52458
978040
291656
662741
217568
662449
641476
958707
376684
413057
761955
559649
458091
801995
406138
925653
446347
139522
701969
269789
929930
449256
234722
516391
349422
949182
886395
178231
109918
692657
501389
161809
451367
167865
201549
796248
338677
906761
582581
116477
953057
435907
576588
282675
944169
462131
199097
79949
605536
673545
318344
228937
853384
982644
239846
635105
281846
912427
980077
249479
434784
802272
853306
669320
779412
888457
218242
740558
551063
970370
104419
420494
696210
881490
895836
44830
241717
998855
971018
141251
139571
166101
526594
641227
331229
43719
813511
340550
479493
536440
845664
958676
438373
181897
422339
180460
886463
332155
448396
114601
847827
682347
314648
491788
766193
273898
47357
628090
585472
336891
511610
46082
337153
935511
404418
74828
327299
492948
551463
54590
753809
406126
744499
108151
533663
569010
697196
87138
185276
769531
826995
82083
923370
743062
105954
242641
968183
418852
17263
592029
672273
745087
234111
470238
289111
628029
871306
818498
549335
585428
929402
594314
934087
35216
971023
806822
927563
318691
713124
706663
896075
651167
818069
198374
26819
114362
220944
891226
862390
466175
422662
976016
419453
14407
566219
221171
462686
469712
117379
938425
851020
778314
917593
515422
732431
375486
37328
411712
808375
818962
555338
207167
983128
839400
315032
855112
886755
720860
270516
130823
543150
339244
760746
961151
917134
617669
78620
452625
354435
744019
109450
196577
580112
224150
166610
988004
267959
654954
681668
833032
446698
926056
89655
629177
586833
947025
946612
482266
484725
2503
70375
801825
259635
178911
556221
958525
79303
620449
267298
968921
456690
141174
563466
902708
475145
748249
222013
305025
143677
801724
68973
550436
148212
823316
798845
26731
945455
204307
894948
469021
152885
623789
632407
594464
633707
567142
996156
183253
493105
558415
698175
29875
652112
250141
28566
470091
52302
626122
260577
303479
867621
669444
53938
448299
551526
643060
166147
496670
115583
853252
735063
936159
563380
137740
767930
323351
480432
27428
98569
357191
413437
976787
255268
955071
96995
475005
338921
926571
2773
972308
754713
214811
207413
31267
941865
250387
810998
349632
798283
558110
900959
11941
20785
865132
443165
472375
207690
520420
546959
124808
648899
299205
307351
136053
815898
300804
962434
232024
700906
326608
574493
492345
113276
284861
432117
115610
970554
988346
24065
929005
131647
875169
588427
389121
22263
177370
28877
476652
883715
416548
510045
50607
886414
641797
424552
956504
484003
550894
225928
720510
835011
977888
965967
61286
320891
728765
104479
553201
543144
960889
963846
641331
838157
630474
178261
380438
292185
354825
892298
931024
526547
856322
517663
680241
903010
278480
944625
833212
10552
340027
974447
982533
523490
136776
895388
645320
414930
342928
988954
410028
497356
142110
834708
680642
474484
323330
844577
173281
969918
596746
108190
274020
758758
76557
600858
659091
784232
22323
63733
960026
366456
106739
138816
631805
606606
540965
580579
440006
492832
654605
899574
413629
68833
39770
351282
67705
449382
619161
561728
212689
447213
588757
272854
438040
838812
39396
427352
191881
122003
544828
543979
682509
841399
143070
680058
875819
377307
226689
595202
735611
20233
258721
584644
339230
496191
534593
287216
251206
70367
132278
494252
992175
411205
138909
778416
600610
124976
30904
799621
685000
56727
306840
665747
596669
424912
930344
920602
872693
984136
139102
969226
767322
749621
528672
651164
99214
785177
505173
98447
726348
407731
569787
110678
904232
942472
991251
295090
53889
16703
462088
43455
877150
857830
915530
55309
234531
349654
893336
740173
44733
577200
855133
582111
945254
241881
669866
220782
110597
813110
982248
407075
970309
257326
859576
786078
561077
405708
720700
948682
537941
159691
576196
443020
457406
48619
744024
57832
646101
449131
756539
960160
129302
361066
803894
560157
857703
780684
826046
350112
34337
772376
741909
750283
888323
611541
362972
856990
707122
160897
9123
391764
640455
634146
104480
291653
655918
47770
905300
496557
136073
35697
363726
813913
432939
728972
560569
124672
921283
371482
931943
370329
88017
970480
259897
348262
550676
876803
400007
267332
589544
597531
285614
848740
347672
49404
522433
103992
473924
768319
277607
983615
343133
82269
420234
124024
250129
461324
524205
760805
874437
411920
794287
110065
799065
130918
140952
492532
836464
432081
915102
218434
342081
414930
151175
65400
773523
635482
609644
913661
566260
367854
97743
289447
588766
531479
651513
63900
875003
206385
504227
459668
128312
672437
658475
914986
993045
561897
807308
577073
577327
345462
898741
201368
447432
88172
295449
828826
267175
944042
221777
464526
938667
3318
465452
794905
298106
736057
847159
262442
794020
290325
572445
494566
824081
372729
310556
551823
772909
4675
438665
263549
682037
166033
881527
67567
524821
855601
856742
700995
876470
210668
969979
618460
349307
997797
30027
625287
339636
729565
508681
400192
382185
408394
557826
894899
243125
965088
314329
236278
960441
419058
745236
921348
742109
880965
933029
506067
776535
653656
490871
652771
107181
652202
654194
248980
458283
177535
92455
683042
581292
218063
114060
721608
461019
757644
154690
655960
788219
367750
628303
385303
97962
272793
117066
558833
219780
371927
929397
596744
48658
173746
797694
291316
915258
157989
464510
362897
633951
216028
270200
614547
109067
92759
822378
52520
208856
910981
944260
174176
60031
362405
755203
74016
681650
577581
320569
717652
98090
479126
931366
943281
515779
886327
494801
388273
461255
36032
102240
995301
165360
981391
979576
769656
392151
540178
258399
593450
322141
731222
361989
186419
518102
222664
40839
12351
855161
277832
721130
994249
954585
710886
956510
497215
217933
140075
467934
83435
258688
158254
372269
761048
64190
685886
8010
260662
763291
868800
203200
395933
860910
52661
341382
940205
494243
889622
446226
218134
719188
131183
233070
763612
444036
419744
261321
333987
374072
259344
815138
19307
155742
160824
642856
195382
447895
827211
744702
649853
413435
224811
568891
603108
920469
885932
215535
431039
844456
553750
710419
836181
110336
189272
676277
542667
596534
239464
397677
8887
216545
963940
304601
90314
528260
911542
415417
963011
129019
585969
483993
285515
646846
558799
81527
885126
638697
470942
104221
40043
158832
586895
159640
312942
692810
770055
211468
249091
867851
722623
724286
958780
129298
486662
822157
68514
783832
660365
298413
552330
505991
771068
337476
123472
25035
938850
845026
484482
998042
102398
8337
167181
89621
962495
80461
606157
321118
635567
802270
640359
112905
294891
914625
630269
203607
206639
951406
190285
735988
177887
733929
237083
878025
596644
784942
892579
243068
394957
797419
107760
226634
486845
537322
555531
880020
224426
652061
318275
418853
61279
952184
965319
71113
187251
268951
720060
601442
299166
565589
836084
921598
275536
357838
89102
570363
962350
947945
476402
300390
790782
511648
490356
266712
551445
208417
351307
173057
341517
880248
616859
510424
298201
718063
222729
238541
490882
571892
625708
350674
98292
902792
201418
6334
769154
968657
670220
725606
208041
91076
889977
474876
146527
229232
771941
998092
538691
910755
500629
438521
583946
344658
382252
44875
569894
348562
527611
780998
887117
214850
851630
557827
664676
863695
180617
863334
307394
722503
396427
533201
84768
698404
96968
274460
429264
812577
320269
812689
137260
411475
7857
650676
975362
421912
746404
743920
790136
895238
606626
288503
823872
706573
895305
932039
156251
385381
185982
8416
485183
890356
465393
511208
584574
428634
839234
224595
328203
319255
740725
110524
484294
935047
657776
691009
575056
802734
60550
846536
894736
907682
9867
991739
840431
586256
995073
262614
185822
255593
926358
52121
386979
921607
560639
575697
519636
64271
424807
639912
403686
840842
199028
376116
771258
413950
993686
583771
177110
747418
775187
804204
259034
72973
702631
558554
307615
723358
927306
745831
900187
421297
363167
779109
905958
414010
796300
664115
816771
571168
990715
176814
55364
382974
195841
549714
77938
137193
591221
986315
907888
613620
376956
226036
584816
157048
9744
198858
779622
562432
104304
771793
527
836469
251559
840602
915896
314629
374556
628743
801810
123931
417588
273233
268040
77518
896171
471576
384957
945645
263268
581692
522755
305497
926781
889036
507373
845515
934625
950632
535798
174285
278853
211703
8273
258186
128313
997978
366158
937192
825580
563488
767626
315646
818699
507513
2864
726480
287967
948751
654746
897568
594895
951413
217422
191393
684611
593478
371567
273545
399638
431878
871883
521472
978556
231533
169875
626159
993194
27905
294672
779010
139086
481459
395086
54156
853442
855311
759508
944249
359597
164170
116565
711582
964961
418421
25568
733965
986420
735546
570559
378294
633378
387936
941411
187471
646878
973272
767220
942387
224465
67481
964117
288343
551068
670781
216354
345298
789629
586347
530242
687327
653227
508917
908293
240601
798598
667516
932597
340925
331869
823276
710350
8111
444845
2995
775578
10333
225704
509955
701050
799143
93521
794860
842466
882049
678362
680203
326595
598868
313532
486887
95929
795164
576641
741639
306376
24570
959757
555092
532660
419900
340997
823485
262300
648588
543323
81222
879848
250950
739197
172427
75474
610949
931665
588012
854888
972277
143790
901091
481061
494019
708980
791576
485801
854514
553645
712990
554353
734487
73294
875624
41745
109381
737203
994589
443033
468186
53592
868740
14238
439523
55810
209086
453553
138252
629366
816082
417165
842942
644176
248528
575618
117173
247484
951544
702463
389085
230894
280538
587918
268279
217231
227254
724789
968893
546815
450876
588218
435535
607791
473556
41330
298267
51515
542109
45830
585566
83320
220674
839805
853747
448191
794958
716825
581903
398733
265734
18619
831010
507327
849504
516507
519472
347026
632081
484016
814400
690236
374195
372331
456936
742827
746098
341867
918603
536577
152216
497086
219309
269007
93476
211266
355966
108158
452267
105690
838785
250213
992245
7435
141096
334571
984376
59418
572599
154441
524815
402637
845489
641077
922336
451568
247326
825292
94721
807268
994559
212624
868501
188894
988957
400362
181075
692799
882043
208274
361417
735199
786568
833617
104918
504811
333049
793143
719995
491727
750885
482235
288981
750384
395565
364370
118070
105872
112341
499857
520713
716762
362108
299867
809598
692749
906838
808649
509821
658938
95860
505304
897861
8440
251558
92109
622140
850407
980575
561129
127491
778419
471468
667622
744905
801468
349866
664472
657976
319649
839192
984092
613032
244115
44972
145306
141258
701791
849334
155981
751813
42408
687301
77747
197816
133936
895887
461647
342323
103884
217212
515322
872628
563877
153233
190174
392232
588814
71550
732039
896617
675402
155455
98545
154964
656495
697202
463593
516281
918857
678175
916577
125028
348487
341579
952113
773828
801926
247997
758122
884173
491128
953751
610099
760130
540639
51516
853412
450802
951036
995001
915600
248298
931699
471015
467892
681488
644718
457262
372635
700104
995279
945098
73687
44244
575910
689247
583479
395982
885745
605819
715409
930154
619521
364424
307628
482330
426484
822608
262628
143490
773698
703156
233478
884914
999001
81952
218363
995013
945511
81729
704123
521111
682286
641356
763811
679202
294761
755383
353693
244785
915782
921919
599974
276011
94198
489270
732439
618581
182531
305279
801173
389616
531422
513544
148679
270062
216246
742504
475695
87501
522050
939329
881307
467856
362879
598942
121822
739809
109524
63016
215337
169024
872840
985621
836454
873071
679052
935882
453341
600196
888636
864745
639334
845718
453195
448571
343220
513570
521999
341912
124998
307899
585385
860516
859805
610054
432851
933464
940414
655950
16394
840345
891923
6728
588435
96518
598559
692775
786692
114214
110085
210898
77150
522420
545545
298673
666791
851893
202394
722404
738505
336783
967106
67990
164784
183897
872348
318495
40579
336811
303820
403664
124657
697254
714860
329695
91293
15962
78378
235988
376655
937546
145086
659000
143429
444030
380531
249626
747796
566349
233978
818400
273701
16976
516872
24443
649007
247771
850103
975424
134511
105532
385118
564636
774614
473306
856989
214710
553608
397300
569437
761772
949014
16480
785509
918092
651177
782883
618040
36917
682481
540712
76421
606864
378163
279954
711247
416353
835180
858098
956585
922361
787286
316419
641118
618125
419349
90019
610660
453836
250329
396796
397836
689418
728554
697599
500664
409610
238234
91799
348261
61370
826731
488917
850112
673646
939178
607686
71365
788923
884330
660300
621889
965402
510691
233373
790822
743965
315132
570800
668399
261452
575273
365734
473174
762296
151152
327329
446852
263794
515907
206609
489728
641908
786369
200302
584871
889134
250163
53923
64446
619187
249980
495916
592039
211316
875176
221076
696543
669377
660739
154822
664302
268764
346852
205053
477108
851959
670764
663755
222456
469651
504671
820670
720475
308043
521270
508052
571270
983445
764689
40665
278402
790722
77111
794964
102815
263553
441385
41898
858104
956630
756469
548772
731512
678231
477719
226338
746549
196652
899677
815001
30119
226147
688921
722541
260726
959368
871825
24691
307650
778735
573972
612426
920984
910133
34825
812730
177845
144990
833662
683284
301447
980166
898259
805913
970058
120157
99426
905524
524834
402867
347289
596912
121739
530390
483906
205784
511205
460868
761334
998388
262354
502083
350632
785906
236870
314030
532052
501254
914154
788516
893396
666430
738283
299019
262866
858528
312316
432038
154014
661041
532491
871313
71259
832404
720725
909642
832802
534627
517489
629853
147634
61273
137915
864903
823713
695348
632789
143587
268236
28463
616399
232465
280388
123067
115313
218331
139280
905097
907042
510616
910958
150821
710951
596704
349912
311340
602255
6817
945267
219643
957160
420249
768733
844070
251332
572494
552979
676651
585295
862833
564864
941846
323880
568336
932897
909292
154160
699330
326251
864169
535857
935265
695977
984729
834924
203900
665240
966949
974559
229674
104336
664342
72930
758820
992671
113306
961750
909644
68176
139034
115381
284157
201408
912970
467875
142868
133305
738435
716223
385199
954417
125019
24770
279958
943422
572173
569724
972398
942908
501167
662067
289860
639523
73509
107445
321443
69503
992993
92159
714478
801020
354741
949704
655081
775989
795016
523585
913830
853773
18093
974013
536221
97886
672164
125078
792506
844586
558320
295213
303819
412362
248622
402171
902876
536383
308614
573230
889474
755647
830419
221004
545029
662933
763348
207778
307945
571269
414044
182447
684827
707460
400818
872088
943617
575093
99706
265150
555864
129226
11966
2842
543702
316894
721283
501586
838381
214368
888536
465112
754712
54507
842595
950186
280953
627069
475416
361678
359368
6289
699882
566093
713077
407613
725086
772828
750464
843878
762214
509623
280509
999383
746411
675546
342908
88505
689641
799439
878664
68661
967893
54228
83583
24897
93137
517507
249564
827477
312602
338825
542952
235560
235878
60959
161493
135812
372894
768870
519213
150703
151667
55365
558261
582353
768781
907483
103921
437490
832646
707997
672697
814928
701852
783640
563364
981571
208548
202322
958747
977582
281339
103399
250042
88297
156295
140058
489747
169076
664214
124550
526221
944576
341961
275449
437951
688936
853777
837430
382270
678941
727973
662270
57265
482450
681540
945702
676332
320402
320635
728163
964163
606899
28252
664878
717814
222718
415667
843054
416375
117634
206708
890016
131297
12449
526177
129309
374605
160067
427268
164755
801282
683630
762914
266480
305349
712530
242734
869661
384434
640327
900021
476078
912586
690901
356407
797557
701306
258492
591681
196414
825822
460327
972400
441580
637386
514907
998437
706797
553452
737840
182501
858892
834609
98262
508882
597775
319545
72135
248144
992256
309700
889725
98202
795576
750185
280760
179588
57618
185916
44080
280975
143843
53734
765167
281151
937209
178582
539071
994506
919885
463293
102524
205693
800404
77365
882250
493226
917241
546553
837386
868656
836341
620105
740404
544487
358699
703805
906859
823767
204842
745524
543783
814762
825968
702590
939012
341210
575528
5512
600139
846641
277088
15186
306777
985970
195199
928107
661050
750594
595483
130338
612205
542909
684883
616599
375238
85268
9272
979890
394531
108703
312925
329428
304486
314941
566065
89836
225235
601516
550031
4090
886454
754992
674910
87587
930786
91651
323402
337524
496569
49008
936456
416037
385586
559887
671211
611837
505864
926158
274391
276959
178936
567387
415552
107566
551136
467304
278243
592259
526389
998666
603416
213461
667193
412698
604646
365838
602445
762995
157333
236981
258120
457723
233601
22204
962795
985970
480663
979616
299203
369799
693677
388827
308379
983698
186573
454844
897103
251923
857541
300565
948027
30601
42304
718443
934772
337279
897235
99284
948054
916661
729408
835908
686815
280778
402533
179579
970590
605593
457747
298644
808243
42474
153108
474793
542187
939178
526280
57603
982406
595210
375867
155136
893904
637592
893158
445863
76245
593267
790372
739269
217807
731688
395529
36276
141679
211371
48166
715433
406646
774038
905833
929635
456465
590690
18253
260868
525792
275314
86704
619173
508949
646256
230372
988132
694192
6648
230116
122124
852301
625103
83616
393074
222622
883162
584233
840781
844956
634990
726333
210184
344336
743407
229732
284054
695810
271602
146014
765217
874686
391932
337372
470422
574973
788352
56999
588649
150987
385031
546505
145746
69138
416541
377230
973497
790831
820869
431241
454580
731774
748538
840349
879008
432671
134134
925169
478904
114348
221382
589323
142037
156160
15978
772206
319355
702802
280453
238526
819289
450492
361741
408812
408998
194034
965193
8661
764112
260659
874931
616327
353941
946056
682705
594688
14517
738004
106383
805740
402554
215182
498246
605772
301369
709528
5266
858910
657323
806965
543186
8365
582680
239731
314190
55807
963452
81620
625968
810639
43756
192227
224169
831220
710051
408253
632937
556267
217258
169852
45497
107393
42969
354263
472062
341966
547157
559868
685396
278894
935506
853404
580884
403040
405143
47895
650718
626009
254880
132604
842734
813860
705991
173001
859818
723786
906666
532966
795324
734973
753014
985866
856593
354277
496043
92416
772836
919294
14101
517822
511398
931739
866400
121942
347465
868073
362388
417760
880444
230607
193298
285079
542667
46003
6066
934539
52188
351286
580751
857586
335330
114731
404083
596308
271474
726632
781062
418752
885029
93715
227484
376577
161724
949416
629728
774934
982761
863150
529155
903707
933832
221585
904496
358179
720412
211205
479030
479744
882565
948410
58189
69907
345504
929069
324070
707577
635158
149891
222215
964905
701492
821540
699156
297224
171853
578436
238729
394936
690413
930407
947205
772045
261983
555223
785162
487116
337875
629831
386169
471678
451947
894101
820471
224352
43781
886273
501981
686171
962730
336238
774134
961562
625233
358386
183698
386297
888432
355508
700461
77861
504567
552595
873560
732550
94593
195007
572444
347809
998420
833610
201301
59546
126782
839656
49711
227602
633811
164229
550129
227014
189208
891214
760064
103803
858022
431810
215621
514023
610879
454475
338120
722442
284838
223533
351356
337801
707020
133621
721692
394382
683163
829352
972265
552736
662509
50322
106929
968816
628723
498178
619767
990988
904777
489886
721784
760988
727038
790156
25824
511233
521822
284685
613694
618677
942550
978383
891031
243850
506977
71179
393365
629068
103763
356557
553751
524240
944498
22561
751922
589348
968371
763266
472582
729203
634191
471327
747905
575369
542328
698885
581137
278929
711203
160761
915713
275199
658569
466353
31109
678344
192221
214347
79344
92328
916734
790767
324708
732347
625807
40120
620221
640877
516938
624859
992378
222317
57134
672063
484135
340456
94436
322602
355963
794248
518750
479683
973116
548681
860484
921214
381371
582415
403954
838024
586677
702837
82094
81963
940429
346122
159404
639469
302245
734409
637820
743086
883070
507460
675335
333446
128513
101100
844453
573688
292918
557665
202682
748069
144449
256848
756773
23644
798755
599245
489542
703105
20324
233888
378125
914523
189499
179627
440105
489577
415504
757155
248729
508729
385316
656731
441296
1267
879544
782036
416489
71082
50105
230628
833976
116777
469268
975035
136710
919355
597519
168999
424535
297038
54307
253577
223252
190677
763323
755625
319003
363437
166230
629545
535126
85545
421512
74277
758771
211602
328706
780871
738195
975426
723727
970275
277829
577349
657896
985489
948769
27510
676200
402129
76404
407984
899506
553964
227959
656092
50909
134035
787119
344129
906884
64170
608390
103664
431558
106113
68482
155827
632447
784490
344325
329616
226674
364301
747653
448951
807165
742324
507329
762283
119088
19701
520108
911168
996349
974003
854603
221297
610054
835569
855371
842756
508614
267849
705585
612435
227458
283110
684726
11190
424328
320071
992306
66489
21222
938941
61099
156258
660188
826578
165432
813929
289436
440441
630
220610
702368
515361
850305
264911
50876
569572
657526
886518
846756
108501
943556
205293
427768
499284
725984
272002
107386
4709
33037
905800
896491
985919
293535
673500
644591
997861
537723
261103
971293
563811
680610
111071
221782
935069
919608
916113
789995
21577
709716
527103
252073
879304
943858
63794
748092
171532
137854
417961
621042
952282
556164
106795
990792
647603
253952
424708
130606
986139
34146
275080
181410
257254
211786
237208
783790
847094
335002
657219
559445
511765
517420
152919
238068
808270
441996
681691
526625
630608
25687
716055
225982
136901
401615
480492
408676
714827
402284
359016
437752
594718
369150
968393
430923
213945
289219
711377
939566
683291
267316
864441
499013
86246
6712
881576
207379
414487
773700
478301
91373
456651
216464
515415
212571
49483
908622
536849
839624
241076
70953
302691
311510
195267
635828
479751
932186
61340
427234
137469
482367
295892
954051
592171
829417
157363
864536
693397
970795
892540
683029
835421
510421
609672
972458
296791
84926
615128
429219
606563
703948
996281
675244
614747
428411
910030
99148
860967
952773
13259
370062
850022
719501
597548
921229
261688
694912
339763
126457
906454
403777
514438
565895
735500
527031
718034
881738
266060
197711
200656
277473
206297
366497
932249
258879
337338
467085
277028
867805
648350
637543
325448
642356
979252
489972
25709
39378
852116
64057
565768
279727
165153
28215
64695
837066
213010
566970
631177
759400
171760
316958
821121
180729
547785
775038
184672
661806
720353
110165
388492
902415
291590
450713
406711
826817
118013
200171
223713
809435
43967
760449
882073
630894
196668
146630
920010
914501
549678
461591
918619
665497
961943
952484
829268
159358
278552
698089
490327
904715
718200
372601
625861
601392
943935
431300
420208
117214
743243
969194
564418
653319
930752
313308
538024
463747
926410
911640
643382
515788
319237
508024
453884
143919
724272
928060
891574
596822
898305
649018
360150
713153
818133
736684
59789
299552
250535
469204
704264
26192
845010
379734
571591
823768
699073
812143
662757
502402
78708
161390
718633
540687
747887
745590
130869
803540
729533
799304
13712
246634
770933
347488
63301
589293
398070
651836
970818
262936
358553
313063
388337
88154
145067
4867
631698
509884
846932
706047
575532
983018
491031
232607
308292
791355
935143
734234
822136
200840
382281
424674
391376
317327
603480
376484
230617
953152
238593
152732
244849
656213
653463
290346
802519
765477
38604
239511
350660
645919
599726
547569
142028
746875
941786
711494
263466
214780
526124
17858
4080
909415
874235
744151
799379
30852
458178
236454
757975
363712
227544
191939
550571
709106
447700
950289
423007
215334
462505
574968
352320
246736
373615
124807
562057
670386
632412
646229
452386
596520
593035
15960
546237
194633
833392
483557
768579
765278
279430
5268
296408
676502
354966
370646
649354
831874
851857
555737
478130
886229
789495
693134
313775
478270
283759
376035
542890
732956
12544
647875
41215
948858
459946
550610
532762
566087
808322
394588
758018
23929
659783
100085
713237
864147
527436
489060
663393
184886
934541
781023
950042
943810
828009
360565
459607
319524
305047
796499
494468
535849
104644
930832
835547
522082
724350
899403
30778
541929
273983
474719
502147
725256
873725
553430
112470
575232
503338
22725
259681
601806
407415
310766
916665
998617
882965
751288
156390
478233
704137
673769
574492
230272
562795
875795
68114
743775
623919
853894
686059
82137
957849
746092
367333
662493
328420
735032
872885
744863
650612
869769
815938
592562
971651
821659
675735
529082
945914
766145
643984
522639
396366
793265
40524
307007
402014
810320
121723
970750
729419
671345
522879
945604
403053
542559
661189
598352
828052
661371
695200
22188
878926
171536
167360
814267
679474
5312
900373
911669
803271
234022
183982
151735
837158
278859
798720
533923
498835
48519
716322
327710
218972
656809
101656
192353
528561
116894
604170
94573
121813
56395
822798
508532
606652
422207
176292
508696
425647
187992
665440
781334
709797
82640
30683
491618
160484
445384
887770
293599
678948
708312
520318
677304
131746
514869
563634
414068
780497
314961
518393
348950
54673
560800
399431
108934
784567
554576
891249
871855
386077
359697
937486
770281
271402
601004
480874
432735
842965
222517
292193
105683
248287
689673
724303
554557
854542
472954
632995
950383
901217
869965
127756
880496
562057
422325
24810
570100
470029
346936
855801
502629
317214
94472
434363
504229
25542
965422
742251
158321
71612
941244
320299
200403
327733
53090
113366
366413
785446
61782
775928
417633
637210
70597
55825
333497
586847
193598
392782
678262
812923
173792
957158
522607
568884
466350
662986
872714
351055
199773
711722
976887
606611
481723
15426
226151
742890
836527
300296
359753
836007
522105
95276
404880
913399
803212
734826
182313
46608
753240
479606
828571
121348
582493
866011
868573
838758
897854
854794
583145
276056
563238
713525
167780
707136
209175
181801
128082
50560
548085
547799
395297
740691
496347
102608
392893
456688
560603
33230
317106
565242
864860
293564
965297
797199
168405
931094
254824
31319
891815
27028
171942
970352
374865
936216
386302
958080
113382
448056
242898
541342
551980
48586
171912
275856
202571
125870
882619
263390
377511
339154
723397
358379
521375
113522
305013
966983
889761
788808
213152
745608
852405
129170
1747
409141
130488
445453
15240
170250
543233
542317
484659
4054
21646
214726
658259
339537
453708
167098
214180
14829
477591
189990
24082
296546
655903
922680
280854
894579
149331
31976
445392
903308
203880
375270
645064
485145
583472
353592
917421
194429
1462
765382
286643
195432
330191
43475
554663
324581
273394
305276
22862
986518
652783
288044
426679
703887
282475
960625
908943
789896
372709
556069
37117
438954
9980
833357
791730
67122
521596
123777
160144
160230
376352
656739
857600
465706
142611
46849
690744
262556
895343
49175
531427
777872
684884
432054
566731
492283
581260
541356
402042
224946
268025
261915
450937
282420
99163
886610
443408
609640
632022
203931
55988
702757
13809
722062
907475
398104
965951
487229
295656
182718
334917
598179
457952
844683
543968
742316
471114
471380
799668
347881
420337
576041
606351
284895
93374
654155
235600
754416
836159
47077
739642
273465
518681
318633
991729
147411
381106
557910
399728
902815
298224
815246
340997
111495
742133
555591
892684
510360
111662
622002
453310
65067
772163
948210
840509
943571
321082
743894
761321
24451
388702
219484
824832
142102
621292
976876
209360
253152
590907
896065
434479
861897
49210
119262
9344
223334
989953
74092
166909
731920
553197
929084
471152
612393
21398
609855
640452
524834
84928
677960
734081
148548
366880
979215
75726
917254
192267
448479
534397
977511
359994
979051
607734
730335
850652
916854
652797
736112
461007
850930
626596
786756
502456
432477
147364
210243
990643
211505
741531
305804
795660
269322
606388
466763
822697
374615
423956
300763
46201
416645
815142
426093
85202
996348
37875
898357
183954
965281
596951
626136
659273
922837
785962
728903
260449
391055
769081
188476
646714
933987
647003
637582
602193
218787
335218
149856
493531
605670
814381
68283
849223
913356
514920
4163
136170
304164
370110
221325
759750
449559
794366
574011
366941
605178
209724
20305
196855
924391
196583
862605
324760
344253
402860
602098
811417
944073
695391
206008
243752
796520
739395
615255
145690
965986
403362
868525
685412
90212
355804
265695
163962
441110
89
906236
466108
716172
536249
919850
879902
63654
927057
365201
616995
590768
874892
468803
203812
786092
543935
137403
116443
866609
687131
233321
493065
79495
882278
959910
358191
530480
718038
740617
702694
389908
805174
685897
544876
884819
80100
656986
380816
554426
850406
414350
676876
950748
990894
858623
367176
117059
439599
360764
79534
233788
551838
269558
321471
700259
623403
183699
79273
788472
280738
737713
932544
242871
545846
168686
330156
499273
278406
510151
556755
796002
883991
759377
568354
1375
961994
640915
608309
895320
257392
1759
249808
208512
902125
715496
452386
375110
102821
235539
480239
326462
997830
933699
89922
701363
51587
791474
703333
384609
988053
841315
151026
219580
826460
825322
305675
945273
798230
90796
740073
648125
935434
907705
485746
881554
541398
347955
485487
792404
456872
757609
332110
622697
290872
944320
420458
57683
337194
362433
381616
202087
747785
387435
850382
591942
772867
348308
601543
842716
18757
118002
444820
315491
757079
534199
761318
152759
477939
596297
299621
448038
197905
351992
694929
557049
693288
241406
532015
922257
590373
102237
110713
670749
96791
83663
976681
418737
252141
803147
173649
528047
841888
986711
473402
212809
146527
405808
590582
839723
847059
611137
779332
317078
799292
127411
132709
376252
571252
37925
399555
515590
901856
288456
884935
850241
172639
63000
863809
596671
753628
260266
599038
212791
243817
343746
424559
681433
942019
4260
601238
651633
431674
138272
436819
667713
325203
143991
181020
164980
406793
466873
481721
362126
370669
469763
995038
167564
435278
175276
644022
593420
766975
140768
111336
427265
864766
628759
923846
36740
35744
5097
431675
154603
540862
376781
840983
29230
85350
441077
76488
714776
320337
121631
101963
602740
755185
615482
41113
545138
706288
647108
282575
309582
976993
169781
510936
482052
545539
915777
386302
778206
141383
643591
817041
344772
899447
793437
934959
926589
740118
900545
65766
943367
446234
623357
875659
535381
994321
751534
371049
604487
314826
922354
823573
618342
881623
896165
28744
42779
66675
195574
48035
431345
596353
107667
424920
872229
426082
72086
289461
341070
88806
65954
550021
491213
455342
524371
401573
849079
303164
446540
569662
861500
794607
594239
474694
204978
891425
120651
55635
736785
582272
760498
379243
42094
748534
431921
415824
470567
31454
479080
920060
729050
113812
615643
63672
663733
498332
310149
532943
681035
516124
964184
861110
366501
312434
52442
466396
237673
915487
58259
304954
273187
689786
981537
472162
306891
586793
991146
188546
656870
233366
183224
673819
818965
285973
908471
195341
50946
542466
37278
736061
186959
683001
330270
514524
514744
938626
915932
664358
671275
318143
594523
724549
994893
301284
263521
273413
356668
968558
660580
133339
898613
214250
309199
15808
450079
919840
292571
111345
872387
708788
509428
998255
950281
170973
914388
575579
798377
53944
846557
287534
134455
716516
679773
681769
779065
805737
63195
446835
602084
519455
289251
764940
532171
691073
976189
359606
138426
965083
38660
928215
431132
522040
860287
944773
688802
497541
668030
609993
745212
307537
255763
337510
446749
766195
964106
247364
449330
253878
108378
436586
78454
916344
542390
552200
501997
693228
733762
61540
813863
343996
75357
257424
593477
892294
514336
579063
338261
155177
182157
995620
939673
218751
136026
928363
142438
687031
997996
842018
176617
565531
673279
397721
779327
835430
706468
706012
1156
258930
760718
432976
69628
112684
230508
448958
469182
189678
655322
627057
288767
137722
686748
563506
170199
569158
56154
208725
299268
317238
934533
354101
109440
91693
37661
241175
325170
825308
123206
619541
250014
615494
215846
612719
300857
126509
287909
73321
336731
1833
928131
883446
879639
838300
51474
685113
655599
981532
829765
160232
754507
180379
564085
483024
173880
188531
878994
185212
18948
139078
713655
213706
648080
497521
419209
382454
218633
923784
558550
904451
203907
942930
763114
886735
93728
391094
941262
644799
365395
227537
370763
789242
546364
105909
847688
573223
90137
568651
240368
329994
915590
144806
884594
239635
853206
5000
818338
931507
820671
944776
362622
310559
589599
407178
953762
454964
847738
122119
325391
336218
351097
312886
435925
43368
690684
371975
535007
848822
514479
313089
855490
799943
456512
760162
69451
820403
324920
273463
476443
556968
289379
589312
806213
921659
665370
157220
229805
830726
89829
745020
411489
887726
312798
559519
901775
210603
270776
890343
176272
692123
674943
867113
357193
197823
720450
69891
34912
255708
826724
811091
849882
807382
245627
898472
364269
826497
588385
941789
558630
453165
767853
842332
572119
722302
324262
495877
774023
838671
167241
35448
106984
323559
836811
67186
267689
451486
811879
436181
599729
950661
715013
157661
61541
259436
397535
611420
238404
921281
607323
445214
88387
438435
376440
272512
620145
585394
684939
506383
523941
520031
118843
765584
443350
901355
119659
677049
253197
633153
899555
11556
283180
904222
924183
999687
441553
193148
178577
147726
4117
163250
605182
275625
678462
858159
712512
655011
2297
649631
745884
519847
766365
77349
857369
132325
22741
278230
568318
549125
929418
738596
735077
764426
418921
965934
658078
140494
722453
951292
618095
227036
445296
719607
305308
243059
65620
943787
379768
901196
91529
517947
137795
297761
547156
538872
352648
160508
244798
794079
392135
788422
380316
235164
850635
11988
64767
196006
863660
481895
301
659138
679548
695837
274843
185521
991713
495165
763886
383659
386494
349206
709609
175374
955984
919927
136578
707435
782964
303040
552507
996715
724969
395233
564334
222758
615549
524958
428971
57381
725599
908791
488309
92940
500152
121263
134130
326423
598954
595682
691816
931801
159618
660050
263342
61597
206047
144033
888549
204483
671138
816364
360650
728291
421228
175481
301066
388643
774314
301398
511945
869660
869147
208526
871110
84987
227795
301454
808159
142142
567797
834268
644863
826994
271568
279415
800960
933019
906817
344688
992537
275169
927046
105432
519571
77529
808864
412960
632446
733801
307953
472416
827155
328268
47820
626647
927999
2322
117442
75934
590208
208204
719722
965448
853994
628421
505539
479326
629665
564804
151595
859215
51621
893403
935059
53533
693472
146482
406682
831492
750933
626316
139599
329783
173021
837041
866675
111473
820235
276108
775130
356599
556960
156429
601728
13710
564260
760593
427267
404397
271211
208362
557523
182736
597775
848731
194508
888354
449732
236632
353847
209134
544459
213181
969141
869482
496931
749841
472246
476366
353874
816047
54813
832479
351849
304551
9218
842726
204829
383571
820502
628732
942017
922561
550269
492639
392574
614789
644142
773108
449021
31009
168173
132068
685066
294583
824700
723133
527252
633905
545874
236315
997158
383001
4763
415346
974030
344126
775847
852080
49288
751652
254763
398880
218697
309577
375932
999036
614943
31901
183900
471431
883133
853292
489363
817341
915705
20043
447726
276311
947256
609177
133942
358427
497543
656569
68985
409616
292895
577886
113143
217045
547926
126079
590275
925587
634236
796475
406445
354150
987934
646668
629716
755111
636836
887041
30440
377219
246616
152424
273480
544267
94980
167643
926695
658682
981177
36495
927183
596671
107317
822688
519868
418563
639547
100612
88718
478903
831689
451442
911284
989785
348933
883828
540074
612577
668180
22506
504058
891317
313533
79107
281974
799979
371804
280019
531725
937451
707778
193439
154010
222672
25218
933823
751499
693435
867985
978542
144511
226672
243241
974835
602668
862302
518697
601639
513897
811973
565839
451543
659898
186217
477955
557525
576618
172739
486993
701594
863447
497550
644338
235997
570332
661204
492087
676550
770977
128070
353052
501789
693710
902902
603410
185636
751787
19638
657570
801292
71101
11034
198160
717051
357685
814752
642406
95311
194600
725777
237270
779811
505078
557087
581383
330414
464125
45823
472890
661970
111203
479929
765373
838471
657062
968012
313040
980783
483048
109715
153605
97430
858850
176873
632878
407793
434433
116420
152506
236435
692414
782873
348537
541886
184422
955090
347755
604175
277471
158159
107838
161695
224281
268726
62110
504140
798780
172558
448290
413034
232891
272339
240132
178767
73471
887736
159382
639169
338563
993468
771198
741286
373110
71630
594818
709650
964353
745063
44990
244344
32836
76106
315328
223331
909610
148395
391910
676962
893394
644033
115428
979181
464345
246873
366554
745911
286867
672475
599975
742800
11716
979438
328398
128854
570467
666594
55924
759765
971491
161294
347060
743437
694602
301545
179549
279560
956618
576321
381352
494362
288277
388331
48515
374600
194388
229668
331475
277456
998966
234722
772356
949293
338741
165074
174580
241528
639162
192999
249746
583709
553909
51778
403675
139866
324110
816912
310243
753180
630312
906271
434189
860852
194779
426168
465014
999504
915839
959572
559860
350613
212905
506561
983691
494628
912634
414251
438106
858559
208520
833588
600873
446640
222186
875784
547106
955282
364180
289486
697159
375050
57803
356385
897550
156832
560284
86754
288370
717011
578964
574051
714747
869214
721085
374632
519052
250599
241966
636945
239423
316454
245518
530168
652746
539206
218092
325058
866995
403769
226515
774759
759644
263674
564648
592788
274561
371437
812750
507965
469636
154268
407545
640509
918163
836720
28646
715845
524755
741243
349445
950468
36672
429076
716645
242298
115093
736409
933499
975469
305727
514806
10
37012
422608
870176
171392
239882
34662
407383
670610
512968
577951
856603
300234
356431
324411
604974
471591
408805
143521
668148
413431
162510
245206
477373
545729
66373
218148
761273
775383
365454
509881
971068
761620
803617
62425
704062
708676
235501
802236
744977
179354
98527
519860
685868
920081
262837
713067
467697
174855
793638
858467
819282
934107
206550
528218
505850
805516
582157
772884
727272
839364
810277
567542
633740
184267
904911
649429
955054
574577
932190
439523
607681
95442
319671
605553
206836
975167
901543
557827
922258
218648
683427
583497
592387
393282
730243
180983
881334
952613
826368
170489
3482
981058
908121
424696
742651
288285
741381
189371
218082
902904
586777
85607
12716
892017
905922
474110
560695
21805
519586
453178
857463
740961
224678
57516
646754
963311
143923
579784
172929
737766
340745
897844
997193
292181
344483
728973
367336
464109
576856
957032
504747
628898
240704
474902
157921
689060
544404
324627
678136
810869
520657
698253
126867
451797
385991
207299
720824
379366
3099
520993
932995
781477
892779
71066
35417
961797
104310
275657
941055
614770
660010
480759
754389
113545
606501
639110
845603
642606
978361
314071
992265
67975
387518
822399
941563
367493
971957
674382
573807
675354
305982
524446
235498
456771
194039
175010
414425
95116
879370
540047
986422
64696
522841
506353
919112
535367
467219
190013
558774
726457
844972
783281
68502
96746
266887
807690
657745
100290
215392
49006
380775
337354
375532
95243
498704
357187
411450
235255
498438
107720
221945
423041
95337
822261
601624
70422
898793
691718
552090
957875
688044
447854
795826
661631
67453
196896
397083
48422
418006
594790
412472
128467
190132
530304
523073
578329
558567
461206
196154
618211
3885
308546
429880
74483
260847
465593
635284
104870
381669
357942
150827
640522
487651
625517
194029
717361
856089
855876
781146
201130
487469
955501
932327
67655
800038
234080
564653
795918
788875
217600
579361
429543
112449
111573
891862
458139
66292
790481
709307
915048
509444
200065
13231
767612
375326
47856
723431
664151
571849
900400
873925
370245
711074
861784
381064
693832
555238
543067
638591
374444
393656
626598
130631
678467
574882
663399
981324
24057
961896
680935
151861
937883
334106
685328
217138
899711
712397
972151
157178
926656
253979
64945
34158
412108
25695
876073
505112
431096
495221
291589
153043
492886
421542
427059
493035
227053
542849
616817
681195
592373
759688
427085
460632
744606
477289
772993
702605
53704
432856
393018
569567
230007
401410
563869
57075
817653
529314
298779
214421
352442
789396
456442
440415
304786
870843
856371
663994
646784
680423
543889
784612
484529
144164
199631
510984
533281
221359
967641
635620
740667
460638
435381
345637
832071
707375
689341
615181
305571
469681
424200
604610
362472
569081
232893
461761
975214
380071
909223
529787
684409
363090
979723
273621
300952
229302
552308
760895
797488
509055
321235
83570
230919
622733
923014
1872
128480
615927
322617
333344
288250
343794
562694
1034
649829
85328
572293
375509
604616
865256
559160
326131
399071
783404
491916
527583
60175
453617
705391
489679
312284
648615
460387
575879
811092
112399
826009
308353
373361
987949
751059
974168
856036
658549
703680
17843
692386
121582
540961
207459
927568
433780
544244
516920
323911
303120
422413
694622
917025
458196
815158
666815
389938
467246
509882
643984
18759
346178
677207
780768
224865
278666
919731
777726
146342
256413
167179
939161
84539
291768
772529
345619
647207
317894
511503
800376
580794
39640
35457
773726
95274
835656
14068
237108
7789
807847
12071
486121
346607
531700
379846
645125
99005
338628
405679
467748
781965
715201
493811
961811
220957
427150
485105
397548
426122
446121
265456
826016
947450
119111
820396
892360
934810
913593
493636
674384
19942
468104
74390
418173
324134
737548
803283
862013
393603
369861
244579
809729
674648
947056
97251
698939
617993
429436
659263
834370
637964
302381
67228
488470
992951
646339
758714
536954
330553
873407
820095
847579
162922
793948
923629
615524
973917
113860
26880
412840
487654
557628
892523
638256
671926
56003
167334
196872
377940
884066
537823
806790
653684
732565
239314
181648
177712
163973
558275
524167
737846
457730
482811
531340
813904
291643
428292
108691
335686
671797
181008
903837
389299
539455
317033
404250
58737
316178
460819
13574
21369
228400
889677
446711
667536
186694
351791
388244
41567
336902
586192
100053
529952
258398
243526
366946
560241
762046
110500
393281
91264
326175
186427
349144
538096
697684
957099
869663
510630
240993
499257
20759
843572
896677
622305
946561
765297
489396
465257
495661
508127
259272
683362
895855
459658
923562
389635
497741
67361
915143
391772
515768
148314
576799
346199
932469
798242
665082
317847
33934
825713
670785
223789
508270
211456
656979
706042
278560
166282
482419
197068
211846
875687
312416
745788
383509
154622
8558
886867
459919
146282
876868
592680
68368
180839
80025
88405
957205
416973
765121
933987
206861
463625
388173
238540
83975
238013
712857
623723
37497
549092
667035
548518
432038
691496
463622
271638
729033
498003
946715
956079
579703
825700
853310
432646
203849
511438
438300
435053
609653
335542
531036
811689
995875
166537
279825
127982
190127
552817
35232
972027
35752
603257
997613
319492
735987
540791
683712
309867
66326
762985
400833
33970
738734
834920
221319
954474
737470
60867
225773
944819
268877
865966
713522
203954
790412
927504
271265
619704
424393
650744
879300
74494
399415
761991
815485
678046
15881
371247
741272
866776
525718
746898
961622
962213
492414
29051
679377
924833
197230
841058
8666
257494
182380
670615
892833
460396
847314
285105
768062
411779
556727
73682
698495
208630
376995
465391
490988
158084
525868
596958
655197
711718
243716
817740
23347
628786
689514
218795
323186
515263
331429
720286
394288
299153
791563
154657
794914
292315
290425
15750
971397
879328
931934
829960
39224
945494
767530
549922
251261
177312
41055
302744
517571
197452
691381
269388
6970
133707
642000
271371
452482
625340
851155
901568
294407
96493
140048
166485
794300
406967
484116
134967
440097
951939
727595
781116
721620
150167
258577
319393
7484
521494
511385
337291
433793
203684
138279
136007
289676
591134
824247
669108
470555
74383
973247
678268
390046
913943
722005
290692
818390
113278
119390
562480
596764
562909
37989
488613
8094
721673
167007
806415
551809
4370
113061
709635
380614
566117
455838
402405
461252
660698
408823
981835
116857
459910
32583
366592
932805
614737
124994
405136
646932
683785
810282
633266
924726
872770
208238
503943
931995
963296
865113
306015
212296
898482
185991
67811
565484
168439
894443
854273
568468
77219
254801
650837
867396
827504
776745
490910
61990
142045
574559
280895
846190
39480
450737
735683
468200
710543
914673
538195
380497
485785
623391
512464
294255
356258
799954
816153
810261
177271
117727
713497
760561
850220
822859
635218
924561
866951
765317
270391
553088
490007
998952
64508
334778
392829
517687
724692
725540
489382
152782
250976
613323
320666
426102
505642
822226
762872
424822
697581
891095
137169
905705
721919
172430
752752
737533
285684
342593
124405
179422
429221
419416
639486
141950
476177
75153
490636
917218
101336
765213
559787
709420
35165
118379
510912
448065
37157
288852
180189
547808
385069
53148
901269
130284
910178
147660
240682
607858
265623
252191
170030
304806
612906
871669
154780
769428
250331
858154
356906
705165
293765
286073
48265
212051
58586
202670
409366
432529
543549
949754
281393
905860
6311
797104
163040
457719
233061
541019
741797
59952
329957
896971
58744
341258
46217
738670
458779
437669
868885
582443
836224
937447
667495
26612
958371
317882
129461
675369
339040
568440
380223
775902
954331
664986
638357
904379
370326
752698
458792
221340
277393
413809
13145
787355
196493
458029
107497
918727
309049
167937
200742
982388
639142
784296
6134
393510
477352
75695
261878
607147
804973
281736
260570
467680
108892
700057
39627
340504
58809
300356
694392
710034
210346
132870
386935
496395
454800
837703
428820
380379
2592
934058
510949
74826
272262
975723
342436
691572
382343
162726
11075
19105
197336
669180
184846
189166
722199
124453
846199
44819
59176
188056
763079
495536
639156
166737
710780
991831
815331
873964
723275
363113
938685
862689
493713
149952
766473
972638
606841
198835
51946
898066
216320
243715
297684
561514
979583
790405
333492
389548
242722
470820
910235
124643
409759
280324
368393
984850
966200
140317
678558
338810
96946
87750
66285
569756
907301
260397
779692
373087
23996
389470
462149
694481
538689
405673
610571
165162
215842
946479
126739
592464
200337
940822
505113
293780
802514
774493
656851
56783
980840
128562
5472
262781
501757
651244
474528
907510
654902
293930
475278
844965
111792
144298
753652
995597
134129
641734
973325
3827
139530
407014
551800
546045
966806
126637
934253
672464
510395
128088
368232
585098
679980
911792
603526
789414
281719
218060
857540
744178
380994
199632
380542
518964
29652
911582
313438
110702
351273
387861
273418
677867
277657
656103
329958
679075
902639
355019
926837
941928
150561
119133
610629
938213
784893
768429
653002
700735
646940
43410
771405
17276
373815
988558
190332
912708
983276
484762
602169
855984
33858
356709
461030
131807
352574
906274
586632
138345
826222
278528
494313
908064
171393
742674
243178
774217
736537
536773
404653
274830
242026
710395
467825
102885
196431
8554
410244
303710
358599
513295
950082
717430
420664
121979
912200
789360
635159
243180
994467
5276
897120
639012
553946
514586
362633
549739
309690
323103
239527
286808
455596
316029
784531
715340
807473
797330
620425
86947
477111
571862
955952
833502
97998
525877
543127
185866
237667
842422
661502
497878
834872
564265
626986
955452
549397
314500
545797
795953
907859
949128
703168
605897
405776
26010
750816
997888
698619
596349
877251
675371
897556
652036
340371
582243
267655
532846
658404
356387
418172
700845
518207
166796
524247
642912
861223
116618
896300
938638
445018
244930
809926
960393
538193
967735
679627
320887
559447
183252
737176
130445
216230
112930
221420
749463
759598
617638
986795
388768
773857
605929
92261
792614
961014
71119
458104
418042
125640
802220
440404
481279
147011
130405
101048
986426
708881
901417
141866
503463
351121
912585
764254
329450
355294
945830
318011
165225
502125
951815
788597
602782
510848
956651
94745
364915
676456
660212
433436
271873
534142
325908
312837
67995
175406
346715
230063
467791
503570
813151
446784
715213
992939
174023
244443
346167
899605
542829
644207
2996
403940
903525
111577
834320
85781
88589
430798
703591
254335
364017
677411
109503
874901
881517
429253
149269
23513
353761
314752
17536
187849
744907
400211
747407
33740
951883
271411
344403
785085
636517
998110
613915
385342
418553
897089
608411
442856
31649
596592
688505
636124
134259
336993
288360
913998
566779
130570
166849
50976
340336
602374
624797
118041
383866
835737
800039
226203
103346
864633
773788
933553
131090
699896
237072
675931
417431
178480
121058
327971
759963
752929
945937
811547
316615
792507
764482
636496
986814
846135
87211
906562
531937
411539
994214
905145
75513
281475
396039
37822
750254
74733
300593
97806
815818
955042
84094
421125
374457
32377
121316
215900
298237
394186
957433
557523
327308
23688
618828
244596
689669
918375
36495
835738
841336
1414
868461
17517
679365
402627
820448
702292
640559
991762
108845
846258
873946
215443
300814
653943
710921
279990
97164
13506
224619
861398
887688
268299
392550
446618
4220
850668
225120
158205
39730
903520
769312
544097
250061
410380
702674
344001
226059
728527
95532
318275
907438
476819
670763
766675
42898
930168
700504
552805
87907
242051
63738
42604
578606
638513
912476
863851
400065
127067
762787
42059
906843
815173
795642
483280
642998
524589
925172
915837
305865
743014
7457
517972
893006
582485
674774
515282
717404
3729
611707
540206
120753
436580
362111
672107
220477
432513
517930
119859
351757
118688
264541
125604
170820
125137
917565
965005
404397
953682
964327
782645
914185
371713
627257
948644
888327
610916
21403
846046
644576
757475
313759
29583
658924
903521
65029
682020
917757
336826
696606
573601
519118
899479
266116
383854
629613
878256
904359
583433
492819
427768
112508
898289
938680
155596
863198
580038
942170
648783
484838
807971
101161
494988
418728
683745
987558
768929
893437
806034
841000
432604
709542
916474
280065
214403
776636
381001
82113
69377
290281
304551
785658
160015
638118
317700
174402
888023
10356
252107
398937
360955
141110
943036
641508
335146
408
893991
938514
968196
996700
114886
344927
238058
158025
121753
547876
805917
265782
878207
726702
48374
927605
655688
989362
595877
542560
331662
724138
585259
58716
911382
370055
160697
701602
872773
499231
584183
583479
715872
929719
509676
597582
855582
314434
329767
677432
977540
442306
953626
988724
52412
378510
965908
257899
775999
908598
969778
802403
432158
135355
831647
878389
986227
27834
463528
907836
619200
250592
107433
369942
243881
866872
42418
417574
840391
536208
840797
259461
886381
367623
913821
699082
139558
740508
231930
575865
353511
585916
108999
850078
33134
522865
387337
650649
480409
913665
537675
662260
212583
939726
129388
42435
661876
624901
16096
664272
612265
578816
770104
924302
667523
507573
597068
422067
248541
633660
190572
865670
739123
553661
764671
69324
749725
99888
800132
245326
777401
224695
139578
901579
546902
656619
731398
25767
970249
760610
193854
219369
22583
568496
909742
10725
95012
433351
272755
691224
855784
98406
855633
31469
440988
220197
788832
180650
444670
127323
68557
789281
675606
424855
147012
859259
497611
444111
260188
53142
25190
774810
274010
478139
712340
799062
498027
649338
389071
950806
451799
627482
867897
564956
465821
553573
582985
651505
235873
30715
745591
534764
432704
879124
349378
654046
392391
395404
333810
196250
885057
109681
165140
566728
75164
774842
856882
494109
528349
863671
882207
25593
370852
224217
167541
144407
781368
433419
206800
450204
988645
198043
600027
511357
514930
109724
423336
894701
73955
930439
607334
889153
751629
909002
63779
571212
773698
538138
774080
575489
66431
630469
223205
691387
945445
414212
291623
746199
689273
605535
174076
683760
197997
956516
560655
323320
587742
696465
339646
550228
401242
132835
512520
873061
730916
580961
885214
545591
513281
393205
667025
342518
211179
297460
355209
626076
547833
285858
715920
550757
17683
85679
256542
552869
262393
643007
643141
296078
85110
966995
607542
507978
577966
807918
978511
868721
295444
182075
555150
258855
122101
721376
379284
210410
72203
967167
35871
873837
818802
81659
914897
953432
347994
865492
756509
561549
282111
581545
105677
80163
366388
27923
901371
542800
39734
230329
470177
723047
951565
166697
357699
208480
801333
628591
477728
9300
270762
109244
672267
900448
14503
775073
54159
467797
426914
265696
337210
644292
921649
668610
212168
61923
729415
719175
730722
991331
689342
295208
303939
469934
958904
45780
486592
990189
407738
843782
612414
501531
68760
494142
77045
508968
891650
250216
251423
692349
374076
682484
373904
428098
278072
6095
158024
778093
325553
620190
620585
275178
193812
78996
548656
479990
92680
16236
559622
779990
168500
878598
721848
856200
960293
807247
772906
359726
705430
866515
41758
159699
391538
680361
816599
832163
690920
489285
361420
277002
189743
757955
161099
159134
838399
53356
965044
89990
559655
145520
563305
794834
536463
257982
507729
833329
121164
704271
227548
315285
535084
597598
361978
805633
70014
524450
276087
559986
517393
203955
286736
223201
425172
24172
846510
272980
247941
190607
666588
198574
948038
438180
989424
979345
553870
46692
647099
372008
679842
940769
990682
742024
923876
786187
712694
599901
785439
696647
884854
959664
563966
468527
33416
5349
655116
890452
97841
294380
904062
547742
842270
569532
955480
991166
449059
725471
920617
877822
31197
708688
949605
878030
993006
917166
23537
665110
237841
274449
916682
665852
117291
670351
316278
90911
115588
271581
132535
182517
436127
789008
786594
777724
182441
170869
497083
92726
405392
190142
618974
586649
792835
59270
411016
657230
977517
961407
877443
49426
17927
718421
867882
211272
629420
748652
614671
339362
989253
462391
866419
359820
139095
717229
674928
763858
263137
460169
504335
740873
878617
459159
951317
831967
824844
843993
400415
769958
632461
127702
274863
886701
315908
597086
870551
483294
676734
618887
475090
616405
842810
193512
778197
545542
116749
372163
297815
735474
835445
335841
196398
998258
149719
237444
948017
946637
559798
97417
916278
838458
750576
524697
350507
125260
220105
871577
404023
834725
452507
43659
430913
537805
634994
320870
895752
955790
704079
660473
364159
420914
762439
995548
882678
51729
978814
23624
302912
293799
204581
630310
670216
230865
980276
475430
489298
22149
65078
303988
438827
139049
363881
359520
417146
881930
946826
471711
123568
447571
987024
406416
562831
569349
308439
722943
727587
353130
850781
279935
185167
114
792185
93715
902194
489215
139221
239743
647749
920308
227284
555215
513249
809410
771565
582278
242231
594693
95463
11167
867585
839045
40072
577025
621326
319818
146891
681679
734413
575014
736295
811615
951995
152803
881126
851060
555204
565151
236946
177601
662613
764426
6467
715542
70453
872609
149678
762105
677210
96020
879975
572587
33041
838702
692185
497669
231120
387392
697826
469905
449465
102060
928803
641598
576434
717485
158355
601559
945004
245163
968680
825728
614297
124971
998697
656807
515381
36321
1723
58583
292656
581427
77152
369941
511635
737171
374541
854336
149679
913699
644360
648212
635330
545609
430173
213147
705921
584841
664586
194521
391955
926125
381229
167492
301190
481837
683344
310727
540242
661868
611864
453675
282102
155307
116710
325118
239231
447067
88441
540122
733369
429269
92925
729417
813156
829921
714393
806065
601650
417782
140438
582932
604659
951696
457541
716632
715337
342783
737862
7796
70185
435334
154018
241629
20161
696723
841971
889925
471491
126804
112224
900685
459327
635166
826854
253552
233840
176792
274298
530328
645926
810291
579047
115892
568995
16273
267297
662356
381781
186754
768539
748345
587221
656069
182681
345885
973750
752817
890234
347364
8694
119196
839419
185397
132787
355084
315127
204692
520286
299401
209345
360401
901006
544664
669411
560137
274630
441019
614500
31813
131210
808842
425215
343021
564255
846683
823759
836113
659372
944037
980181
675547
108765
936309
808281
189371
404392
939424
67373
743288
242047
611400
224812
174452
354150
610287
72348
170310
7305
138586
707745
890568
547021
952175
990228
339731
805234
799720
940003
184498
536866
361131
162991
822518
853681
688075
263608
133302
599535
276193
699369
504196
3550
562628
968114
240443
439438
891027
693302
747021
241484
382770
635965
158503
225437
792880
483106
650075
650533
286278
614211
43754
578753
217882
953996
945324
215659
177416
802816
623349
660329
279567
780812
841691
988190
981834
278249
173720
638490
310638
790153
288276
770745
651201
338667
797296
387992
797493
855342
70963
97190
822676
962132
908826
928237
284181
878015
422082
990135
875844
357965
472887
385898
134073
842096
102496
348721
245222
132076
445209
708991
773128
818209
448413
836290
405680
450866
338244
346912
571657
224195
209932
310302
855098
722308
188692
261089
919544
355326
508700
349493
884860
883347
453471
690564
544007
691402
679888
37110
850210
582747
790688
402837
443074
502379
292652
97980
573379
330116
187103
664171
132864
557799
63267
987249
512778
604051
400572
740006
120203
474456
668787
181400
659766
206365
806290
37540
859570
84319
600219
478883
533661
150577
25265
654715
629998
487423
312693
495005
931567
924520
703967
828992
144016
850942
355739
613797
836278
108344
257634
355445
436673
114267
733038
336743
40706
371685
44179
205922
356538
110507
661832
361665
291111
168779
872539
727531
496442
843215
953997
673071
769617
203008
86571
750355
221551
481802
904242
830192
562813
535099
64528
226303
732416
322737
402872
711892
832977
227725
220714
88205
205420
324351
401701
364058
151253
985558
877678
471006
889971
751175
49007
603080
497156
919040
829568
481840
829658
261269
22272
219865
693762
345797
408137
498296
613320
760348
390131
67846
530020
615043
107629
881559
967237
631814
333518
212787
727414
684986
598702
247599
195732
12083
696385
479541
212249
926880
904808
197761
718632
27938
852537
715724
475458
218831
164798
609709
781350
828269
209892
991273
529078
597042
544161
904823
446658
711914
371672
452190
775072
12041
274665
159673
907351
603944
637099
111991
755511
887227
812659
569942
447844
633812
473715
345494
458540
518572
514351
338277
181260
488974
607580
768811
244935
386158
737408
962117
249917
43098
13855
177515
825217
494890
108606
588115
108745
647108
142891
200014
305312
378282
391447
373463
136661
87183
835178
27572
62821
411235
440478
542842
613327
150964
127821
469394
465576
496020
607878
676771
454534
380388
766795
148760
887594
130425
18505
979507
140103
556840
335580
536939
278481
491670
670785
731306
391706
409802
56059
804531
672831
775678
695990
136763
978295
749555
663544
546107
716043
732179
85742
60876
435365
877134
713809
478722
300319
45894
308221
281173
686495
746491
833363
877394
652058
921388
763084
50724
508683
927099
830417
433855
462769
365513
448738
281688
442621
289664
371440
82929
173124
951268
134984
742404
299866
25632
98172
693778
6609
683398
751702
921644
907783
59755
649033
683613
80190
723104
458726
77024
36482
13234
809101
208332
758840
128005
169027
565881
174330
925082
602931
132014
564311
419541
289060
230286
646103
904490
17153
738420
352396
524755
984024
76274
115077
595389
592905
162456
614893
83175
229757
97594
787334
788318
462773
903640
186007
534735
598457
226056
733243
562847
78822
659028
643278
131166
18611
200204
615563
34633
963220
693614
377008
584615
662618
721686
39987
542322
423226
243531
232644
262134
541482
656658
165535
809320
461865
903284
876244
910490
372330
115178
312458
382811
831487
120636
107507
493130
249716
402349
660576
727125
921669
40177
678704
129606
741267
862679
45451
155418
767387
658147
413552
654795
284979
197717
725813
403742
795582
446081
979467
248914
947377
121926
751610
484390
754722
915475
697821
141255
243382
280392
115479
419537
261076
647942
230635
786281
306930
871659
718189
465287
471050
884928
250430
324686
781782
732717
438681
839158
761643
635839
649872
297459
273077
897693
154576
374778
630482
900771
773846
238448
700852
319261
691903
534785
77500
533860
491538
316950
571973
121091
505986
800437
96202
425248
521331
525205
192696
38222
706800
270680
998930
448402
843105
377802
355258
932339
166523
882156
153314
842986
94599
272193
635026
412041
421987
329516
273110
938812
670355
610818
279732
818228
361020
255574
264345
936292
537141
784683
433861
277550
361355
533677
9748
802417
422164
561734
536004
122793
8824
915007
908132
318381
107629
913625
391796
61617
885217
381821
780183
661870
839818
826341
825897
263924
196777
957533
980386
672521
813808
35475
157360
875231
269495
199106
97592
747924
995174
490334
981227
275637
403719
808592
696383
844811
911529
796284
155864
123796
263945
441156
696667
589282
307879
2154
839862
331217
822753
947960
359762
864366
18572
938012
175406
379046
630901
175904
345872
659530
22525
285161
824046
794619
963301
746259
788825
163129
31118
948013
82050
182742
319885
181856
747169
190294
95767
975880
322216
219891
708076
396933
595648
919754
31771
660712
365479
614703
377361
591868
202678
334454
839390
467046
146959
507976
8210
578826
49148
265555
349774
400686
38246
478881
542416
49868
825205
387416
669601
123918
85255
53056
273747
577968
838293
863620
133735
59050
709733
563416
219110
174598
742454
39500
549773
119112
272514
53878
942881
223472
611361
567784
683564
676765
144661
489211
534644
232312
531795
390110
351337
963259
340931
425590
469506
193089
627507
94657
917929
993550
621381
737590
707294
6190
120512
722152
482913
397963
912319
453180
267587
717888
25729
735726
903238
263032
559892
941950
439195
470308
935974
591315
468771
282488
10385
954627
440183
373728
57793
58412
257279
110908
703939
93160
111708
164979
927433
502962
488171
518856
250297
286472
77797
442724
79227
287783
904485
727471
787580
273906
749695
966543
414598
115203
652141
336159
201892
105226
402871
62108
114232
971232
277133
491528
407332
191581
40390
832721
45344
316468
263650
90681
25135
212814
915738
652851
735408
145008
254965
929113
637410
900666
243349
759683
337878
21576
43831
573454
389259
385292
971509
785002
757827
475821
911260
111201
522818
458792
732617
504827
630869
995866
89662
502010
745482
973616
409576
816039
452522
823791
318730
653756
264082
865913
218184
657441
651518
79640
815149
864274
705361
809315
279181
553187
56466
652164
563760
529201
282971
428784
146604
171973
164127
503012
360824
428747
984754
883340
545327
517820
620070
671762
879768
625828
852682
549596
569134
902359
897536
514267
641082
562653
592127
30715
734300
911210
194802
457470
151117
665508
784943
258740
40070
586741
163618
80652
907552
116073
339251
999694
637422
903445
196414
654804
151408
624758
905831
613496
378919
269712
964553
80791
730603
398688
526409
556432
31442
308986
598461
364211
37167
156884
227343
700277
806492
66299
354497
177761
234968
950303
719981
40039
403866
315805
407657
97651
762335
566335
163954
229167
782291
750548
730389
644272
516562
205570
114671
266341
179444
142412
420276
852668
890621
535837
385455
817082
571951
849081
232669
282211
982990
93610
362788
605313
379753
273416
241801
432533
892600
946495
328793
609373
637201
738250
506615
97296
562181
548682
636164
209313
291223
999883
411693
222921
213154
162374
966008
578971
517233
513767
516553
985271
581883
820487
977900
637386
155856
375812
841569
726046
713307
660453
165626
429279
649626
431221
179508
439208
117023
569062
510517
24191
78252
774743
758684
31479
465356
318254
336518
347483
194487
841604
540872
726119
355267
900919
966690
359225
458013
830790
421755
61039
218406
336335
600374
599052
815413
702006
659078
705054
222734
949866
56858
216572
994591
561086
991107
368732
565130
59127
763308
41178
367976
986560
85763
609539
366477
955786
494413
759456
587654
18596
270986
219554
399690
737839
6485
690272
759114
831226
577662
570746
375646
579478
819290
939321
380257
757703
14800
109671
717606
575285
939090
626482
408757
411083
692227
67281
52871
566118
552428
947788
583786
206750
919781
608215
773165
344884
186858
257728
773875
187788
415523
251873
946137
966463
322810
335921
251570
173944
91503
950534
192157
737015
603989
759335
985464
456401
243822
76331
347278
267161
802788
730805
869248
201716
761440
678915
577564
203057
375311
52761
405856
429550
749977
281004
260950
62761
247795
446330
828298
586480
427166
757908
944717
31055
326802
716247
287127
912290
977491
304529
678050
813706
743834
314004
908521
660448
97277
897101
713244
585840
459310
352642
740418
699374
204040
739708
831824
841196
30663
929626
785800
238684
587710
386862
7742
980278
472916
767807
949474
37202
161009
472806
819191
255234
448896
80260
77020
188745
684753
595456
50018
221199
576923
257247
601857
233386
277355
793180
281647
625976
317629
955967
511158
729933
703228
835565
331141
685712
461916
33094
966452
625857
248773
228476
660620
8808
742762
701634
444735
294925
429908
558080
872914
807974
873256
661373
11057
76881
195642
991798
483462
659092
534995
254703
875392
377604
240039
815360
947655
604498
656614
226807
98274
188029
113339
125677
509631
303379
71058
514126
58806
413938
340575
234949
252193
554839
263700
58250
489754
23377
197920
286855
210643
192102
188772
715747
686589
946739
792181
103013
820080
163211
283607
398575
8046
583848
558774
660253
209445
490552
575421
72690
543367
886171
286458
642533
251436
924620
598480
66436
562248
459095
48834
444945
206018
15023
445750
300175
79472
361842
652727
336685
42504
840352
296087
777679
476400
346617
88884
466496
272342
337888
692715
3752
79218
972034
465344
890381
617934
229705
646066
934047
461643
675126
283164
508186
934224
339365
881610
435159
319485
332354
940802
922149
588363
996800
877311
97982
820636
870960
865744
451977
987558
339375
94379
605387
251266
556565
320325
427581
183407
915062
629460
797728
947122
273775
526058
336168
769010
920360
939268
740046
396549
861433
395806
607467
191445
257523
623699
882865
222750
191110
289093
414289
557995
218644
273782
361019
475479
806410
377487
843997
791559
206115
350218
822470
919382
246448
548653
157162
323643
762887
427770
362565
690177
953157
631390
807189
775365
244174
512308
360418
110294
84686
261650
130790
298133
923117
850818
860506
547125
718407
245400
369053
919587
546353
362287
279458
472819
407449
189623
989592
443602
815913
219166
658027
206549
352061
489733
552357
224403
217918
111473
208438
784187
862901
126184
327254
725927
4235
619064
456123
60179
242991
536356
31571
412744
853446
640623
760534
160736
210836
741159
304174
858088
867465
520920
816149
900161
552800
363591
937338
956386
99325
985383
770163
231998
797965
617008
795936
296773
642061
899543
242276
211278
973733
954599
244352
914766
460046
608947
17004
958970
506258
593834
123349
329507
954811
790288
760273
309983
132321
301216
242965
902844
421312
975993
95646
37177
607144
42516
619651
509108
938565
329348
156630
88227
481721
945612
808365
55839
688338
574846
567099
987977
708785
514572
17474
35396
406632
345579
350943
377188
87746
125949
503470
734587
700956
933055
512046
478413
455962
304982
735581
577541
221455
199459
391191
991374
251095
318657
730596
524243
286357
136225
585192
656467
214879
733117
381689
331800
754914
759451
988731
310263
150304
514943
483302
923022
490731
654195
680892
229007
334585
842619
33125
274401
982147
149690
333951
57556
845370
938896
367446
935699
481081
780593
234442
656402
428328
869728
14617
808844
718404
322328
602635
29541
837001
205899
629782
986700
548684
473455
49242
224343
842894
699515
627269
287746
536085
238903
702584
812521
830007
38327
817598
575964
299011
638507
889650
716257
323777
128312
428971
296073
960366
300228
549232
719379
633402
364525
396595
728920
479809
491577
578778
678070
207868
590234
9182
849963
439450
549057
387819
185928
767491
177085
179260
181753
36118
330181
839287
349533
918764
153154
657041
422936
15746
817874
764918
422420
486441
114471
143629
483936
395566
791543
927342
694538
195580
167616
558395
804912
98199
548147
13211
722775
980369
980079
389878
236672
362560
550746
762614
596614
76117
384291
815191
502885
845096
328777
741978
136328
283296
730791
777387
152174
916742
854396
146310
716023
554984
57059
15333
646301
49501
346067
970355
819322
96722
251336
659198
539430
340426
77153
866717
841767
816604
641970
267687
434674
283058
234881
399508
587309
966626
525072
704969
399708
843738
720487
440493
331801
314959
419230
625161
689999
729411
393347
272290
615744
743929
915161
395383
54504
565351
853105
254906
579306
644903
571228
833504
311698
658568
376025
183261
230089
618094
521708
816260
629846
872128
432451
566536
590578
664772
463670
340176
501069
356637
869224
664133
7423
419917
584606
623078
485352
976765
276713
803643
472270
679033
115505
922662
524663
776185
80165
210205
809013
141329
454997
348942
133661
407990
551957
905319
238816
783409
140413
73233
967019
294983
606947
837115
596741
430185
828034
26910
94036
369221
93036
882036
910013
468384
734250
166150
81089
412439
412003
76524
832938
921541
651530
613490
826024
911550
128536
788033
456999
552446
92785
545473
941038
30006
304733
329913
544289
841362
562743
123823
338328
377645
226882
545683
535359
338782
236923
919020
732602
743250
696654
122740
629633
908540
886264
558649
935264
969163
931448
237847
256749
420562
773357
851449
92370
927687
402494
700452
187872
179736
72759
194386
914694
394434
993261
846819
279408
911131
673447
753601
153561
302749
504824
975412
426095
882640
543836
145671
862344
529342
860264
236325
582307
943977
161976
178958
144284
288243
701546
300262
721290
591263
930372
94136
464228
744684
100803
863909
830919
872367
916836
796795
958683
670044
976344
17469
239128
237389
981862
554382
143059
526790
263668
197732
975120
292552
787338
891924
637112
9617
435213
644674
919417
317337
191135
439828
30370
97450
984212
856944
539123
43859
752761
813035
76944
479980
658271
730770
372637
281143
53363
16359
428760
473316
850754
831890
218025
913868
695136
531278
535605
886841
698697
703040
497943
793988
34187
412206
201954
412383
559393
173794
408120
739156
178160
585140
253065
222307
34762
656007
572551
247770
227109
305233
443725
663151
708287
207120
710783
467582
660011
218041
872640
408998
817797
466286
739259
633509
939754
135930
286302
375173
302777
375305
605018
967466
465304
475491
243604
466440
264091
313704
879143
412523
782173
870995
248972
833429
550379
684677
622104
200909
653916
488377
892240
662610
862887
997710
701246
585624
620081
415740
747242
345025
282258
616952
633503
150312
225763
315471
492978
559042
230594
918261
960031
468486
50644
135322
858703
199590
826986
92100
392451
535046
280299
205933
395424
524190
254288
944271
437588
347609
768751
291727
574718
22905
740700
425264
828772
967604
808974
681307
832164
978944
826086
172258
99945
228896
231423
483133
124464
561432
713345
78230
721849
862034
233237
870331
757498
142867
360315
161052
305807
310528
2576
80819
313490
40863
192199
319588
212987
870198
185654
207884
784784
110518
440879
178551
384405
143468
357361
529528
462376
296950
215293
25894
467557
691964
566774
286526
793968
703620
560464
521744
428897
879499
417779
791656
734739
897641
558981
944663
157786
578741
158473
844415
414547
891662
320491
362309
995519
496979
877230
130635
609374
487273
95636
324259
516867
206630
285869
755223
659890
735425
780711
841294
110928
765868
925449
202763
983764
776688
90077
288115
339068
285274
531232
594152
691762
342146
587571
570362
666326
45203
983643
507007
487891
104083
607185
717824
57679
430519
643614
127537
658326
226117
770462
576066
435611
435195
898093
273308
936572
383079
186004
671681
95565
445773
468866
917186
118004
111282
815900
192649
641241
881766
169599
976795
798578
569979
945689
64219
207543
272118
87918
242293
283268
838306
178312
953321
808179
139269
858132
645033
138841
790395
135469
639575
169520
376958
783728
594855
363426
470346
112750
733064
472272
355530
519849
539904
31785
735597
904622
821677
219970
743916
572762
855632
173918
229839
822128
444611
942648
500096
191637
821558
154438
705780
627795
39976
325253
851761
763278
628713
804214
626971
880200
462773
934022
421135
852221
769253
319404
985137
999595
457309
571899
383508
51510
420056
801969
556042
282598
71651
743938
942218
584160
683285
492711
590977
214424
156650
141685
379671
361674
345706
870016
489577
824674
573765
173401
357191
575408
218631
366538
18455
164366
536706
129677
673036
968434
743873
692127
366347
850953
555431
488798
18342
419458
701217
924481
651379
548997
95409
132526
433618
101812
569717
921687
386857
21859
692785
56284
754260
114992
22796
794701
116796
386310
404517
702426
740721
562980
424442
871692
883018
542381
340899
906683
881909
808906
809409
693856
751738
470411
778293
600906
848713
667875
88356
901049
314010
489072
975558
104880
886779
459233
38964
800110
59283
639062
830148
75015
319579
192607
902042
413565
484406
167630
824623
960726
174401
650392
842778
360141
927862
942546
196872
153599
675726
498193
964129
579661
78918
642674
306792
86084
881314
753916
149962
956499
275684
223549
917958
625527
152464
510752
694137
261689
769456
642808
378947
157328
137593
581858
130343
305186
673735
430569
493937
382325
493531
971604
928597
388990
816601
401617
332358
872684
451797
339726
337243
132525
835396
244669
875290
377813
533215
934561
940178
58241
843904
776546
803229
586424
173850
955254
819915
947274
623593
34015
576232
851360
990397
46010
41544
290598
136945
365467
633894
491429
354796
662717
620082
352638
993174
738732
182789
248842
553164
100329
747578
480289
154311
130993
440455
3498
33357
947058
638880
365897
424109
533226
651917
425499
520167
649006
851703
672804
810068
220998
83304
48098
381805
425075
869959
782959
758697
993917
671490
594580
741819
691557
330389
479924
178746
320408
98492
637742
573333
649504
589202
330760
673177
738950
750744
331365
954505
183308
232704
358046
712124
226550
911075
142457
335767
124206
929160
425048
614135
309488
93498
193936
460820
884385
946004
823936
188029
164510
921173
481305
255196
873146
754444
500844
965695
567329
981482
463120
246320
98873
428710
237156
452954
570012
689784
747442
222029
523572
604751
529925
575836
68811
606880
506669
2658
125132
2805
890006
228551
402716
205151
945986
225955
54707
924897
363579
866638
200048
28073
643159
472329
362204
793777
195206
867975
307011
174112
301887
723543
262798
474344
364217
679633
87167
916413
298784
246499
529943
724322
593222
716295
741669
394675
321324
686700
526457
127273
265911
710016
910605
495786
197440
555030
873610
177913
4715
229192
724689
6562
785600
322232
144161
674794
414829
944586
292397
513308
578345
900111
451487
668206
749287
237218
370844
460051
417570
78014
445037
775298
241422
811201
493558
114802
403130
561583
882962
254725
284089
33033
158624
700303
733305
107068
439554
397189
239934
104410
360953
125614
726623
285995
397525
638048
9243
715213
899324
376998
599384
480239
711935
807225
758409
841950
755500
709951
566673
330815
442505
232441
205752
566346
506814
933315
373792
421431
424753
900764
572377
828294
634303
251294
110055
101082
281929
15765
873501
495553
697312
670770
677052
562043
119824
72746
766356
680623
237218
920788
571877
713443
905438
847734
620672
761787
906167
949219
888006
76046
562325
541392
578088
183445
648552
424466
735198
106462
250138
980834
386757
937292
248856
44466
289151
474101
664906
800941
302016
459779
338605
963004
963436
972738
954191
43209
368020
279546
981808
615163
955026
483263
668827
832044
501328
288084
869436
25472
935474
588936
751505
438664
440223
687624
701116
847956
334261
522522
546472
190648
461057
182493
772616
559448
312984
617686
512203
762610
982432
284666
325358
374616
382700
871924
201192
354333
305640
837786
582493
570685
668696
569129
243083
886100
371702
55194
743598
718277
612522
136988
836170
327091
841561
738936
435241
312043
726981
143537
988146
54162
963278
904500
676901
79081
699369
546065
39088
808683
43679
83317
679817
410547
849865
71191
245413
719263
159218
882522
354809
805302
125020
32727
599240
563118
239994
397818
635468
304081
743175
535266
867222
661776
553409
381699
407551
287929
496283
66238
39830
111554
349874
937369
239775
78181
205537
407042
61245
587954
823966
190821
25811
790026
837924
975169
542313
788030
945610
767256
598554
351507
298663
624718
681859
396665
226693
857962
638471
903465
785540
19616
816882
426577
990790
601552
207627
196364
970005
854530
335563
136169
859375
465924
825338
462571
543207
740152
533421
533868
598579
187687
939019
909925
475963
684205
306552
207734
934291
580126
228800
949744
128326
238122
757645
520000
215384
861114
239119
952112
613609
444480
159948
69253
49101
233959
771045
581780
950710
910833
426180
675213
165527
471063
600594
975123
71938
853629
315031
140042
175625
72554
879373
146683
76391
929975
930973
80027
800427
815481
924480
341121
746716
633680
864384
547350
56222
816299
648250
121990
594644
518961
312610
552241
61849
960390
844494
853928
385914
297907
316913
278699
897030
753137
890064
844393
682881
383015
966931
634772
725995
120181
562045
719185
287451
360915
235963
33089
771698
508309
721901
597195
252828
319688
46980
479408
601603
982895
130462
923452
133333
985181
318127
298883
550378
170414
615991
702272
542897
795321
136668
655041
426251
127565
425025
470920
238578
575542
273268
427008
583709
971120
258414
88378
201248
179090
883981
461539
642614
333997
737393
25716
459347
647883
803888
607699
121811
886803
897111
395066
105636
376386
507093
348070
893399
181599
129715
112159
667072
65705
482368
414792
469347
281831
99181
318386
146384
374383
506389
642827
734019
164933
717381
521858
139123
608829
18237
947635
74100
602447
102273
652071
906025
318620
268173
182051
979841
205367
85236
533080
808765
183082
669293
626476
616771
108967
141200
714045
934238
646762
512390
463719
696854
371500
458557
691058
915006
307829
86715
628733
534283
716444
701542
26306
84077
10446
457429
8812
690515
551208
534541
931301
245231
250085
91610
637412
904729
611953
565999
777329
528097
451584
937927
3509
8249
50704
480086
536694
754229
21646
870221
783637
258486
812873
584679
614062
806686
302513
167082
331835
316165
142713
574856
290295
290844
608094
761739
462759
527946
11282
999842
881775
691658
111226
953397
98852
253235
713931
164872
19716
292333
778463
150835
962901
917223
834825
492104
343687
827446
232820
320399
151349
489908
223890
158507
64544
558111
971293
588765
384086
947350
430859
939869
166248
51899
121083
621609
569358
778500
270184
526779
796889
947602
465051
742211
876867
872293
661932
599151
568595
347067
113182
529666
378245
216221
223619
481669
947445
336129
578933
549482
661753
831335
604996
636141
705114
775059
866349
585156
62236
273892
610876
680935
361862
689260
151672
446744
593978
96115
753193
437869
874192
662390
918498
451622
510371
935861
43094
64449
486753
552638
561904
396163
542920
896114
355660
879467
591687
765173
263453
909812
744074
868494
64019
409397
334311
389514
82105
65285
496028
303139
563122
615635
11003
922046
990263
445970
146001
516397
636767
535643
619576
628947
553838
409000
136369
92846
965084
291930
187909
940371
430293
897857
253542
618692
218246
934114
530884
749405
580052
470790
974016
211247
921478
250350
724412
685086
143685
822540
650790
73820
526364
664816
191199
264945
294699
121517
884562
919498
837584
860396
972719
475269
636329
556022
956924
54442
501371
747542
410467
997335
480635
950476
369465
491706
590110
107715
240525
11381
234619
794226
356340
530216
565464
812389
577362
473707
992285
535990
804872
440415
319451
704327
683195
867709
659733
659629
345761
218593
337378
801080
592553
473995
243470
218881
264797
67070
569888
139909
613982
991286
549900
82178
736913
464597
886594
281869
122730
981579
608089
399383
278608
528310
521453
299722
371171
564932
183927
590452
339887
272392
2436
806410
981976
824643
5263
52976
873635
98562
212480
690592
788964
142799
256791
855722
294498
651176
805538
189622
489213
301251
518695
890469
461163
182589
789529
211718
877846
51045
784233
989410
567324
909137
443755
636964
650751
502289
997455
562589
384457
617630
826652
726531
494373
968895
883257
378090
927148
365827
594560
602438
116182
474877
807372
123908
236638
570185
815950
395807
544521
459308
586851
736621
140228
958707
591087
176794
837942
806260
692875
124295
228457
996211
870143
165777
39424
567445
126177
378757
487472
242758
193602
250925
360890
14282
938815
328918
123836
627955
121200
832471
523713
79581
839854
907119
889310
641383
197225
224942
303267
999483
90202
692202
402018
642750
213955
831200
548556
827285
467858
359427
53368
689774
575831
820825
726652
136494
134010
138636
784453
97459
743539
295101
446336
646191
630565
514806
90911
535155
227964
241605
263680
78031
99303
762870
369016
633340
288260
835092
859193
594480
691735
734975
651231
497196
843244
803999
249200
165986
179079
315551
715462
41520
984066
50509
691077
669416
602670
226124
716657
238209
43332
486517
553314
914819
138962
205254
604704
792730
407691
716675
114262
604577
625047
178
323821
908927
89247
85447
602631
306206
475541
68679
970655
223065
581367
582811
495857
558512
259859
372036
75604
400301
637766
478141
333294
597027
618571
851016
692509
26697
982304
783274
123710
254706
356296
755005
447261
14255
738527
797034
375562
396429
298654
220326
890896
386556
627276
285730
650198
788833
918808
841451
212738
511504
142994
976234
527440
422557
168024
843423
284849
240260
804652
266297
622877
793544
230800
408093
752042
950482
894725
731376
531445
747619
54638
979963
148363
850490
76622
754601
318663
842674
732821
438752
155443
34338
502483
236996
554469
374857
734644
443902
703920
206912
364109
882351
413647
714509
84798
147323
933921
708919
709158
347842
674411
252874
59254
332891
923406
352750
492195
291419
630343
158484
126200
591195
820313
571405
694853
925716
354975
968650
511082
310994
353044
387849
382699
60341
374887
186442
640366
81239
329776
384789
744190
995483
452621
852051
507124
157039
482175
888154
929036
6059
947829
739796
24719
215329
414964
572275
852437
176668
669595
975591
223629
92729
903043
157984
252235
661821
819095
672211
714210
892155
156714
973716
393521
259253
739260
400833
444601
76536
953638
537827
498203
788102
505970
45699
147488
762333
771601
853207
491797
149398
804642
33649
978796
113308
171898
481886
320145
722307
930314
284559
962695
259368
401237
680778
815148
383093
285135
249455
866964
522985
500364
950446
978433
746330
647483
369913
750170
472297
683977
668068
137408
723074
493936
104108
239199
626163
492878
960813
243750
844444
815038
568420
387996
862934
906207
369791
135928
904533
753560
507748
376770
528182
446553
341820
255124
592313
49350
163585
388657
824607
153625
371156
997875
962556
411652
690883
994768
965982
743367
303480
681483
667053
445802
420906
5528
469651
37502
487104
750789
97438
303614
560241
932572
272018
997411
569132
716269
415684
369190
583982
51774
485576
570709
970275
360299
961043
335524
775396
814674
131429
530116
76553
899074
548499
918730
638475
814627
822287
466050
790095
69355
895702
925356
801009
192535
87182
999623
37402
978108
403822
849561
97368
314085
741553
51773
847723
687159
844361
114509
452309
641158
747621
539308
154030
814418
173248
18052
735597
510578
389389
461182
591677
810828
2875
525562
63890
877461
980207
632689
780800
630437
381834
973455
817837
467542
256113
195631
950389
575193
122587
321938
614080
268585
218631
419022
365339
90495
455094
474167
501399
477987
268428
718848
280255
929409
378455
213182
534839
353022
469424
795896
358354
948157
682780
473032
15758
368408
284095
211556
653417
232491
124594
48246
432792
547488
935545
668635
424920
533627
384197
157931
723918
340441
983371
768858
602739
184287
889342
12437
47313
611279
876988
699857
207307
51033
25289
81380
163174
268043
119028
381799
751555
663860
362558
632956
650871
805144
461387
294399
740680
510295
513093
408799
173879
54026
962964
719801
313223
194324
551142
918782
904556
129681
432562
403802
694383
630117
111823
819358
341724
220907
336519
330904
343107
223444
785489
378084
313062
533240
428415
263488
808330
719120
807366
617764
432369
802846
368869
532083
219807
191987
989684
366188
82830
42612
964216
471884
280602
211198
39902
44062
600883
335207
855517
444508
472873
792165
776073
932626
3806
745876
228612
722250
314087
251138
318363
402327
918400
666115
755723
985873
208241
90304
60044
848896
28179
948398
785156
399009
864499
492459
971671
190740
772035
889838
348266
395921
80620
996870
824916
503719
183338
991260
307432
311743
7416
386306
609023
453825
829358
696725
268066
304488
626559
230492
576172
415693
768906
129216
749590
742678
183275
243714
444658
621504
111695
183347
217898
175255
367348
980235
43459
274329
711891
239464
265130
169502
542633
881224
335174
932907
887300
190863
485328
917396
560871
806978
838185
62289
569680
325231
938377
173453
90339
93859
742360
985466
728803
560060
28342
481764
64020
679285
682739
857858
980876
308890
159732
766929
183863
889351
578320
438469
428279
919803
955146
471619
60042
837603
684487
946617
446587
897874
539081
237006
406597
522662
703052
36514
341312
825771
293172
959980
904080
532684
463300
576491
384858
912865
788030
291668
390552
87988
297708
599025
617108
49591
761639
992220
395545
643979
694768
152264
766737
554006
91801
739366
752118
792302
881730
366561
671845
894698
28222
722129
957006
713555
232859
212052
90751
274486
444755
586400
861363
299011
588864
534236
972172
8086
949983
151406
720250
398890
758792
267678
598996
787902
471341
204578
922855
333812
386270
154418
443586
285561
651816
174763
446123
329764
931341
82979
323340
950123
954133
37942
888564
257050
158594
351133
91158
257618
248449
353250
178501
747462
106086
676155
155970
355598
203402
640126
487826
903774
837714
630077
167568
543087
184178
144620
14835
997061
770826
835014
56346
373421
316561
187528
258472
290636
978719
669435
104162
416679
111809
145749
912365
129755
819508
716031
394401
212171
231738
410279
206224
75576
940281
400027
570847
151572
313682
320580
936932
416137
775715
989960
510803
630870
122284
950669
734029
310379
237541
736573
48334
578130
869885
687959
984165
469824
269439
934144
853819
906860
325882
158243
919828
705869
778993
211505
597322
813742
299529
501141
366700
972839
359826
391884
853396
692258
451667
138822
765186
965609
501383
248383
871903
89932
41080
28106
534367
834406
519422
375525
329761
444427
42654
941113
893772
248058
127163
640612
80612
627948
1272
367662
928260
697927
125045
915532
699735
442121
744594
474884
542014
197681
291421
157172
400292
566203
717142
441435
671055
367526
246910
778843
584757
705015
243701
649681
262631
849511
782047
589001
136326
84214
337214
484152
301268
337549
227355
907465
749195
281045
883851
924583
542591
546097
38395
358199
542196
291989
234165
336915
879090
287575
819788
698072
99787
784251
553825
765877
49238
10952
751582
54398
767375
763361
220887
397279
889582
979724
998613
83989
494048
340020
1673
100694
529410
986351
212340
141863
941339
358710
16054
221108
458252
317115
443335
842533
515082
610408
605161
428145
259074
727436
375956
115814
180943
699891
93356
398574
918417
192756
436652
427843
122522
813758
861644
298584
11150
92682
327212
422699
620467
191698
297099
566040
747123
205743
224825
426656
8091
186014
359851
668601
748654
387588
838065
223056
57551
551786
409299
842195
420620
994794
153001
95904
352600
723392
313024
688545
321193
391298
871271
76725
805870
201031
805194
945091
141287
990566
547291
381498
663277
726372
281546
433246
52085
726709
240887
613038
149822
234861
188024
521553
244232
226963
990522
748012
854912
278945
206241
184148
648326
528098
955241
127884
201747
341886
450366
511512
370546
462878
603504
261142
302094
669753
334198
624720
7984
599414
205011
721783
493074
27360
854223
829781
917507
63226
161702
204565
121021
83956
267828
894935
666437
717577
804138
99114
16216
369901
268239
654262
57950
561093
782367
156614
372389
471535
542652
201297
627222
118634
367849
198091
92996
856919
800541
677350
859114
166254
737406
626904
702539
8566
427202
551681
687313
378013
658267
140313
89051
107749
235096
445083
760792
289603
819209
396334
323700
534695
193942
112283
750907
454728
889481
472239
521213
956506
461028
989581
133318
262537
729063
187472
501805
795171
668913
42086
363925
48089
785747
471721
953312
777474
91838
400955
315089
345498
157089
600810
201213
415296
823638
397113
2828
255260
82219
605703
774850
388743
697834
614554
880296
189608
407417
889847
501648
881466
598754
711644
859966
791112
888797
255457
453314
722621
707870
894199
691854
600303
144488
389931
373933
541144
698300
689960
2588
450611
292220
132427
827440
536434
70586
256396
780402
288449
312379
123427
367208
989394
171643
997942
421545
102120
840259
689065
999856
437129
424060
211169
62737
822593
647491
266021
423806
20598
597733
969303
61099
336495
901556
392094
244473
32353
475881
987695
590166
985364
981157
920062
28243
801905
493550
388044
213638
687239
193413
69388
385482
764511
165390
241358
540946
657234
912037
439617
384937
464306
281954
942467
212859
787030
1626
402201
653194
79131
489724
602324
396431
342808
136335
134171
263401
140525
714218
756163
550614
983861
707315
768372
843294
995194
961318
65029
14814
245924
172614
545027
154405
750709
12015
405635
966256
2759
632484
994472
621180
680202
930069
497566
894470
762325
485399
291048
461539
989683
346086
482806
107049
878002
296602
398079
998493
820716
4059
12280
979396
904679
980966
199162
79934
142999
287153
447045
117249
337496
997014
450563
98966
597367
394151
435001
875151
208694
490444
38821
986200
713504
734574
876334
617420
565010
719514
506731
180757
283135
718361
60570
607879
447687
849247
724531
921101
692819
299296
879304
101261
843529
380908
672221
251033
389336
249503
358112
949602
998579
571281
878933
752639
273642
714169
669822
185520
269574
477662
307429
950499
752609
57437
901561
150521
644274
525231
474929
203311
773228
433010
414845
398788
1165
165660
717390
483313
326221
998198
865338
700757
340562
716025
643442
110955
918104
1074
19242
902909
594018
931940
592487
687958
164718
739987
603162
550678
663020
5906
964417
753331
710743
449142
73949
47010
229555
466435
451706
578399
473977
498632
243184
601798
614651
797182
568808
16084
368911
449921
313313
126999
538524
56210
928384
685450
249925
830644
649087
968499
462156
410364
928425
414077
219677
173052
128793
292834
617145
88558
344356
829879
792767
458034
626994
126622
110029
377892
749540
607524
43792
785813
878975
715124
562526
296958
740334
395014
364206
187204
384032
415313
302264
582259
266015
983661
876685
308646
906367
712379
337407
363105
778242
387976
406650
744131
469939
150806
654174
973767
604397
57774
860309
85049
616020
163616
550170
832125
932006
418895
421439
562961
244415
560096
921899
972596
387466
824245
904134
447745
612496
159334
679942
661682
842897
667312
408531
120260
74795
245686
393840
551628
486523
301439
711765
141391
247183
795727
299293
932542
402812
859877
646243
683977
592790
259131
385259
154454
761642
245312
102475
453859
358047
985899
806466
559339
570573
856633
50219
416737
805913
131079
381524
10649
72080
583665
371502
416011
86837
746167
651895
160988
154163
583963
713303
539140
879229
469386
562627
857863
501153
707830
376197
96372
368158
477812
581064
646560
346465
640303
973758
332652
357664
89714
944837
578492
987958
950192
620190
12738
10150
945903
436779
958688
576577
120890
436190
817715
166147
908369
974632
301904
451183
915942
739335
739558
317406
632298
40075
624339
554234
938329
630580
158776
889637
378779
38332
4105
566365
47377
256552
738361
750823
784682
47596
11488
851868
378005
149747
905491
216772
748184
488046
67487
681832
884608
921694
549169
985731
833856
314384
734450
979542
818071
862747
688321
549527
419532
630483
121428
524397
283476
388735
448532
350208
636815
198130
514256
760245
319363
541835
64559
253806
563817
266050
493675
1842
88793
388131
90008
918620
334488
428869
69388
156915
946301
57949
709667
666716
213232
962275
545587
755528
513393
625454
844990
798764
582118
661309
212847
707534
570937
834696
530421
570642
393127
561462
833079
132192
42286
160699
520243
166953
355172
161870
388522
875629
166474
555072
297760
359709
81556
476370
82846
891024
691093
650475
65573
768085
837236
132969
175566
667916
977442
654358
493438
426169
416513
919293
147610
75269
416927
240840
981439
45463
994242
409280
598999
160856
564513
486521
123123
729638
399755
508781
867755
53548
775250
689507
922897
501104
251902
443004
758079
364166
229576
63869
768888
454974
321270
499459
571221
675600
876628
987576
696064
463021
621059
311285
52391
698580
652874
160040
214536
99566
162397
856187
730638
992090
771686
76475
639009
203920
833927
531622
5476
805560
150579
994988
515640
887025
544306
25406
838851
408524
300721
351602
267446
680323
481141
358328
429375
453082
742758
283504
718223
140458
485413
49136
669870
432815
317955
786999
824549
63180
514263
67680
66531
213505
622379
811986
95884
156095
687766
610811
96333
924423
58704
67302
962862
990379
66609
71420
441421
729007
936054
484990
350546
417916
576388
406046
143324
646217
393242
753547
724667
733253
792473
435854
725647
696031
106089
839806
77419
880513
514598
378090
756975
257409
284328
736307
886556
665456
888554
163148
581668
969322
735696
942386
124331
631024
767573
399271
384385
750098
126846
229645
648930
190783
233573
210160
365069
320850
857006
286793
266903
788159
929537
195370
462307
232844
572001
292140
807228
463876
551802
877951
110855
12799
823439
767818
410359
656553
144601
754648
1944
168694
498285
305840
950284
11391
37428
581186
679493
949357
192959
623380
273238
984999
167963
868155
276368
627813
266040
301358
960496
971113
503596
331284
652663
269575
110294
918647
260067
424816
230293
651491
39239
37372
789782
116881
850405
266860
901111
806663
847736
513068
967314
309033
898774
18730
121644
890519
778173
100230
730509
453062
979684
929949
846165
645239
884804
311427
501680
697284
74152
203784
638337
467048
598964
600344
80315
396235
240585
781635
453054
882381
238012
863735
499743
872302
708335
413132
721326
481229
740234
3432
779211
723457
174181
955333
154716
444437
413441
961993
44289
936511
173467
355421
14739
623003
306801
442635
255486
330810
245560
858255
779768
570092
64207
595262
408822
200869
20120
317373
732814
685462
944192
831730
444457
73572
588616
180169
347714
98059
883934
588068
15806
623457
510075
349473
454064
676674
523407
530634
692598
846154
745885
561279
213484
267101
461134
421698
731448
863498
458916
623123
378303
89271
337326
46392
550470
150500
910484
335659
395871
854659
799590
263406
262864
362443
52092
867707
926464
818032
526593
807428
857610
36844
745686
720967
573769
919379
746605
54611
43689
205777
146391
958433
304332
971939
562131
163611
860270
802821
946708
766329
841209
24335
211428
944686
604596
411475
462488
402785
319493
192092
692316
553796
114151
616411
720206
545303
270706
869526
747066
919729
991313
335724
1075
904971
544984
50959
966830
675856
279768
440955
275984
774622
839559
174455
637915
178354
142693
822174
989339
610044
79746
510649
475487
382236
411736
175011
75503
713746
502899
801909
719254
860575
941666
105770
402535
291861
327074
590668
691723
916894
514539
509496
640520
712054
923786
133526
279237
301419
565653
638896
860419
417361
471231
849029
199879
743271
474769
635092
342678
172525
592219
876696
466632
68540
803086
733408
84459
928646
368723
777000
554966
138824
563735
794455
883569
345857
957988
239823
374372
701792
598042
915088
335607
144237
767915
787505
401406
298557
288091
348758
470091
826718
494821
907752
842676
332792
902220
430721
655353
818840
132821
100522
21761
842684
295474
811692
525062
613244
443089
991272
496688
795246
905077
462110
687541
983049
662533
275236
877219
328883
552047
343020
588364
44097
304461
744419
758405
487714
488576
730726
958650
406864
588808
498967
613651
401698
644889
855214
723460
257760
939400
83030
901357
169641
889315
454440
752327
722579
650850
690821
168495
161586
303977
967164
467021
1317
418018
969328
93574
970185
372090
415559
307961
972632
485103
373678
501344
124268
70434
197989
914227
648755
22965
766817
520481
828425
265716
480660
894214
796101
586894
310830
464779
288311
666633
408754
229241
542827
936379
777384
409282
741693
32787
565593
367286
638162
538868
603895
429841
723521
982881
795537
488690
353452
652051
862389
808395
375208
848864
616830
621418
881024
612501
301091
467491
833614
208211
545056
47345
761584
24150
979656
251064
829785
343989
730154
614199
173893
115837
188311
361343
105140
142546
701504
54506
15007
955944
887391
647555
215695
297730
204335
603313
32285
883972
166126
549596
660626
950279
964619
619121
270101
869684
588570
335426
244177
858168
948207
463440
54676
401850
734400
692131
981171
333360
454441
348539
459067
463628
842478
216371
121333
281001
797524
867804
340311
380831
865980
693490
276367
980032
750070
102784
118778
191294
119184
585865
973741
170356
63052
458002
260345
589910
11082
642374
100189
3406
865549
615635
31664
760649
665749
519338
474469
822132
376855
488622
298581
903730
234771
728595
279580
528761
169850
742822
706950
869508
714322
190368
940177
632285
362196
323352
310482
600924
967656
153697
579355
674562
439287
554468
521764
985752
700276
695556
627666
256217
324436
386200
248726
135949
995994
501288
739592
658269
158328
854267
456807
281632
88741
752156
380221
570794
543631
212476
446556
435945
284547
914952
251691
781485
322097
864330
233664
22315
690272
589333
128028
923810
507656
156174
85909
903039
577414
199425
711412
72791
119053
497487
431189
222492
750757
892964
347567
224003
367493
143499
854181
995791
425728
734859
303719
529924
798890
773726
73480
737998
339558
14927
113689
766903
21647
356206
155332
182266
187041
194309
659039
164594
53728
887153
858085
420058
496371
415260
593686
464884
646076
250560
489838
691730
73380
497283
495750
20912
648247
262088
337635
806506
901573
406943
959329
769359
193153
803325
65020
614004
855331
54153
293619
755211
287338
76878
868126
598114
466093
289701
233429
979754
320587
843733
702845
746158
521967
95981
778410
282728
421571
981858
967249
419506
916939
438709
909356
335949
923575
620742
957191
464060
266765
740219
699033
236354
325398
216413
962112
744309
628833
416127
377663
45374
703708
124614
439200
11069
890644
687093
579705
124545
135711
769447
678037
765411
317834
856636
309911
329024
163753
836502
432447
326950
385869
944019
889628
51707
822129
135764
388456
410400
356845
297897
495420
876930
117983
820644
667581
186065
23999
415571
576392
197559
828089
122163
388432
316888
991606
840038
417217
835877
233167
55086
449853
954517
806260
105625
37469
254963
28219
243633
952867
991772
470212
213601
2739
349722
33978
328344
602970
591888
217643
406885
977990
883164
42142
111720
504201
486287
224494
680285
684733
375779
752461
334882
707241
945093
540401
196075
896207
306242
72775
539716
594030
441685
574002
824280
358929
973537
642511
731561
428048
511318
20107
592302
666239
978745
839378
471179
202940
119137
64074
668609
796831
659917
711680
444471
457243
774109
338857
413902
114982
720478
204252
415649
415456
755307
527666
237172
657729
551417
300305
58650
905613
888774
589845
941350
28624
227335
661739
660835
496126
267798
275390
575049
984516
990368
348553
900974
912683
259624
69203
708634
132437
310513
380245
978389
786717
884390
975714
618771
334549
589541
460051
909265
31754
518502
521013
622126
121069
549956
356912
160160
510320
651455
260440
728211
36744
771798
238827
73227
196317
999583
580544
380908
543369
886815
989231
275638
184566
55373
809507
750598
81285
274823
389618
437050
805831
886120
392047
908025
596230
598552
598574
311249
805966
160628
846782
290410
347404
55898
573028
48037
190456
935807
782129
642082
120365
781517
738680
919655
825273
987373
406864
138967
34800
99214
856427
846757
453359
881123
431209
552526
797641
95622
89817
490749
591318
136476
371390
265150
508515
991181
105703
703235
851671
953346
315218
988204
534879
277605
655447
323295
289665
842969
417128
62457
331058
878280
515451
333047
335059
37909
415174
722347
135352
802242
418999
118693
1529
991392
255057
464186
517976
21161
601133
299318
590917
337117
412298
901533
841312
501315
849163
635412
986007
628818
988723
898264
976556
652378
415070
758014
589249
928557
515628
135034
782794
381265
499439
682779
915750
151115
831384
63460
452362
38806
830944
883589
426620
459421
374126
924223
842174
557982
500354
614083
769376
179558
108080
89336
285950
785135
352863
746656
941352
872084
302596
871793
446291
926959
802871
544235
455687
702859
370723
786047
141229
844321
305719
177005
413016
175202
365364
528929
145557
841306
632802
860583
980415
2438
895856
668738
432164
936573
554169
318751
843550
541585
240024
609766
384665
552184
536327
922136
859919
46804
787617
130709
532439
551789
604631
11103
582034
651278
799482
580531
715551
669555
101703
62701
764300
707099
936470
603983
897842
967193
259538
956026
986838
923391
526593
378027
508266
120409
475409
792022
350064
149499
974154
849115
211197
781172
895474
748519
29086
720436
988839
559968
48708
946107
3836
800877
306232
248986
698289
434559
544223
940959
983633
432468
578601
659099
287952
107499
769279
303469
747013
945180
408035
970030
207531
482877
688750
385624
334766
25906
626172
587425
258020
53284
899424
343078
697427
757989
102170
13550
555388
303645
261615
622019
364760
579596
344555
923238
660257
804458
840816
910782
811941
625763
357095
800690
884046
726967
421858
495633
660330
4425
156812
774661
250614
457230
581621
160079
433617
160053
534555
63158
692409
303992
533563
24862
634755
79373
179140
687829
462222
829245
420540
940153
415847
248809
81406
728751
580904
891040
620616
901494
921778
757978
101249
931900
617101
223670
502259
434251
767201
440179
125647
109068
30668
489688
754637
382533
871500
240801
11944
583180
936953
874492
482037
188855
275535
194739
646481
218092
570899
878697
607858
655448
653745
258136
289244
623661
278237
440595
841687
473303
942252
661349
353866
230214
176911
889479
901351
12211
939392
291760
553072
350386
178958
170920
964978
147620
426583
417694
109386
542921
904430
389364
194850
639167
769837
812309
970769
414341
373277
395495
417508
645979
119504
84145
354740
101529
675604
633255
372924
283718
134910
640723
501783
249783
805363
246893
845041
750616
302896
510727
768073
315951
363716
420203
129832
473772
607940
381182
743323
918378
557712
305077
859424
441463
32155
766202
151703
751117
468342
166635
26852
78253
889151
893146
279488
757122
771395
681663
930932
887975
709482
917524
988571
646771
527305
85769
596121
688568
420395
460978
374718
435003
250428
875742
700065
716087
58895
135192
657636
361000
959391
919916
647519
372034
33050
251579
544983
109833
664285
938267
386086
88491
943013
916523
772018
818496
724997
73867
845484
764965
564713
486466
687097
829590
702310
169081
724989
422691
202124
597853
979876
499891
543111
168052
902869
286558
144142
978704
845801
929627
730902
600794
413375
716740
390710
319312
42291
886710
965205
249937
744868
894763
939816
43102
410007
215688
880461
861567
306685
236070
661000
970723
661645
610011
436370
317419
119994
746990
997699
674229
513333
710223
445512
340693
40811
966398
880708
115917
867148
343606
413522
657971
727966
282191
484169
547680
368205
374384
622744
720254
834684
425077
617572
482711
369322
280352
197995
52692
119444
49221
693178
150860
242809
665469
789866
389691
75931
167608
538442
351726
997575
676022
753541
933565
541200
289376
742536
149241
863984
701387
869350
323580
327467
155858
183272
940098
390378
497322
914018
252509
791495
76593
956085
88986
934623
995918
509568
395873
547344
700451
160223
651164
396731
16376
383329
422565
19418
687012
202683
485078
263275
129754
814710
282122
391818
56762
198533
817710
414594
452342
960373
570500
195755
142779
389813
687842
768569
346534
831957
657950
184906
540096
582555
230367
387470
571810
197477
17476
762996
309257
935700
325480
753764
89022
789966
572833
934703
237776
175268
312989
859653
853293
738546
121300
275061
192049
421002
458728
460533
302897
329742
553433
810785
41293
613500
616201
882990
269240
824570
701375
471339
301561
38657
651047
211279
394812
327569
644545
133174
259629
63773
278515
588249
717245
919034
273779
955149
458690
578516
682744
357936
857947
547897
580513
300747
857166
602530
761423
634054
981108
635833
693575
762832
716472
693080
190425
617508
620096
117477
538937
673582
702511
932566
64487
968026
76651
785659
596136
238247
711412
143458
422281
431371
606192
906359
317952
285628
918394
376044
607355
614509
475102
574828
466412
252754
659580
160367
520664
279222
187523
54339
750138
662297
363340
916580
86085
246668
768091
981961
508397
790220
211218
206425
680076
680272
935548
484450
341603
141843
830364
815509
597949
87707
471962
544214
828496
396344
208058
576785
558871
777079
888956
332808
318608
975546
688509
831005
726540
559229
616320
878478
188327
393776
435081
455022
235249
148612
238879
541833
716555
448984
782249
572625
661419
629228
678215
542402
214850
197798
998021
933618
802644
617846
371134
188660
902692
964567
413052
759884
1263
678256
250943
566326
255965
682486
185185
794842
793611
477774
389446
22332
276087
30993
406403
320874
166495
1050
228081
119648
359269
805167
603410
772264
665523
375351
573013
445445
916413
58896
709542
439698
807354
439228
159522
897586
102456
942255
573888
64237
908892
52108
579948
338971
369625
746594
432805
595249
900564
306501
781364
431333
197026
806099
572935
227986
871906
437929
847436
972138
64680
457282
986109
874349
537847
725865
98985
340783
510051
433202
852853
149277
775623
931047
517526
429859
177886
824558
704730
68177
668155
130727
157631
82375
29246
41483
489446
187623
412788
623825
272806
839019
38543
593605
357632
568756
567363
692538
949210
846612
201989
422852
771922
92993
808996
292718
603982
76220
548884
270752
652426
810172
862354
573037
567390
836801
602722
247697
534476
704048
82185
499577
358192
583550
447036
609070
160618
99572
271491
749610
220361
695142
263042
708512
900154
428925
638392
494765
86938
706241
554841
208287
157964
548503
533921
207867
269235
488029
785070
385924
677168
580432
12693
451725
476919
540325
244680
267733
732936
888695
276734
92777
971885
70559
414694
929412
418709
68919
966465
992426
679559
831787
183108
346177
780355
714484
618913
998424
464847
318951
127762
609256
165473
377179
709662
518463
855586
504896
45664
616448
764689
513855
56448
286111
322958
28931
907966
302682
573322
463041
460320
869536
430485
976549
960238
375568
466529
677466
600807
379003
224679
71979
177779
432251
89708
373237
609460
470651
514426
759697
543849
573091
587350
389761
415870
716710
352003
870320
325220
635649
786782
94795
675746
782811
323916
158294
543865
265249
777957
149520
260619
927650
183095
815419
887349
7471
298872
279138
968383
365038
839280
841001
490682
630992
373653
220357
914122
938723
333055
791291
887838
689212
461143
874907
677970
830037
123018
695244
733727
985362
478101
598091
585090
317119
359000
410571
868204
635129
304454
662180
491592
489295
793913
863247
972908
601014
329757
104828
673127
896398
296797
103177
202852
724684
280062
175718
606142
127943
447346
134033
314287
864836
851948
954870
483563
928032
13375
978016
230884
134532
33993
609993
95650
585983
162876
344931
347453
620382
611022
28706
175742
748391
561001
988295
394103
752552
842453
261330
449719
685655
721287
294182
738316
163978
768701
495848
34786
288814
812361
902428
870179
97344
736097
581193
978125
10110
221216
723630
918437
566017
560850
148665
188075
844310
158196
893465
948812
815307
136613
658163
836146
570158
504591
590310
788130
419019
154962
185214
867395
8001
308893
25130
900293
157798
803259
43866
913965
221465
255331
478879
37518
711612
285285
360282
634364
646660
412419
65477
827439
910970
730038
502739
22606
314125
989410
268374
125794
384997
856623
294978
367414
458109
569101
744237
225793
854019
35153
307919
170630
342122
156069
707540
760872
4231
342912
22949
548509
487325
351038
880557
77688
614630
870515
41180
183920
970260
612269
282095
365203
934000
604658
923801
27436
402134
939900
906809
864546
362749
748283
585069
214729
298792
96160
21242
48508
286003
717050
406350
654235
216750
150696
278014
881625
528742
193850
645168
350776
623933
267218
825417
778743
819503
317190
170951
980765
995538
472329
305758
956403
588353
468009
613581
702614
282924
534334
363150
208577
867535
953512
763408
677873
256364
896558
530263
542666
280761
29747
793626
941813
630272
104743
233639
585474
898705
343356
731935
418849
827522
472491
287023
824153
956473
725130
586778
738412
604613
680485
793190
571156
453673
569521
728530
182805
439150
21076
101674
650612
541149
516087
434315
209106
136603
560317
987715
388863
163664
911440
969295
759592
656149
108602
603634
551200
751160
927152
498938
184915
807685
485049
240307
976839
213550
835068
467611
262071
617535
967127
444712
208328
522282
705371
293862
356339
867344
785892
519420
619288
587541
215059
575747
161480
474494
612278
846172
81382
727247
166992
579749
286639
116760
185717
367975
55459
368504
175179
533647
639441
591212
294109
97853
377060
168712
564839
794746
705600
885687
809255
405054
757084
764435
916222
365021
557222
196052
450152
565285
951249
678411
519939
465982
524985
352527
75899
250317
487452
332018
994476
186356
339994
806161
111665
916497
893520
561430
172965
969123
835948
148144
15265
3878
901452
125064
56000
717126
36016
774188
535423
827458
841483
98718
599328
250489
981052
931096
574298
428798
400125
5967
868433
114490
737260
803227
721462
408300
422738
66670
837601
864347
531598
281737
593493
84710
891364
259920
672776
500960
538359
93306
505270
215111
393649
278761
947785
933535
691401
121787
101776
122612
836785
375074
932211
46212
749168
504739
592464
858635
393684
684242
34409
894802
947380
511020
402402
15520
466650
642077
688283
71545
762663
111576
372207
412986
146565
721874
433083
768833
271694
698043
468367
670446
849613
987892
168924
950476
682700
781962
159514
734681
353781
400341
900026
923351
501294
660928
639995
191790
466550
520226
817477
64257
781166
58809
356424
117604
569448
754636
20730
154060
399555
656619
679820
135809
700806
780400
213491
883452
714975
554856
55651
414950
7627
525320
754054
970711
808396
269853
350689
510303
21171
598256
936774
133586
210605
742769
272111
853165
136377
724684
118375
554827
303386
150934
397022
950489
933732
241640
594584
842911
520425
643602
184122
321921
147077
461946
695130
711652
859008
23629
995923
785484
666865
510413
586178
937300
816121
978828
673691
735161
601880
255058
470068
474319
685839
732363
146768
343465
397608
674900
34154
944474
390016
280934
659694
986900
509091
169516
354390
999746
45600
992553
648183
105322
781728
648410
691870
380881
928701
760868
820294
695356
913853
461403
424973
52160
783926
401729
12243
14011
59236
656429
371852
474853
800313
126739
562702
476108
311514
544542
37344
933707
762286
686793
101999
228862
854462
23196
597744
282857
535293
897902
397111
989084
752803
813594
190362
354613
205588
493568
907263
512123
358043
822234
737706
43074
965809
706371
620051
684982
401344
357533
197839
645310
80699
205160
361882
154797
856938
739419
279988
109948
189391
37591
919499
811190
369372
479853
835878
809472
401579
966821
373787
535715
619152
572225
169565
748058
355983
325713
695410
526871
837909
423410
833690
82987
437782
45087
511253
729392
320556
418893
755784
657472
21523
764024
732539
519745
985208
881543
799292
771754
323930
75623
743931
678444
280586
371384
288678
680660
204297
423025
894452
265689
878892
496122
817928
708726
115560
490745
647456
967422
162461
981450
466679
433104
955250
944427
861317
576516
897908
438185
5847
737094
245888
656901
56587
563993
646071
815115
486181
701103
247472
910757
476382
46689
614123
926684
833491
814170
254123
629758
811541
379545
781930
534768
358377
365954
861712
810390
49818
502174
571921
538224
117993
900526
388598
232453
443940
140426
863127
598395
14616
978927
390336
579257
8952
284922
21147
797928
14771
330527
676174
107657
905316
953732
88253
944273
660610
600183
278669
48833
635971
115848
36477
255184
120459
602725
655696
291791
364763
506141
444989
916336
750880
383047
552882
486524
657650
436755
340323
103145
796234
825730
507912
756131
884373
652233
689599
932607
994493
704520
132096
833520
705996
65101
594763
110916
125674
175311
482966
147658
4783
835213
630264
287996
151419
887777
582394
634259
341876
896141
647460
351638
943625
159442
461632
769571
655217
553577
699267
528978
752650
882084
400605
710437
172027
767967
400603
557967
461358
905421
824940
286629
889617
58579
541262
891976
83182
477331
268157
699523
932141
595251
910853
834209
138356
17984
178840
969099
37870
542384
14802
49965
748161
921202
15515
91619
163639
475635
627168
270757
621469
783395
672353
356974
123802
978441
59783
340418
870685
911970
908796
151887
198926
174105
295203
763999
355627
80085
10217
682406
554438
979912
777117
909051
97557
579771
879427
227338
257992
842414
652806
428227
699317
52777
327463
996913
348000
979557
281851
64593
601549
124912
513469
531768
595119
921546
462280
22000
948831
330819
266025
761026
899830
911515
449959
284174
460406
572668
503863
376654
684732
912791
590300
285397
903396
381136
250954
434193
473528
437288
636513
250695
381157
313025
479132
844527
186826
580520
454413
687092
547220
253755
559526
350882
258536
913171
445714
506307
640533
285960
428311
875510
49789
956047
999955
201192
577382
144156
822932
321693
26463
749831
623334
952485
984547
678870
316532
304260
62505
246503
620925
136357
6749
413140
791360
697157
84317
324812
356645
578354
693315
489625
228134
755502
795462
946990
178274
697336
74564
965727
85900
639090
547964
859822
518234
123822
279576
428669
188467
446623
66356
91566
217060
810699
94632
936969
644347
450476
140042
275411
916685
624913
847772
376910
338987
111057
671873
793694
401177
890704
525851
795001
403740
884969
929818
879978
736033
718290
226495
938151
796903
3668
669305
190487
977382
572344
288289
288689
789572
370466
755217
498740
731023
297362
733794
11078
888001
795772
519526
288742
691911
605117
747017
878696
555612
635494
52266
459598
589710
969539
93844
213109
171347
905395
168129
991044
568543
937490
246946
845530
61180
837652
190153
358935
647872
973440
750208
420929
377698
390689
107191
370216
195593
452910
239671
104501
8910
947190
498873
165838
833940
129929
187604
61339
474912
802874
558539
46313
234086
215865
452989
460726
865935
685579
709188
58159
460126
303754
155547
504130
39706
127074
602873
741655
886569
129274
523425
384051
757708
52025
106267
671483
492547
391210
301350
730706
552023
760014
365037
908725
685788
184333
717114
842626
38648
560924
693802
766583
880546
70844
519355
561274
172454
433599
819646
17130
728730
150038
552262
764720
686934
573929
409406
698729
755693
852181
518322
948744
749168
443345
687212
224354
785268
105649
534263
910134
100789
303513
496008
866340
585053
131569
970098
966894
625084
728214
945977
667149
957285
487483
413640
232632
165019
104704
559381
945650
676371
767302
846427
225828
771428
508511
356325
912542
750708
43380
929372
756615
499924
658265
400623
688315
745631
21489
294659
983280
241152
348850
399710
690680
231339
878439
298295
558329
661305
763139
589841
992613
503191
654966
125134
635435
153340
87908
583459
723091
813812
873147
988563
660686
247407
334685
370593
424731
435995
137974
486832
987519
772124
988335
620179
494563
822167
34166
898241
366435
487405
886425
122572
448602
195380
578199
331801
652525
940385
52947
425113
112762
785418
903901
632052
783032
738661
869112
696119
374303
355548
735227
479278
297941
595387
618186
815113
113612
980656
284553
936851
509104
455985
100064
697825
818604
821246
641989
980977
606038
419785
726133
946002
928530
663877
969418
541392
252761
182796
690606
396515
731114
62710
520377
112679
723397
609504
348830
958823
411384
636697
528383
13218
772363
750115
627760
975404
169924
898259
564592
483484
929673
983010
122114
591765
650971
620072
813856
288697
168449
174184
188791
825375
93493
913005
927267
189985
683791
826895
554116
963661
230053
146216
929472
782432
16276
644440
165199
851492
586101
270508
619300
653545
734854
253057
119547
592983
144778
635301
260499
584944
72704
887511
456287
237135
850679
269569
713362
769250
433167
994478
415470
825956
377887
143959
504313
449164
52713
712733
921082
296768
567220
588492
765384
493473
971037
872190
903090
627663
304477
965588
555600
249218
971950
454408
172826
245018
99213
682274
711797
581772
52945
186113
612437
461253
904335
310180
439161
713009
794129
467425
445890
487403
439446
597079
894831
439544
574684
995700
557270
662897
143952
783876
584169
234485
86006
672871
115213
655097
165943
364089
594759
585983
295380
933997
65268
659038
703628
400506
409145
318105
60436
334629
840651
941204
992537
915868
644357
285954
880527
814048
850822
513868
292318
864828
5411
786521
885558
890070
961159
234410
683333
91248
295839
697964
672480
971536
134782
362415
11740
953507
454431
263412
350153
473418
832039
530113
222815
837306
236152
620679
627423
895594
209838
198846
352974
846714
248378
541118
265818
662204
363623
140009
699404
875981
389623
951952
424161
167237
41805
436438
33495
170211
728714
66816
284700
947913
130686
307736
193391
353313
59015
838221
643776
496039
838540
382073
202172
626969
726134
853076
918031
357644
761408
23644
467102
995750
65447
362663
939230
971806
258356
675515
750424
65519
760331
440844
231638
391401
474647
143401
847669
242904
864078
317511
218906
564626
467024
52206
161273
781699
251894
33530
337954
903532
742914
446366
760791
674349
498765
330463
259632
737225
32089
376616
480483
312248
160947
804231
758161
379441
28313
150102
487822
532398
888320
268301
571964
598007
635308
577059
60778
745000
456234
494503
446176
365216
713497
423524
959661
919703
350600
174429
778538
523247
710300
90555
108674
792723
568597
186634
155937
732343
305567
58898
280484
516788
134106
52704
549951
983492
97524
598313
395630
792734
145011
17762
239719
511405
659323
975769
213486
765500
251016
680229
581943
605564
210121
209111
527503
725857
12690
109401
813385
226900
278982
924068
216421
469690
44973
30287
990323
868453
210336
342711
908911
334326
549151
154947
272403
504939
184983
235522
453205
118960
615723
640294
764134
182859
321398
777175
785735
186734
766828
468183
495620
503505
363580
240440
428293
473082
799874
878211
656133
331067
468016
751596
930173
79026
527096
189261
641034
929680
947376
187119
622912
486296
536453
434775
317476
940705
652571
969563
313920
300481
546069
992035
347025
772020
278149
430252
99925
963290
948878
603148
589579
493352
557772
290163
943869
147795
485790
219298
287639
640914
918308
304860
670869
177398
467465
517477
197231
68001
425128
190504
439113
195993
193495
857713
802496
124589
704590
887158
122033
862647
695123
546742
335390
436072
123641
956674
433616
253009
6903
664048
485380
368288
685763
62316
981946
374548
323541
148470
866135
211030
721943
674913
387917
733224
965384
711100
788837
712310
500175
901767
532307
362276
393911
8157
908356
503187
149975
376304
112869
663492
311784
336773
257007
356903
220800
739186
308591
583957
388845
258860
518093
705232
909047
315116
398001
519646
78299
902299
789625
821655
962165
99568
101985
798424
814508
779070
442100
190788
617809
979764
834571
217490
654500
912844
221289
282315
676
48646
45937
346139
357493
438409
415390
81710
477684
240291
936997
772267
587133
121741
678762
581571
747833
662147
669914
395886
523247
297288
944434
325322
703417
318677
754911
820329
137969
161714
588570
814545
333443
456438
605553
302520
892663
374936
308132
659444
183734
658545
689223
588151
369303
985120
175059
767866
890081
629954
164644
983380
449530
350703
818623
931549
193047
354253
401790
997855
602412
898033
213970
931159
718070
638420
878485
48155
695609
986053
666941
69525
969188
333614
716079
635817
282808
128
90380
1474
466973
909030
660833
660698
366863
928927
57465
970355
936492
56038
631366
160571
965561
679040
850214
558593
542375
619695
430082
828753
427662
949685
213809
20563
532811
556732
65592
392334
961743
720958
790145
838098
733234
85827
443576
848181
328492
794550
543241
146268
457266
363275
302029
740327
113899
167682
527296
477591
972913
938728
269882
993984
733826
931947
436590
111302
58040
566672
382207
404277
45587
258929
997508
378401
49549
6403
714528
451383
592400
437006
82833
954857
658687
966459
364962
52637
516222
336710
423597
142502
191587
128169
417423
640469
983071
782924
394857
558473
656626
272999
724517
262508
506071
220518
890415
364706
752572
935562
765917
225071
608602
48523
160441
983043
287011
264634
50888
408209
969800
413014
865319
226697
282261
219444
76964
777202
153281
502862
734070
17773
487355
793352
758702
214958
37349
50807
755032
581511
42788
171195
928880
835025
283960
650104
482861
774763
700163
862936
87743
112322
434973
83555
922297
425799
647325
859018
781786
683138
711306
564453
154110
471238
866317
163054
981619
842685
687866
28822
516551
936324
475285
520501
904587
605918
507338
749142
297435
167621
741463
117134
807552
70418
227081
298715
903308
680055
413713
698569
448715
92103
648322
867011
117793
48677
247668
404935
607515
309529
17581
627787
823290
557537
947179
69483
845043
85855
509120
210849
990741
638103
327766
85719
735630
340031
156557
638995
836450
789062
101176
231562
506916
634929
562632
325711
138795
757753
800486
776521
28864
199951
491969
946235
561179
468450
280203
746996
772167
207880
644781
22388
680813
942438
871423
333533
826594
710667
982148
562354
599308
144837
496807
449582
976329
995266
646565
662163
363754
616061
159586
579213
947088
816489
924544
859348
211652
876321
142413
447393
815825
613253
884607
237751
725906
348545
437043
905953
851599
206454
238268
522856
576214
43870
875696
991327
596827
723912
907570
642278
280589
922443
885003
916732
981063
947220
705398
14724
876491
851089
452343
235925
78066
721470
216888
549739
396202
985500
886890
536487
233419
920857
694545
854299
29669
255416
430231
8795
179453
713163
11157
11666
938972
14275
786107
773292
985777
483146
324894
471267
833560
803034
302889
192896
699472
660189
79573
907838
565251
728224
656735
108591
950581
444073
315056
338264
339369
868734
351899
75579
57931
866878
723596
377221
15005
293265
60017
235380
515451
694453
783671
225193
992648
20069
877395
138127
615017
347072
474269
133874
878618
876249
220698
171845
431073
467449
150582
27760
174719
654182
394317
922717
851873
247262
631841
958588
898326
474964
330936
701649
325160
89341
225119
713459
203358
829210
137963
342010
684995
578350
951237
968546
422721
814914
167755
364291
418136
101536
574144
266991
366778
601600
232214
842120
400351
107626
424641
101785
56156
971053
31780
487713
741518
526872
147291
685210
221945
196425
904089
138219
344246
406290
796107
81196
298482
392664
369330
451824
931716
606488
829589
560008
212605
374814
705341
545054
229005
280088
432240
259602
231338
597599
631633
877142
289055
821291
505551
167070
415614
65889
518528
143866
168119
512811
566744
822368
506857
796657
844648
598610
227548
226654
873488
478215
370190
505659
732590
910453
678476
606825
197982
226991
841100
373264
103092
263637
972118
577492
858929
265840
774920
438499
164332
107907
755085
603111
789495
620450
184727
493328
6093
622209
85104
465181
911947
209066
958000
488309
958528
35987
612302
346254
962658
269155
128043
781476
111189
552579
523084
5504
452268
115542
334846
440635
419306
781860
515497
805410
267578
80649
695848
953455
664241
563459
371522
287399
407338
712040
520162
964216
655472
653747
19811
930353
530759
576308
664464
181586
149699
598671
730158
488369
669385
102048
213221
558749
584608
749439
69553
681031
903239
762581
161241
415677
981861
470012
527646
946346
892788
840565
348822
264391
545479
875907
597959
367763
216929
396243
39822
24977
779918
39538
17893
925816
147514
597180
270518
79259
886195
522509
190681
748903
577522
787477
837121
581322
373646
283314
202499
600818
106437
460206
11154
513935
276347
425755
185548
867163
490896
855513
988864
318156
887193
762378
715698
734825
757021
437688
992283
921002
845554
31971
536483
3066
245486
270358
936429
916476
148606
717535
97608
191577
932842
308795
420330
727388
67215
795367
315351
578108
741349
575962
665824
147699
440423
124423
409508
376329
683147
680208
941541
736707
646925
863052
580165
515636
962850
631922
192585
369809
724082
804598
592600
184169
17925
94696
404805
853216
562436
939115
333486
902189
833920
323785
475599
502240
166583
425623
935421
418880
718770
520856
787779
282685
656449
380735
46141
215149
221284
131659
903951
145754
762206
688151
430556
116633
820786
607412
148170
453383
794616
41079
174982
426232
578261
719884
26708
275884
257797
280047
443182
378069
485399
20334
610825
767252
989600
637977
913015
766320
350212
815539
394162
699843
757408
878501
405202
791804
293569
407361
179975
69759
857363
947826
539154
930023
815905
159114
574001
540463
440814
161398
448724
495166
467136
356600
15510
59687
836469
382860
304458
639550
854400
181400
840155
410137
495780
785561
689954
688867
121523
891815
247138
283963
466623
178179
756836
379399
987347
906109
737623
804318
397904
358419
238713
146911
429534
38558
260171
177582
980104
9180
932710
838960
815257
2240
998848
49652
46022
871055
57138
805822
410043
554346
212587
608528
532668
816839
360776
463964
378465
951246
266107
336191
616018
909565
469503
218160
84554
58008
406842
647637
719021
284516
36077
151717
714043
33133
406384
434565
105934
479099
516688
135323
355720
567957
554046
771915
687166
194000
464334
61645
61393
730144
902086
208289
860826
280553
536173
59153
18239
145170
906658
283535
136141
406521
403400
485282
897994
27165
298707
449536
719585
528720
976404
687375
666547
755434
922675
302890
741700
765900
339589
67762
227426
716591
809026
119258
149228
422828
933410
234141
89569
327765
626850
842549
430705
347573
210525
780457
713722
585363
606255
966555
680777
156952
566445
639447
742703
409486
798214
458040
957815
753430
39860
889573
214747
434694
746482
203807
109638
620549
838474
167450
131706
770591
433646
824404
586021
65071
182703
303519
319224
393187
358053
991957
187522
857706
612626
267795
949735
384678
452748
624580
132218
174637
178918
105431
44766
762744
325366
658263
400907
309087
26682
882642
168864
221632
945742
37522
571702
220213
123894
618689
292971
773624
161944
443940
922974
56542
704452
654024
391864
748303
961470
386435
886075
134738
855560
862244
320863
92886
738765
308143
207557
591783
850260
417772
342287
253081
480456
357164
696406
595727
698879
927162
480356
563055
356684
685942
629812
248226
682346
84991
92190
644945
436992
745398
560206
746716
188303
470138
657482
787034
812976
193590
316684
746361
608976
939101
898091
65942
957827
970409
429512
283040
699025
555661
259697
436307
583660
56103
798260
587510
45198
284885
927124
656516
959184
600787
92810
565326
531070
588123
35041
696937
60487
853897
291273
160359
955173
273384
558137
464810
463817
52580
513572
843961
330457
301556
129875
788388
556958
874895
799839
80278
56522
573286
238339
535642
696676
178830
41626
166144
338645
349657
142991
867102
439713
484379
264290
425311
79856
363773
220654
14621
696330
792180
28097
861341
635152
955950
246790
830609
896454
605239
569109
736676
302916
925147
625958
921650
410011
303724
899974
653505
727784
176189
33995
992645
665914
27511
138504
624196
124592
293424
665129
909951
983767
930008
673664
273435
162458
158199
234608
239494
337718
661307
589311
444015
31622
226319
65261
266333
111897
202206
463487
706265
380380
36857
126416
831596
335199
212654
987895
926741
689796
634152
384553
390805
312295
27809
320140
171627
404
523458
753517
662292
935936
783543
202947
383850
609140
104505
854603
899694
5894
434881
323554
771328
609117
231550
87374
893124
344192
604366
123289
202529
702709
665914
645674
245053
128908
288860
222387
252200
901627
263627
490892
577584
782080
254240
775993
728870
410436
696852
246483
656671
244390
28040
143645
355030
573153
658790
650769
192845
520996
909628
712596
45231
857814
419784
819380
58917
275824
84709
749979
663321
185429
817544
886802
247471
914922
161294
542199
221657
944677
513113
441296
132066
448958
98975
783831
664110
561984
977368
288990
269378
148488
627307
160005
953323
298515
585129
519320
972741
921927
450473
375036
424872
227697
414224
329746
841460
662956
567724
601449
118200
331049
924890
985028
27500
607489
497649
721674
839554
878713
205872
193704
138381
783952
918529
613821
808486
425326
411315
550886
869317
696610
352192
141797
211234
265486
977004
917757
494780
180556
867025
659660
482983
535586
850912
272372
617893
184351
544033
567819
325565
252821
508807
211846
77891
748707
189659
942886
967922
425188
621490
545671
797943
641670
729748
302589
740169
170799
314063
775324
374267
736343
329784
238358
495582
557765
420604
993924
226480
199310
339491
881904
626773
409725
839067
537875
743990
684319
477564
758662
475939
115841
692070
206576
83595
751466
151568
408232
872634
875666
139557
882449
634657
552478
134786
697967
995246
134125
852953
839828
861472
706159
144514
631710
763338
657016
980265
632366
977352
515913
740247
475828
460425
63710
426004
607403
56547
190080
409431
263190
730853
345363
60214
872781
815431
979447
561856
591746
761818
456853
819685
920235
206732
563412
927300
114633
886037
895816
161165
785085
248776
77023
107665
510050
824221
735010
885826
106511
658980
577836
151770
758464
940353
152046
949628
826180
703027
720502
131911
849429
37023
924049
882069
738242
402859
687327
288500
750906
962127
315742
143989
635606
650884
286795
557349
275248
539302
226416
337362
455506
829918
769584
350446
264792
135749
624906
299414
549082
468877
429206
809361
233240
29212
923615
716365
346047
99454
23845
404276
178800
865840
278620
43114
235821
808645
350174
516719
810532
816323
646879
913825
751895
108291
716122
239790
129273
171245
630074
652751
980952
903985
287889
921247
791838
508337
108340
305872
708156
143652
474822
213658
841070
918127
296373
635473
96843
20133
859446
725797
294407
644274
782118
815974
693082
690060
286284
369301
21794
497242
125784
390415
105292
541075
110479
576696
428375
574862
118519
205769
387718
347496
397989
518417
720887
445941
970370
542032
268462
595814
930079
801028
679119
35198
164593
810026
185270
345202
124028
442624
359023
741111
722264
693401
343973
645638
591663
227465
215851
76631
152683
459475
254263
728984
372602
305489
971734
823056
965834
652692
780791
617226
150531
187021
75332
946710
521659
547393
877661
92660
229237
749227
476674
835728
665505
289528
377299
969566
546177
160276
575358
871722
252832
494286
826040
407229
751405
935005
277321
528989
493306
81232
892886
494803
926962
496619
110431
33500
185538
941911
942595
629051
441905
379922
627179
892088
746116
992106
387387
993258
721500
755182
381150
496945
140679
487945
122473
334668
481931
473542
76517
835824
258372
93529
370962
411127
36723
293198
786699
972355
936659
597876
788029
639102
659398
758514
1925
519489
48054
452980
511139
354821
536582
600530
710330
864726
399226
877051
161780
260603
468594
573307
225844
114918
983958
388788
721749
409846
64942
967296
665220
842797
167363
596197
376284
591962
96596
307894
324622
695244
643546
410337
246329
32860
23744
78373
341842
645990
127609
336963
448094
607661
140145
156074
805055
817679
849950
166246
765054
563473
290749
897314
496402
88693
787409
288716
976617
524838
118720
161717
918858
164619
617827
10870
164190
841525
28849
580924
843664
850827
889389
34051
335255
589791
433628
330776
123528
68625
799238
793201
303693
697378
25003
745482
975470
668793
489672
598940
620848
242741
806716
932078
37045
993882
807591
232384
453880
566836
396450
79276
360749
345908
579113
508056
629032
514183
307300
904736
590718
845681
342869
908666
572799
399240
51129
505008
912622
836505
692156
935411
761216
138225
662618
704200
466542
890057
232503
52569
371820
732486
73573
925486
81037
682915
829734
594883
641141
300244
666298
566418
66020
98018
766774
948239
656074
11283
318143
213946
87488
188527
32306
502115
351644
266872
576497
106149
870905
982700
90067
822518
788148
591690
743545
417017
249050
312428
10135
386820
591017
133973
609514
228360
962659
111320
97694
409598
216145
322669
17766
741471
85349
181177
671970
227353
409473
297155
388522
576918
471083
915694
658735
62919
121395
998943
103089
440564
304941
757376
504325
382705
202700
498766
222351
311922
765185
552654
932104
10963
110255
234786
410180
340445
543295
695770
148483
298897
702862
397368
377714
99358
3920
863349
11291
193715
250059
550090
793665
417025
755188
764150
559353
980072
401368
208437
773233
123437
192353
723913
185315
944300
478427
464152
280895
594268
527156
689911
43536
531400
491396
367491
989340
371970
726058
468687
666352
715782
195364
877823
265284
98856
551091
492041
49709
501233
980517
930839
457766
336066
971214
75848
552006
618756
525142
441686
352512
413881
953889
414579
357628
601046
680716
64992
149392
859691
600342
410367
689802
927760
572600
982139
26489
551035
688224
774231
143460
770703
753922
360313
794766
319776
348832
171008
776434
286458
899164
605298
626235
576242
253066
483819
535541
497374
919078
915765
84139
843508
444068
997192
164408
52815
194241
635415
626542
10747
846024
366911
585533
251714
912311
551182
406372
953001
103034
860260
301500
204210
402595
939230
543139
108034
359227
706220
196057
182208
425702
815449
98568
962170
276175
370921
169484
647738
144521
254076
899490
125127
403500
808004
860436
918652
630851
292754
208891
377514
956771
7894
616042
736446
338962
678188
955050
120239
337171
808302
700598
319954
91986
175509
712659
643466
694599
957230
654261
839323
359132
980532
625531
897137
459139
105213
848891
838876
433902
977852
134042
709585
349002
660809
931186
87075
137140
514167
655133
219759
180219
611732
398616
782462
299100
124153
575385
754367
198332
55762
31534
224242
430285
247981
306656
884915
569203
822736
545932
79554
680885
423650
272073
601653
451431
679863
405648
736670
163841
513908
606727
718555
411697
642639
531388
706614
797761
946091
576978
114553
464765
411614
496228
630194
770611
865395
353557
732682
797784
292335
871727
275220
218003
828814
152972
215849
210178
783222
512024
160852
668375
51937
487162
215322
60990
175366
420880
540231
59268
464605
17040
293246
464488
732364
322422
155549
813817
335997
151620
562262
960773
706563
101412
312380
786377
748492
116380
749977
664214
201367
135013
863023
989368
54933
613617
513142
759279
602091
847269
10017
969671
264817
489925
719795
723916
842243
979416
940268
206580
279812
121175
161208
154967
911417
544125
516520
529265
751003
663534
611895
404361
847996
907678
367346
492375
147928
489299
873711
26679
571647
306801
557670
600515
175091
683236
561910
289390
729083
36947
893365
626876
125200
481180
323862
539575
607791
410362
416479
670417
757750
625128
280705
677018
72102
661913
195581
315789
95368
237811
977391
413648
721976
131474
726830
748282
728734
862238
312173
234319
597403
49175
481251
333525
662359
296094
502402
289017
249369
407936
361285
688657
449541
346884
855455
353821
699521
82051
413637
43451
70954
867166
890931
942378
956486
796633
44837
958442
688987
138487
550877
552059
609272
203432
38395
396084
725909
734608
153017
932639
839940
869713
222640
958462
790472
788165
235032
945739
604252
76730
570907
846863
464798
733972
990805
431028
509485
110630
705366
752992
386693
430967
340834
684054
981211
793987
752505
910004
336624
206785
192381
244770
223735
46127
359282
972584
425520
743965
477469
729825
583299
868935
22241
202571
427322
390748
240212
401774
389724
445419
497152
298987
248661
675640
131772
385365
422906
492095
852273
256046
629249
42026
793440
258757
469718
582517
256472
830840
607473
976866
746280
432125
141381
896658
179553
758283
586599
463388
133546
46809
731578
634439
944428
569362
774269
586690
965769
906509
129298
207617
964360
143233
117596
938671
813198
422725
967329
500632
343473
243633
17560
110091
628217
145185
863945
655904
897641
592172
498073
789892
404161
5041
735824
570879
452317
983654
488540
759613
780525
328340
115511
433434
225108
308598
500444
874857
966607
754465
855698
564839
872714
197538
580393
382466
411661
576418
860216
150373
795635
550533
316395
983631
33084
19523
485924
348302
237956
284482
847278
413631
957900
231068
219172
321823
720677
848498
343201
627201
899788
637334
121253
621847
49975
187770
301957
767951
37371
371255
48777
641595
367072
881326
580943
468714
358971
956457
891691
585754
519113
858300
243349
168204
559105
622424
982820
560266
495231
620775
818326
791895
788468
568190
435163
437209
367048
152375
20621
921436
826865
152882
488040
556676
737423
705620
505815
270414
264400
89524
596347
477245
404000
324644
645470
122203
386550
294772
186171
881608
288949
190128
578338
397446
652142
349377
756938
744115
777233
47777
841897
469821
723126
191561
556067
271747
706501
68099
557623
294799
894326
11245
637773
677387
929878
588809
857639
126814
443287
953977
176614
722336
407184
406962
861066
567414
44689
149372
729280
641883
282916
737695
473874
763747
872712
648355
530677
812175
134320
37508
250737
852894
787325
530131
605585
325324
815771
208244
341821
911575
781036
800325
298247
739605
993958
66756
643020
493808
879487
835617
90637
62542
152907
47457
841308
773711
730331
270783
458952
167946
932754
353252
728773
101155
2729
256839
908647
132612
170881
460724
341322
116780
599168
216323
578940
175948
400496
227629
953479
452470
398529
667407
961790
178209
929300
134697
339224
505911
810397
850449
694255
326544
751998
506414
103078
274521
236488
415733
437793
579673
425252
920480
130451
213725
428781
396327
692811
442916
551649
486646
878270
985202
73795
87974
923691
175037
346630
156340
295562
373599
635329
911932
538654
61345
537635
491196
266999
578136
693010
73649
208261
707435
650036
718331
716721
905126
477136
280251
11285
213371
381138
713519
81258
576838
192885
215043
439115
662341
846009
374299
250341
913018
471362
663937
587017
942921
866131
465439
969968
73844
198657
217006
130879
724544
463758
131677
876461
929774
217407
781515
346856
296895
768595
119844
460043
217592
690350
479916
349444
165192
880882
682395
552500
474800
25893
527012
428581
767373
874374
964448
843106
660366
90491
175843
717593
936300
605867
137818
302544
887301
19365
718176
905537
318582
960911
639577
304509
127662
813367
838299
349794
280994
355019
397189
834404
817444
526132
107717
442458
923380
774872
939528
918855
76327
444148
954790
367869
256593
478234
506614
764826
561497
869483
451822
430239
779846
11184
399397
258270
384172
604804
136540
849512
442621
340237
291927
565812
119477
743612
672594
557052
600178
975733
889164
716902
706959
144442
849786
273872
939258
465629
179533
789423
644584
786602
529391
155138
94665
988116
909036
354464
183064
355312
596907
245922
181913
546112
313032
556522
950628
367475
856830
846900
437432
780322
201872
83843
39165
552431
233480
414893
4043
957004
963395
951843
970713
45067
543483
969403
516667
856193
248858
642457
38707
954901
3070
902523
28518
584618
525020
587614
757228
983589
301020
325526
561710
283789
450816
878440
124280
769878
120479
723652
338005
87103
339072
593392
933497
537385
60627
191237
43703
159450
924407
872730
475390
297600
430333
235948
513349
374577
845028
244891
684772
186326
313796
888217
291263
731790
500647
987115
146471
13982
271044
526942
227700
315743
580380
505147
98237
899864
417785
387236
496407
935603
469029
22947
582040
617006
741040
622521
713995
745295
848910
12863
747743
324817
918379
378939
970691
667074
553878
320831
423127
102403
335268
15694
747646
633795
770616
726792
239912
673530
758482
728173
678320
918280
496814
215083
485972
970900
994197
916178
683000
122874
576841
867969
541526
722785
412692
851637
843673
852307
107322
37702
521148
810199
941804
575070
380466
216972
776303
217058
223672
878587
880687
347946
961552
21241
771228
868887
567756
952394
635717
50864
410114
110430
76120
701801
534620
710887
405857
377568
764675
929640
678908
647223
357209
792472
132701
665568
83016
786201
915653
482670
679130
278580
196009
632278
305034
101513
681101
261114
849762
885814
577337
343719
149610
386523
147123
986946
975123
867299
965182
851273
234199
745771
75921
260111
743444
3057
216863
180347
259210
829821
354017
884782
451076
921622
460406
390256
518010
438897
983065
835239
984076
607162
187384
120444
40161
852829
562542
726708
3802
693121
530577
444220
249495
645137
446980
810809
696504
259512
28930
47197
448871
33159
671229
448267
452278
900885
943485
126477
237879
462713
95482
742594
251720
34965
855368
322023
827902
595894
806565
65283
807873
593910
44936
520765
672597
45560
876534
385088
778051
676718
498900
803249
179595
701110
90052
983976
67323
42474
509666
904068
745021
258891
38373
233981
363787
996090
33732
867868
225359
718551
672938
754814
899920
874803
879699
115458
393
95087
802102
239992
79321
30283
75775
15559
44843
116197
224152
17322
298656
266264
376656
154975
418959
175294
525439
66719
889081
907520
294980
703747
483558
224392
644379
883697
486564
419302
747222
323379
8699
474373
593102
599042
282155
860946
609778
3978
992281
505010
766907
893213
544992
768877
702866
561345
29354
83878
714120
152832
589268
173101
286901
289901
508065
961121
56907
725373
305616
455102
75163
807323
42269
699919
618099
886435
795018
217931
44143
790089
389416
937949
398120
136872
113813
95732
383614
999033
481461
446398
993343
895368
757133
721537
306130
286309
819058
149155
6766
916409
994192
159669
357749
403195
894868
122451
452397
787924
205346
980112
614657
769781
726672
4712
617415
966403
385693
675417
63510
373766
985391
732399
836337
310249
22961
500527
764526
823618
806620
260880
18620
331926
666867
74038
525402
808037
768314
665715
735185
772072
81181
739229
824688
258644
874838
245777
760771
63717
196901
742029
92923
863065
406554
812071
286690
909351
929876
499337
974062
890154
776620
712652
848914
81697
980034
375375
525228
502850
80640
934880
450310
119798
666136
994924
161493
740809
721965
755455
319483
964149
642966
533509
667620
922745
764678
189872
472838
326599
395542
37953
453140
815068
20702
176149
363784
800531
575814
163444
87451
2921
170058
817283
848678
37429
335140
604547
655135
484168
944530
920239
189402
446366
869773
144373
221561
501977
667184
654021
536008
90528
181207
237903
661522
677439
552831
833136
722117
976993
995229
858889
75827
397823
992284
301706
407324
162237
346328
959071
28141
501725
233206
761302
96973
53107
676539
474162
306387
871503
614072
57325
688338
810591
172231
690637
777962
426299
719938
962891
589806
262564
777605
632125
736233
533090
752245
945880
804196
27198
587733
8240
472979
962024
750188
752370
383684
593431
923648
699378
34532
810298
594575
421138
700719
716514
10240
637497
867511
358123
738398
857854
424398
81862
943801
588557
912918
262901
771800
920330
101331
442665
631458
753135
80982
994641
444614
528102
291889
523618
320144
212774
354227
926223
40910
931972
878060
791950
766966
215777
597053
461067
906096
303750
440399
251402
86738
2402
923565
612290
326173
300277
333674
669718
334096
923670
18081
215721
563651
462700
433922
415547
768872
373143
15253
309173
656094
28283
975429
457372
643673
224443
279398
994598
103687
37363
56998
592895
178852
613809
585367
282874
801482
651382
765874
811037
765382
253203
561181
678961
390417
973181
563164
736587
620481
877551
276732
457070
686096
194399
279530
685901
634761
312129
857922
202616
852572
278513
439623
391052
169100
644446
650391
67746
549232
286533
854008
731295
828633
92652
296140
773038
397143
475003
305515
300285
912202
851765
630691
387479
999068
995753
768029
828992
774929
51207
306408
898303
978826
693987
926862
556773
558826
632721
87850
818261
432784
428697
674626
702312
881872
777894
457619
269202
933710
953752
588975
304273
466363
546829
346295
927091
441682
655940
397591
146746
963486
304904
593928
685157
579991
299872
397324
721488
647914
504508
348767
35479
777749
153178
442991
463860
223660
467709
713707
344206
27488
843895
50035
298313
274628
900866
472869
198956
383864
89622
736509
785422
613598
146080
854293
441006
844998
373438
112787
833576
300448
259172
932813
910842
9716
390789
746627
974938
747449
109924
394211
505437
215724
118808
238029
185766
825041
641806
930256
601142
722797
487293
113449
568693
588661
1015
669223
287990
124983
273417
332515
515988
207849
917037
811638
542771
640807
467764
440554
38384
978245
246807
140041
452592
187905
758128
824468
241214
97537
226059
143880
511706
418116
484916
885887
334624
796515
672709
691727
431700
853144
673329
793499
69305
243019
825657
542813
151860
404746
439547
392221
863310
178359
452982
499182
590888
260992
255554
189370
15728
593344
724105
518672
796791
896562
234691
97410
452642
28476
582457
666356
538815
758464
793968
817614
786297
826241
227096
371816
724220
785388
582206
885898
370066
492743
937418
290676
455233
242415
98861
103360
74320
373917
631808
297397
892531
624457
927464
635825
128691
468770
593304
777284
328370
357207
722183
697076
233239
6116
389911
824484
744583
649247
115222
416423
754844
552877
504431
966710
617384
451856
927406
516431
197829
672894
96287
892832
926230
964948
726321
52614
279705
624942
410866
620740
967503
323021
29469
734750
756975
916784
250643
235602
238133
890477
704792
775055
853409
323963
751920
920097
333624
281588
841334
921948
206931
972880
542698
753681
375388
788445
706840
649657
745984
998134
25640
685323
695246
668497
625289
685348
974962
505593
379182
531090
809621
537851
632829
357715
296740
690035
673027
313812
953949
687519
276934
217526
727559
13280
819198
567848
351247
614385
601553
170020
621716
104845
268221
513845
32231
860963
495966
71452
411599
725770
407941
212584
745497
209210
252016
473928
779424
284212
403487
171828
490241
521021
321772
725687
373554
902659
890570
999035
947169
525518
394167
879716
362231
358425
790120
890758
178918
303305
496856
567430
772988
938144
468372
246483
674661
677037
627575
804163
576316
79667
449933
550557
735800
924985
375426
371077
257760
547559
135051
146647
633045
46629
172855
246775
291856
151068
33582
72270
276293
281171
545964
419595
528489
515182
650187
824124
911992
892937
806563
731448
393725
843673
414713
605240
491534
277734
163962
383859
951251
493199
500421
315981
439287
985274
429031
553377
253432
859969
795615
441661
709799
478942
927518
894754
870651
420566
367558
610796
655367
871504
571388
684665
945294
113026
258496
266748
59526
57585
217249
776630
719065
507500
868869
357276
647383
304223
582025
416621
946313
642981
867292
164623
182947
791820
73709
551081
301920
267353
369631
91164
793141
427070
254858
176667
209639
811425
965779
726392
811264
857638
607108
5788
403399
587197
269220
570293
238284
284974
582836
71685
137316
89241
208593
742840
203543
998396
100052
574065
756135
527728
491658
902879
630456
435647
666832
511607
845316
844331
720934
238844
548684
202390
497964
537379
611760
236077
915144
315672
810194
779033
979987
957259
173680
964061
942106
969390
485631
785251
637159
190736
537045
738146
873690
601984
434239
455426
652538
752284
199251
272943
411166
577279
847044
970897
141022
849837
469073
42958
124637
439456
290812
602328
320866
261418
280311
255054
515341
580970
217572
935319
251323
856188
49094
416481
115530
489474
649648
651138
395484
311928
938057
566957
921862
934569
108485
508285
462577
293956
838681
894157
667870
587477
878944
809564
649507
399600
581690
450713
809079
393024
774128
829811
373796
481821
721962
497218
971836
70277
65458
244642
921479
120062
408234
87375
92933
817215
277896
422824
592920
965609
452757
436883
732295
758310
611907
946405
442604
589092
398175
92351
949549
995632
568010
610874
4227
881477
325631
447874
209023
339314
139771
205285
938940
411179
509732
188546
937000
298251
261744
733568
327763
612775
559746
914401
722378
570526
120663
911111
141375
770386
195185
965251
955064
841329
51182
187023
516363
232056
425502
842069
527871
784128
370867
192560
342814
92449
312566
471611
343564
727388
908085
688955
228336
715264
729536
407377
269127
27423
22474
162094
550026
74763
798206
694569
525836
886874
559967
15111
956670
214757
673112
868686
254997
270358
397406
355041
579963
651821
49836
50704
450818
753817
526109
997223
723907
171406
605932
796864
736761
382868
778184
294617
303437
384065
949918
529536
907714
361751
206384
654056
914540
142041
200325
899524
234732
600220
585501
891391
978591
309099
526103
284282
324669
263241
270496
107910
321278
918089
175657
58582
342235
711733
603290
759608
633207
335804
267490
265255
289655
56246
660932
467945
571303
390548
686436
197995
187179
841157
581903
709566
518497
556572
988843
439598
66264
291162
492624
236202
149635
799381
583650
641439
690749
553511
54649
814390
458481
317656
24271
585183
158018
838729
29706
803
139269
905995
496459
159747
481462
637400
24172
880571
662769
610581
922234
486425
484352
612309
491613
409210
311437
136030
855343
909239
931742
373622
308976
488990
311782
365263
670583
711206
556181
877017
783923
550332
400581
636017
619852
993290
742192
951139
774966
610500
873464
154380
37155
957803
91872
161792
163431
471152
860007
210093
891933
187654
166246
192329
797825
72755
722812
462532
229546
984707
833705
766893
954164
473525
397565
816212
912422
853977
954754
105144
61055
501270
931961
877767
249857
698206
133493
830639
666070
524250
604668
251537
625626
922481
41579
696346
713163
368803
645355
526454
216406
836164
119653
576756
812265
14641
606648
625640
972937
565086
716899
379431
515308
676395
55558
940353
421321
826818
21128
785986
785974
299046
910841
110917
283198
991918
10729
367351
701816
46833
267539
851669
74058
975107
38952
608682
258570
484827
963515
941042
578103
288282
588238
667331
234900
741177
255178
195724
415345
531708
509532
933913
77810
262987
118462
12155
723612
170050
984731
965236
70097
143181
211760
362475
478181
835884
5173
415948
277531
562408
917626
442859
280127
178982
614692
260775
784915
651943
884074
257656
282870
375176
630060
115380
906790
266671
417226
417605
270195
584159
399697
789039
341620
406574
920974
351949
428452
880401
339446
789672
237079
669925
176873
716875
815194
800426
325554
600415
909817
773004
305112
739051
16210
274591
113702
339115
265591
96062
108170
884400
773918
318217
139094
97727
678363
834130
774855
52568
16355
450300
264563
566916
683276
210783
252386
775039
965559
206732
679839
66089
26669
245497
93910
860118
379179
650466
470821
216595
148472
17337
271335
64853
764964
216880
440133
785045
910526
280911
115242
91597
922269
125916
903094
183830
521662
886464
233739
198480
748187
423489
191953
788265
371382
79242
243724
352386
521623
958943
57364
480970
890413
320752
999331
89983
255023
676192
347482
988943
546677
996739
671597
161117
745596
510427
1425
926199
2865
553368
700646
417276
749723
36344
161359
897614
944668
966978
790250
613125
743686
254831
796248
650963
622569
767186
667829
902978
343942
230016
707925
721828
681779
952351
122428
82059
160794
795031
187909
515710
649078
658821
166939
706095
616552
846803
234636
377844
718916
183382
86147
723617
241740
759326
341483
697768
699889
392193
706974
875208
66059
772227
676047
790233
632718
356129
41045
842492
852151
286734
326375
47863
922696
322652
809455
986685
629175
6703
723588
701967
309819
335991
814423
452422
363311
607608
886597
103064
379018
704081
280549
469049
343505
68649
372693
933881
938823
253103
177735
718930
966269
853479
459573
704223
510678
59354
503256
235505
323297
195593
694126
544602
969278
658114
948321
67780
939942
20446
279099
48087
727635
406821
745884
79748
279418
894057
524272
483813
102755
917308
789997
904919
393386
800879
940189
987519
223714
621193
521693
186023
956554
579051
636449
821057
148579
311213
412956
938298
763754
137157
854002
229105
513139
67480
944545
126550
998490
198972
291573
504538
546067
758954
927361
645337
80713
254174
197632
187289
144356
82519
812267
523298
283485
791957
688352
617413
688932
656216
138415
349803
241282
52071
23325
145073
456103
642141
776951
12613
169784
413875
623790
66197
714477
301602
896196
312999
177301
262467
877457
540383
516522
52681
538567
737851
152304
424636
671578
173130
471859
467824
66291
843940
176869
233391
486510
985346
418413
646382
126773
29598
714596
939376
989920
912445
895349
513862
997480
710762
12046
73318
536601
35203
331708
125653
134536
978198
307482
992861
431522
178851
367696
385671
752139
645375
8120
286836
85148
951434
792343
139168
758878
155016
359769
740398
979667
933666
726207
790040
125272
283347
359525
53275
360143
263924
772668
656374
769882
913324
671942
550079
517419
10269
548916
860691
415681
628603
652503
287317
56750
410826
998451
649700
606996
308464
491711
809805
844557
27115
916684
871999
240341
367534
697061
856001
215797
933152
365567
171267
483912
650793
20030
532073
247098
976089
445160
573797
272169
72104
930650
483806
816713
830870
698397
842284
791428
312171
304808
408166
186776
127105
97056
15891
356513
127675
572405
788041
605234
531379
664827
170132
825561
234974
476721
801991
699482
8090
794235
441229
169015
567347
172610
462312
309682
59851
722699
542992
100133
994217
989967
91776
989966
894947
938535
539270
607374
723667
618941
687697
791880
903045
332019
739799
709100
271885
797213
69534
109989
744609
210234
60467
835176
453183
480170
636284
107028
605915
26704
877328
441983
261355
951916
773246
117543
928694
779818
727463
625642
254163
968501
273033
390067
593279
588385
698350
521142
671505
847028
338340
984812
461173
132732
960776
437226
12294
806173
397670
242382
678534
335067
985389
69896
892227
435054
72384
336246
283300
703888
344436
819655
551360
871614
241239
767890
720708
73695
172518
321875
670177
485830
995873
150602
525946
309312
657394
231556
674285
842968
414994
702956
375852
601799
695023
781218
996573
160244
862970
231137
155653
321957
13487
407418
256873
566149
94100
678905
158498
766923
94093
873235
675504
652146
972125
638148
638661
677748
791067
346068
174694
53071
738521
53027
837482
420701
47534
499639
913855
711124
417134
180533
442586
313721
862944
181189
255697
705736
601120
436868
775884
756821
301588
303352
554935
266481
370544
986635
215622
382026
619054
955753
489839
754697
860426
801012
961440
229763
750215
736236
711659
12506
816969
709857
63229
494905
717779
364299
290964
703536
537666
117294
467959
753969
985070
828695
880538
997910
686351
65637
147663
774500
294579
802639
18529
298609
25369
84886
210219
910491
741373
746512
62672
188449
648026
698833
251382
588317
976944
473511
240305
539303
366213
262427
933112
500022
439361
315078
423437
167405
286995
38856
256193
281653
839391
303462
465606
885125
85448
911526
535502
737648
602501
163731
572235
869061
558641
193944
131940
360246
331587
868403
439552
389617
673647
3529
349388
611399
325494
353140
585350
314481
23604
601520
365376
722426
188951
133058
852491
200133
234227
719539
896500
156955
161470
353139
470582
663628
551277
690345
194688
660768
484737
711244
835166
668902
345635
478407
320281
881971
11898
149948
185570
118185
172870
848449
25989
200692
930019
34167
686809
159243
851922
626872
119297
163030
590576
269137
416265
205459
274606
439035
75989
559821
313714
266130
290762
619083
347029
383062
801264
910067
157401
801142
831343
10083
899869
979463
277306
789842
895682
276848
602734
579037
412396
241948
885995
454421
344397
413827
746921
541339
7085
649697
820558
187493
71902
313876
287045
472619
138328
708315
512307
133651
30071
521217
509515
295268
430974
44605
121602
195266
974937
806881
871324
245136
794937
642274
813753
37591
285175
232493
845688
686727
509193
747149
277920
764606
423945
771547
76452
686585
81610
306324
756698
399697
89936
132140
518371
176614
256839
542550
374810
713644
801915
988686
303181
983949
668572
245306
609516
1256
949379
455594
585837
762354
365749
543745
981547
878762
902323
622002
30534
760777
586766
26899
417371
988062
60281
321692
69953
625747
738214
3426
928305
498893
731560
685460
365942
259787
604010
196486
646861
677743
239316
412681
831500
339475
796672
406808
286040
557396
530374
670648
517566
889405
884435
293876
375227
401871
896411
23998
546996
609396
193594
960485
987564
427958
218539
650895
345449
128908
172452
582123
51963
32790
794082
802546
399968
386008
387548
994585
58704
795386
137987
137549
748693
57659
749396
893559
69428
616265
935332
243648
89778
876754
604627
913535
520431
119605
623913
668924
291852
370582
514087
633404
419981
126427
609510
254417
867597
140811
505686
681372
909898
72058
227418
233863
60040
584229
157705
535542
76406
929028
315562
935854
365609
455710
873462
21934
991686
844135
970494
823109
307303
931191
975383
153480
594785
840422
517722
469985
87799
168613
623184
473192
534680
880123
790193
538789
754606
441490
63910
774306
686584
161891
476315
841842
170617
996277
165113
538754
565165
233559
209679
51104
133346
578307
692894
318451
8563
771260
896729
486698
373679
962651
370923
348224
224072
426491
825215
450376
641379
525379
388897
27999
382148
649827
496111
13857
196828
989764
269386
546331
263904
837160
439935
689129
935771
841804
188739
546102
191773
6818
304073
148470
862501
142884
306808
449981
313263
769129
357515
117424
512159
945534
878955
595475
951345
852461
780725
356171
723185
986274
704948
68243
866328
77426
467979
737357
371813
743479
336214
938742
668357
217515
773705
408559
584315
359447
613001
625821
689176
677839
293727
44392
183865
191198
713946
5065
491475
164623
622725
452238
846423
201440
980286
497627
542084
293150
560365
211123
873620
22481
125739
920736
195126
461960
810400
391306
330385
270271
245402
221780
540551
322071
436146
980598
316752
79908
837559
682615
553985
583438
436311
891711
31373
541498
179496
642738
71065
335291
680256
837056
303523
486244
531399
618288
281093
62472
906906
314717
889268
361865
282355
188851
183661
586868
176032
886785
73623
800389
302545
124897
38685
710755
87349
959671
665955
337595
894751
472417
325711
420132
789683
657702
244756
686449
536224
531641
568975
374358
70997
821452
223003
740146
166826
643188
880377
978293
353761
167371
721454
185575
205304
737334
754244
600427
857882
398406
832591
984226
577160
420133
124070
515843
984989
248331
858144
665236
151337
448677
385775
554900
18904
195426
44053
588747
805513
739006
941382
704938
603224
316744
317765
255168
659251
528469
870611
931858
395538
956555
626877
43082
163826
798966
881030
141762
637867
966251
991568
919374
547869
309801
672640
774503
642871
927647
402361
906875
769937
602484
360229
764275
86182
801988
945929
666288
219260
542906
193169
214691
533770
848321
100203
112875
209517
775896
79037
301651
176252
28456
449474
373560
280988
665490
496718
72113
327772
619716
507622
731439
417348
62316
571940
490412
302282
300684
646204
704584
112774
271497
354548
395255
30660
279575
339537
517360
661590
463348
690177
479443
548176
870191
2079
149778
666239
36693
324382
572887
270898
374279
818820
944740
251198
425119
744142
612812
154355
62581
621862
192580
258042
223711
291547
212104
816246
683595
688585
181693
45564
330864
530663
522763
624061
805625
653239
329719
118451
394590
349809
283187
291442
363349
936249
459706
104090
47403
974262
71485
971299
283104
101069
530117
259232
823388
568531
830997
400694
295782
910048
347971
372420
174971
833471
729839
215734
250346
407934
273552
205590
410731
248735
29232
268210
286895
987055
172519
913097
824297
997916
986669
877475
780308
951117
369164
257944
971476
426260
771681
924181
39327
869811
64434
426152
227967
122124
707953
419183
267801
460661
239515
709269
762746
596307
755261
420697
961000
71740
339809
391901
215592
422367
979579
397291
526159
615731
416074
380104
510994
164996
817009
862708
445242
961481
321510
929043
276661
968482
509327
476385
790554
493136
916389
161974
464811
582998
829684
314287
253407
760320
927312
918101
701322
938933
376969
159243
606271
200676
600375
873966
43521
437566
474100
98477
745962
484838
382070
556144
844397
682947
902426
966042
601751
456129
79839
984894
514850
720376
99162
582808
558799
332295
120219
625843
432271
241581
642696
413690
524442
197249
457768
436254
968162
298972
130435
362326
413190
806361
174222
296635
321054
239681
874507
481600
136703
703646
30885
460911
354311
503001
600543
587978
188160
69470
818306
678839
462729
238751
368931
868501
297536
532235
851753
122551
222256
754128
328525
641686
430936
90537
355848
978133
815365
698456
629377
144127
75628
174191
219700
510114
760801
561097
863828
77968
975357
815436
246940
656671
841688
291105
142081
460564
612690
43039
891199
973863
158910
68507
880550
928778
26693
574916
370811
89458
653839
504669
705630
915018
146775
366649
174896
447358
934316
133985
740108
997772
796985
705154
553626
564309
842738
775844
974664
305048
716078
644527
338742
630147
932868
539045
185419
730341
777010
129096
949352
594136
105110
837385
952183
329579
718354
244186
236712
146936
565194
835700
34032
315659
130084
132029
910465
35645
198233
524362
454930
297233
558164
622896
416213
212064
169127
345869
488661
221848
509012
368216
147836
767209
673137
86072
614836
712752
619231
982929
387691
91747
971168
786050
6864
161541
117686
62988
516063
784739
712955
770220
607856
761047
508235
525441
125337
51880
225014
598742
322556
786289
432157
656516
792082
122413
186058
804059
276869
564209
554610
622482
67056
355740
907557
199170
284921
770013
769769
145477
15155
344199
253203
466758
199325
384540
827982
169652
660866
24524
710056
14842
904414
306546
760844
620372
778781
890251
268219
823902
143050
560915
877767
993431
635849
301628
183293
424498
444548
873989
705902
112904
999390
417368
886468
771407
787478
698623
450027
831075
897732
74349
404271
704040
366030
597635
541713
349575
116704
954493
802962
201305
857489
486533
808911
242761
846431
767914
816707
157314
630436
823781
74834
799506
466268
375733
358524
973140
690793
107584
336023
38392
828055
652402
33768
231265
142474
296127
50903
142945
291547
333504
372828
91620
685207
632024
448208
546042
216872
277821
177011
5971
309417
741039
842650
840941
397221
572592
542805
538564
467137
249341
312807
25023
60688
820087
922747
643977
57956
886312
724059
754212
791749
762238
44392
101691
836379
514546
325171
581938
602871
229366
302031
488782
680278
384571
840702
473705
842381
17138
516444
327191
86884
692031
285786
389758
438436
282386
56145
772075
842765
325427
646627
934832
483402
413537
196691
402708
399615
531362
188126
239452
46517
448461
38303
554777
323358
141366
302871
965800
648873
525854
190568
316494
90363
50701
389190
70246
725556
968935
803916
707409
44267
680893
710397
310974
735643
227736
10340
342217
22228
980503
160853
409801
8991
725742
971492
292427
514403
285009
438745
493476
830541
661620
701847
921008
383212
89978
78151
570473
852394
149351
631185
627304
86250
91524
948174
86383
472361
775143
416070
230255
757619
954489
386371
740674
529234
692884
61344
844547
754929
844959
261682
120032
284046
765850
315213
470972
799992
923817
186973
999587
490601
70530
146622
643767
146452
747745
969778
871500
478304
672194
989595
555642
53010
101100
126994
73420
670848
295293
466844
466797
763337
608657
155796
850807
498474
490646
63289
682845
901647
142814
928459
317408
748662
554007
694053
52619
25178
872024
502965
333904
929939
153308
741727
193884
427763
553879
178280
536820
289888
675233
417685
576863
803714
83778
344964
125540
265681
360695
988520
754116
504162
591184
455463
308215
900333
880725
168426
744175
389266
790556
84272
980051
656112
131212
432758
179343
798039
925454
935752
715422
606065
283987
753308
872449
249196
306961
415291
687389
354054
81673
175971
428810
595957
351834
346733
701466
3261
68880
175105
317497
86475
508185
17372
450537
372936
327898
510083
98082
571192
438211
841070
777981
559670
586237
74721
192352
194245
497256
262816
176853
343649
152625
764058
647926
549320
6718
895244
657056
462054
671116
240175
604674
5538
108470
405868
25475
134760
867617
258973
720852
631226
691859
416967
519272
337490
623415
433389
566531
133741
53154
522526
150962
95769
18324
5790
383475
643070
286672
795475
259127
153297
116779
381912
185980
619401
997303
166095
192475
463909
853148
49269
844870
538128
448756
22167
79831
856301
632429
816418
206546
446573
279431
9188
810438
558956
269691
168351
835728
528755
40547
141349
228626
815623
82800
301821
486442
401100
629451
144919
129006
621940
268118
246876
397715
288295
893172
231751
235499
501940
583722
302260
744334
98553
164921
771195
441457
869455
702444
199910
417184
750725
148410
743782
49951
821800
184544
579764
251495
576124
310424
985364
625615
879215
276094
561355
259790
309957
878816
710110
236009
653468
341367
233762
350298
88807
635233
925796
942850
451249
9302
738924
400648
887106
227644
369271
437571
301352
105263
635935
466253
193851
541493
700670
40479
197232
56612
204194
762713
84510
964158
87094
496147
534476
307484
384449
600404
959786
447243
272051
867119
182258
991973
667372
203382
629468
359712
681406
831518
7859
425955
496040
417597
42996
579353
732300
708900
576168
617806
55425
9002
669440
18047
112028
687884
139746
903679
187670
216160
145947
769886
652992
320862
343918
932061
911046
46622
220906
335210
790582
2117
929309
531403
274389
756329
729348
148028
543908
907167
563643
673707
392572
899147
894671
263195
950732
787642
905628
270879
182986
4965
602316
79425
113475
652777
731884
244417
770744
535515
490798
685019
128078
948107
803801
484149
611714
637382
273000
770529
668099
120799
911381
464676
655262
140696
547534
585740
250831
656811
530462
659830
874179
39913
901931
351523
849750
33045
130825
740402
223072
697573
456797
848172
307729
726392
510124
890108
195611
830674
401457
85902
893610
406972
290230
308474
66900
182541
256029
329241
953069
757655
145316
307433
205870
514755
759997
916539
537171
323152
126309
314191
532786
99954
454964
547587
718748
96772
418013
912890
337873
754774
715896
422212
153178
492726
474706
857877
876404
542053
114756
101873
403385
159980
645352
415608
151618
993696
42582
550597
328674
197667
581500
392654
932845
530470
24079
979454
127939
652769
97252
276471
54930
522235
994867
54742
426590
524165
410807
684257
759306
44256
290793
718984
717177
634297
866461
999198
731372
625964
483592
463132
536387
568509
150634
480852
826293
914091
204376
342559
176870
792776
475469
738565
364619
386411
713580
535241
680327
95343
416346
742091
471493
812384
332752
702350
953987
633619
345939
602704
562676
738780
82128
508054
378221
372059
260519
388408
682403
548608
290832
12153
110536
156405
264839
941781
592958
987105
728427
898666
301882
638725
855675
254795
681834
475034
563780
453817
722934
828699
129364
172310
467135
707437
326863
446838
522867
965172
176219
249675
515419
463021
664707
630290
582296
337270
763695
343880
667236
881792
537854
771208
280578
307602
933060
463401
441468
403784
969694
312027
496809
54667
395852
442814
939698
120497
860628
329043
433957
784000
285872
993802
565515
729122
351607
915387
304955
167799
666043
892342
315176
514262
601458
576312
460972
362954
288053
618332
304167
558511
81206
99834
634608
516304
790269
28530
350136
180879
512542
224587
314219
986613
84896
408181
566421
626188
810409
239752
130808
12760
490040
761408
305181
917922
392667
673969
279405
289873
754743
457317
741263
402549
573243
854140
715750
315618
786677
171303
679310
870879
182026
39545
571852
190650
831609
103646
166849
964532
709228
987665
402126
855566
505705
181335
1276
867199
150577
682812
107602
971732
149815
97788
271028
517376
473536
825359
628944
397539
334871
311947
107109
893220
527708
988566
54630
622402
729165
105954
84447
392912
681805
165334
206922
126456
71723
391419
474811
841359
442258
765046
732973
195780
699388
942242
416201
679165
289351
461400
589448
443357
132623
660138
77729
759147
547839
451314
28164
735663
573537
235690
918495
135264
387203
722068
967654
111314
594448
465469
876991
272187
86177
924858
304795
424120
419445
113171
493098
281070
989938
730020
280364
720341
606904
383728
674190
274714
741369
67197
270843
746714
337278
47355
213740
987133
366149
265558
31176
901816
752824
794769
442236
526637
504639
921298
372287
163380
559654
738748
940169
755251
217672
91946
419189
896529
916164
962002
519284
975933
740180
260896
262662
821628
498691
729469
801324
103520
135559
720005
790057
628013
782155
63207
89851
442621
986420
844569
73422
969339
480120
755925
977450
508575
292201
560911
759311
16482
785924
68355
65577
975590
646998
584141
394243
569388
319777
790372
136717
212113
34706
158606
960589
174931
345662
200994
295431
950553
631298
385905
819402
153808
39765
133580
84631
813708
393363
406718
216665
541687
971526
300671
751197
797897
960293
300445
666753
759620
29505
633278
65002
198766
775320
645915
443031
11318
158742
4533
929279
179507
966770
598381
934366
713498
871470
311598
967139
448839
188480
233216
969017
140154
631519
656723
753343
525969
515184
470733
174174
225526
89145
53568
502045
768391
588224
228861
98747
40360
612882
16679
901241
184864
821307
926251
164820
6371
595792
994463
968280
200941
799258
752437
86970
179126
170303
131244
956222
634164
636105
620204
502736
430044
76415
568050
276338
12427
965200
462535
574279
424040
949308
913058
884525
37771
181562
711886
245176
161112
101872
13097
388966
864417
802713
152167
950865
409192
621254
820424
475948
5453
279082
181647
22286
797433
816835
217561
773891
607980
641611
617520
882605
959858
380009
597145
268943
814329
263647
592496
36544
744541
736904
525327
924348
388952
502746
314403
54171
284567
626202
565676
608132
819977
264422
126087
177123
707158
255574
332287
75124
376525
240418
148348
98902
13496
30701
630956
277236
746373
777635
529934
232587
845005
467858
177273
626461
841897
435897
360334
261115
392907
336457
478874
396067
424779
482984
191778
102266
91822
298707
774754
474276
764957
884943
589368
12244
459877
121322
567636
15899
929087
317270
998176
506077
975542
36632
670202
614936
688286
828342
997290
816138
707862
432431
259632
599510
707431
575837
907912
743318
579402
523970
492779
631806
752251
224097
197729
929936
829209
909703
329427
14377
671706
351001
579177
197332
245424
847906
735604
549032
690752
37565
698540
682851
40113
683734
946696
229262
5757
88262
48364
258679
641691
33925
729061
864938
265460
605226
924472
409273
558736
407092
524766
173413
349445
945838
504327
561635
470095
940528
422657
784643
801085
323870
923869
591118
26844
888306
142517
210086
610459
738468
253502
762992
824495
501202
701643
489181
835582
933785
346916
566815
358534
106563
999001
793103
88186
660946
347120
821803
583012
674112
245428
583628
724909
398808
236452
691098
377725
389297
350275
592252
879766
649153
236378
860564
307403
93997
737272
314962
780180
677911
775917
32542
605386
334636
53452
786273
411842
566409
200742
610182
533857
991215
686763
110655
293330
264130
713011
246615
493618
366880
46320
349360
484928
872967
827175
381603
830204
783972
205832
463915
884166
475577
722455
371297
591746
344685
70523
313734
1736
771650
245744
259166
78974
310197
302103
935774
918075
813427
195486
205734
63495
346400
83170
704060
199797
733911
485376
245424
633319
241320
591923
929271
901653
799604
68579
108171
527851
528942
934306
522959
936739
966700
413340
112389
180379
350885
624841
616567
484952
591185
434240
403457
731598
547834
980713
981032
330427
864303
106983
274617
907911
674381
234014
786076
505432
94642
192777
445683
247036
518067
899181
293314
78804
799510
842806
668157
437642
485254
902850
172059
274032
726610
347534
779704
972119
880987
278729
898458
955571
277444
141539
828128
536695
30595
803461
919138
54942
669446
918440
698277
698901
628320
527756
99392
982806
188788
909362
619558
986797
366423
78201
687569
870252
571594
151508
261064
451617
214864
107509
995084
907067
680454
404988
708912
939516
889667
869902
758639
180524
354082
901187
423312
788658
819766
30854
223408
785889
811452
952002
272008
982627
566476
346867
193965
139896
685215
793585
113064
736397
168817
318934
91725
664043
435422
247507
434033
876622
685326
160883
846472
958711
488791
491663
117132
606943
418795
944226
115454
69447
51466
726814
471062
459835
285656
444343
709219
275659
911063
696923
518593
891453
345012
193605
756675
389231
351135
35577
877676
213208
927467
478618
636380
795277
175863
754577
29501
335231
664979
851886
701366
157532
272903
512694
764867
553252
640375
437710
786545
92203
85155
494918
302917
208674
769946
301809
142171
250519
193733
936736
155267
338468
574186
401459
415855
358242
213510
442868
334952
922548
647462
481979
220234
991763
340765
102227
672453
358845
648947
471969
235165
220111
51975
789604
96301
370610
259890
403587
152647
395223
151677
541190
85167
139551
328197
770987
322177
228959
735414
839037
889127
604756
582357
850073
798425
749784
495897
783614
595677
501372
436402
942791
528541
60458
754509
335268
242389
386869
16398
494620
852502
151126
849562
815765
128080
72829
544785
107643
541763
744706
902016
135068
405294
906695
994077
253049
508184
926559
20276
837198
399719
707830
258467
993822
857401
950369
736684
301693
464414
916534
936974
604239
656682
964576
903930
948233
328283
304645
412770
226577
499618
878306
255622
835815
927239
192967
216191
842341
426614
400271
60161
626926
414306
270912
559573
269897
574156
551743
736443
817885
351206
588757
970555
105399
82306
206369
768338
979568
490058
342859
718392
289190
254436
669623
336056
383269
581381
962378
126071
67017
807536
390481
258030
818898
104067
441294
866518
457128
345447
505001
972355
899210
188071
403562
744844
624425
11782
21289
427948
579604
231634
944153
783333
631036
111641
347363
547350
208823
627236
243771
798534
883499
337487
572817
92290
134611
840671
801250
249535
785087
895584
280783
30239
68585
606788
650980
266185
701732
986052
563102
237280
327155
184311
302218
295040
581041
602980
924569
343109
356201
623540
270945
386686
635930
819739
763222
663366
247996
921461
782027
375555
227430
311703
258483
447219
732947
779061
511771
407936
771009
757238
607173
453324
155628
748967
956636
70130
399450
917052
519140
81981
433644
594858
656238
786288
763509
945110
932168
154547
132021
931363
109065
376400
618200
79398
486514
909677
26282
403847
953176
790065
938206
950385
18787
109241
947623
617090
675563
841163
287192
191627
77593
911393
122345
948109
971024
290800
384916
739231
776412
432409
267321
246316
44605
237887
266553
339373
689310
205468
630960
391196
198568
591921
990812
250254
740704
793543
970491
47922
495380
996729
986676
321346
62246
58111
654722
915859
988313
725510
34541
938150
98427
479863
726240
344241
968463
899335
350991
961332
741309
171386
298156
588530
560368
806970
256504
192994
235854
462381
958034
976262
679130
47699
676729
130556
462601
509344
81556
932467
580892
957255
818467
832619
27429
376070
655848
632149
366770
406286
12844
911931
759795
862452
625654
846535
909620
761894
944294
303305
301657
372132
24299
589111
235643
570610
251050
789881
253463
125681
387480
466104
486719
604613
416692
990153
736645
33787
840591
596580
229891
488961
585804
841366
65172
526630
109620
571810
517867
398895
141381
602515
944191
352806
205519
610535
527886
774356
956418
328518
759614
769740
657610
913753
758546
320969
957996
186321
989180
503932
272341
3988
326262
717798
38213
689423
88148
270489
749692
619485
900106
757070
273886
561075
971230
575359
780079
918489
675098
83443
764751
136705
84983
853895
979641
366971
432490
361039
696858
792298
547182
841835
291775
69192
232872
405096
494942
745188
301043
647870
538879
407821
322079
395616
425901
681338
343593
321664
671703
16357
932415
88136
876831
218069
450487
723545
929086
743347
133720
884206
945522
728820
193617
129117
330937
619268
897878
796210
81419
872975
100374
916738
967402
409597
112560
255195
973263
707120
497507
540873
457051
758750
75649
977600
212185
624980
44381
438671
915117
594509
732764
490615
890935
402734
791107
533822
693676
425417
373775
720372
318388
11210
892319
76597
289364
587038
472442
228950
904094
342651
96265
519883
620623
77997
477842
675952
749586
156877
754866
624169
899536
576687
743677
903870
837495
15596
252054
766922
773460
564186
110993
967871
593394
576472
886257
697300
98822
982049
578168
829777
162928
622658
81840
878319
428529
43474
105529
874080
23176
757384
954867
70723
22715
141736
630630
829092
768418
682613
913231
318228
409961
878460
407768
826722
678570
533203
77026
502899
227743
424833
853328
233995
950837
547676
106273
620248
767812
34421
926133
356525
546680
199110
675526
200181
341222
554575
252206
770596
992983
509599
703242
472340
575543
42225
297024
422902
802613
689721
980117
591147
59011
458143
727263
380138
35543
357201
543394
760936
231765
416433
216325
105912
34883
527793
527571
753887
982512
177612
286821
330274
378195
148854
118571
140594
202278
163009
622549
180813
431357
840237
739926
551447
620005
192705
651815
61434
754298
489945
676257
123384
871831
344445
361251
220914
714352
785236
269368
502805
94790
577336
530952
132427
730164
65679
939873
472935
214747
603539
279760
866011
901860
785097
492198
470284
89129
109169
339180
773199
69785
823275
988166
82121
631946
291654
589294
851197
93051
40975
636525
17767
520459
169213
668014
594551
283021
184502
113468
104972
560707
823885
695415
786313
467791
390560
896213
920409
545388
133982
397921
734006
815031
507071
369699
225287
179460
665957
346560
694393
351136
790179
321519
432459
316570
84096
985928
385778
38499
106800
951448
518683
663828
218896
432700
522996
898716
94895
557692
215287
938670
460747
415252
33627
157972
287559
543093
87784
699934
235403
361268
501484
551380
963898
169408
578931
822710
539466
557936
255269
757803
885255
90163
404410
169458
701719
448014
809323
667310
330588
457985
257079
113
915988
418223
100037
994430
642665
126267
622053
597904
572337
451378
444546
449126
563067
865385
803938
357717
111202
678211
94217
831880
449200
409540
369592
598531
733655
906227
192215
99868
105541
608639
355173
363861
858972
526540
793145
51896
757157
340795
908107
416951
268678
244981
986934
10812
410446
619269
833876
384542
827503
177733
222894
430849
433017
884382
152158
9810
101646
408061
944384
523756
837863
903400
543832
433023
711901
504349
646992
841156
916940
559474
129658
527226
976352
806316
429401
25277
450634
36002
994974
849072
464871
453795
46644
875936
423764
526748
784445
824469
369901
793488
913058
125434
377548
321609
659821
428156
604281
975262
62382
213376
96840
365752
233020
792114
363219
207437
623254
454643
801957
663552
123501
927177
60668
741013
429817
975415
920327
506434
369014
498303
353801
100767
405839
685892
332864
122084
856690
581495
680166
538050
21159
440558
255944
938541
693378
866505
964755
208715
743317
175258
905494
375950
395674
611396
43619
201766
574670
81176
988627
318927
479902
512408
231057
393743
436039
512347
151866
502738
354177
214148
958670
495215
955090
771342
517105
189918
996654
211747
851935
797332
315601
296302
309075
378779
415949
605601
391849
98580
104692
155573
445226
18060
511427
914805
647590
159159
142149
266222
839446
698368
532264
374837
739399
749182
766742
572640
835205
403421
459720
903085
258620
807271
359380
268809
606374
542976
241848
258507
974139
784084
632121
16057
896953
863608
816295
28328
917625
852819
519097
710889
166260
897129
591072
154700
17875
654471
894838
493536
407393
652504
868898
721762
381566
700563
421867
10168
323691
838305
772257
264352
748376
776023
646890
438484
509567
487079
859346
325810
609410
422168
1252
111110
242870
572420
442684
737355
804307
797619
180973
268125
772475
503206
938727
40092
75526
275770
521881
125628
894803
632098
977756
420744
486655
152420
490037
561536
685727
185662
237649
912691
585176
648847
564412
532706
813164
598270
798847
676453
161004
249419
200207
579196
703037
35003
19465
278303
646151
65317
630569
958531
249032
479259
907798
168299
900485
367586
957699
703671
142166
801624
428227
683707
431693
902078
771090
570484
140955
904190
488673
856045
400858
116249
535614
636429
456075
191781
709671
216296
919395
621026
45282
57466
401508
955231
112110
425365
668051
593163
360773
504661
582768
62977
704023
587629
346108
298215
312264
556368
540606
724112
697986
19376
306013
255577
961404
87641
939578
83185
632772
509680
125114
639023
120135
511151
421634
636267
939377
773651
829030
20501
613030
607867
573310
337258
327002
434096
457522
929484
896633
720457
449588
669950
757746
996870
99295
253878
519160
773072
818742
106138
380553
867224
575464
473932
785870
257581
758760
58062
76251
677714
427312
480186
380164
420592
752003
137592
787694
340256
439175
391745
638973
992076
738031
141372
162959
646081
151073
10022
694850
18999
449190
987131
177097
437993
142667
425161
781706
753870
34202
783291
42904
866635
609162
662531
498859
170819
688131
347760
453606
750902
422454
132265
872552
194328
143868
413118
596686
270985
781831
535568
159938
306278
399829
428504
769424
957813
685309
845714
586242
647385
161282
849507
430385
830321
245862
475718
4102
649587
470993
693801
636304
138503
4325
907061
719815
535106
676215
795823
753929
489908
588388
740715
587966
837010
880695
502286
656810
426329
282158
352363
675850
732460
503740
478232
860683
28940
326679
671208
416092
307976
486395
372491
31504
844651
357625
305629
686205
374799
994841
689699
175843
194748
615620
376521
663893
350741
335724
622871
147231
695072
77015
61537
452969
159675
457877
885729
42593
880678
948334
20535
991173
706409
596045
15248
404470
937540
321488
585638
487142
27852
439683
506800
690034
894804
129451
35356
408500
703200
663760
196614
888400
628756
97020
887855
554631
489588
625255
568447
248121
580322
570610
984541
268664
4021
953229
585874
173483
19
516404
292598
314005
642966
682493
877869
444940
6998
91589
165283
893463
680308
7654
344801
732195
484131
90252
27155
200538
759835
803317
208321
523348
511479
404237
459851
304051
45679
787515
434612
958258
193628
964535
508984
639845
317133
707371
314604
779762
941158
223293
40347
166435
997880
149206
743550
568579
910286
695360
92907
153568
179186
273205
706240
454201
610871
339319
33417
603364
90766
521534
663326
653739
579556
889158
423421
249278
215178
234813
878748
454348
543783
799482
146936
840884
266575
348432
835923
949915
985549
715988
845809
614904
811720
944701
801839
626045
865781
645231
499491
722171
760952
926782
598024
515252
84039
692604
385405
438168
68013
852259
467403
891502
460087
801717
886593
883722
557985
559113
791175
543120
38543
696759
484403
447357
926273
795270
712085
992649
172626
572516
951625
609078
491168
467076
583446
595076
633902
480238
288502
720317
62207
707382
838756
145675
93205
529974
363474
81833
554940
233399
266507
668011
840024
41840
426140
175660
375346
121164
532222
312846
510517
136203
432392
745795
642438
188118
469538
418851
278095
925450
384562
578107
535453
810226
501368
732287
733881
367742
860599
334979
784299
766986
575225
454931
364379
492984
198983
446364
112680
476884
917373
147056
803675
785854
399950
159448
629827
197222
61333
746514
766885
970585
47194
375399
398767
291601
447960
305396
352366
432742
801852
183009
796120
9053
558312
270198
96132
24955
528300
838579
773765
157714
776173
609707
203186
428384
862363
844530
674279
778610
788331
461496
505813
950876
806546
612234
149897
602757
216531
162722
917527
264930
235971
359664
529916
217272
622581
817813
133228
97006
566564
278010
766016
300420
794957
727620
83214
374494
310102
723053
947632
391321
703591
512378
854447
47765
242934
208496
162016
867517
612279
637460
607628
394334
491109
392367
757444
539351
695335
683264
747190
778496
455509
209406
335353
156941
751167
965365
445212
458531
100094
210024
22040
329058
911398
636973
651773
687533
712580
534236
720987
309268
594576
853342
704591
872146
647361
758291
731910
31574
423733
654177
771692
314411
791928
650113
572624
957871
26888
970229
509617
494065
229255
388231
553538
885360
418181
107747
785915
914606
768055
329838
608449
827082
70023
119584
330096
939733
690475
194070
766318
428384
28048
234055
750665
447359
764774
574247
497712
720753
94671
792383
675228
846086
802567
165077
121884
692205
925329
302287
685068
452664
131668
536865
353685
703448
890831
705400
256275
170719
152988
186960
834875
865085
617747
437193
991492
193615
478864
668682
4375
363937
991565
921629
560513
678171
986198
940902
382222
385927
21820
370464
125912
941854
383544
693790
712484
779587
994196
730592
989959
341180
170164
324595
792805
584130
6906
562348
314176
617911
597243
893532
328899
124225
680500
941822
964775
446555
485240
269186
295197
825760
738011
509950
800359
561263
855346
785339
627179
962779
217396
815078
721906
589594
470066
394370
870935
802395
746977
243201
71270
726712
126058
132495
415895
493463
243218
606986
991380
833938
121145
976689
925037
403503
341649
185946
460746
772060
653459
399288
808792
686052
624212
499518
22899
770479
626194
468767
181072
360569
905692
548678
202822
199564
779019
395420
615778
587728
516798
287016
516281
488140
653103
82650
957671
373137
974621
46034
846433
244836
647285
83688
784987
80673
404624
305519
815038
457878
557365
503038
300493
654423
92913
689291
648217
568530
937848
193317
776189
875647
587007
547411
598832
7062
461243
482969
105289
833572
230135
309534
496246
150144
393824
272910
476637
107597
737005
526412
957203
74681
513880
816225
785848
174513
465756
129162
118699
314994
45671
215599
760830
597598
241807
166943
876452
940456
115405
259107
735156
816115
327222
942136
90837
574485
358975
315259
833480
394458
557001
834080
472757
499835
51902
177257
600481
597192
257556
176871
574625
140792
67114
16830
25084
976396
440330
705573
867022
812484
706026
854536
519040
106232
353871
499183
918853
719264
349340
477211
42717
483791
351123
605094
565318
264568
1793
818694
696537
356208
660399
683882
12188
805974
53468
452617
556662
803912
953293
106834
465009
187426
874509
172202
777790
399437
38501
679505
870464
527769
540970
647498
975836
176384
588886
677751
747794
150507
164415
923272
83593
523226
46775
196524
45142
888939
295373
407369
72000
826950
837415
119544
622067
345169
129234
331731
614450
84812
569475
157562
466815
220172
28996
189222
861803
357801
203400
465440
498958
23877
430968
313666
676090
911702
970462
803123
301497
681781
281368
865937
770383
845164
556063
516609
540756
956906
124720
441118
985088
829023
609298
396737
506189
471332
748376
688239
383179
759465
250828
920625
798648
483147
242000
382972
217297
637121
65567
254939
842053
745578
774014
735909
761484
725926
20734
692608
800224
163768
196784
923101
394680
785380
252414
502923
445621
722956
587687
904671
604717
461463
111182
303808
248223
560484
418926
75247
607129
502825
500175
152503
956875
887371
126982
941469
305926
918353
538860
628393
46671
503165
558553
721643
667486
599636
841970
345706
258602
977396
328379
105358
8835
381356
836957
849519
597300
97401
577286
297479
83879
357004
729624
343853
902373
498252
405716
533054
229402
98643
820461
926816
217191
321219
121109
356384
249223
253283
710049
93843
107674
767241
141591
772063
279831
493372
540989
611867
152224
434721
386998
112809
996978
96205
772173
627095
767712
485478
195618
328432
3188
128472
848747
755028
103140
499134
355885
621388
220670
224962
707896
490210
923200
611165
223603
457682
417956
595757
947379
911556
224734
610598
963313
720664
113896
177122
502511
300454
88288
829386
123003
863515
383209
128235
109048
236165
367295
676136
635443
780913
302999
847925
161386
357885
508777
484313
639199
671836
98844
491366
61406
334601
974785
894868
466966
178533
395772
603116
594084
449086
377779
521511
221526
575154
162186
485148
133591
537810
945412
506958
974129
13858
728799
51432
61969
182497
635118
427295
134458
382253
108755
925764
706717
938235
534796
710931
711645
21686
621738
327395
463863
699138
610990
971752
835169
512534
459495
56245
206067
742725
119021
631663
505483
489491
56550
747195
494454
233519
91575
208659
444762
210316
891596
284078
517050
824645
6168
453054
271148
338801
74040
559027
23507
430677
515609
246318
675526
985047
230479
827592
307859
879713
738325
460868
817290
72897
89586
496846
210452
133367
442564
604715
619494
217252
817708
565663
327159
431691
455959
900038
939265
447159
871943
61255
676263
46768
607632
190418
500534
769714
375042
953760
47815
602371
644578
706337
510571
812789
839499
128594
253767
624306
613088
482266
552794
620315
139196
254115
227465
322450
658654
957834
248363
742602
253170
752616
292678
528909
966928
312920
469063
484448
696419
688152
974766
468151
995530
616018
945398
945814
38011
925617
679657
86935
452849
965762
692149
77491
594660
757043
624478
356732
86337
844942
914949
644345
115145
279650
608701
557884
753089
990685
445941
571171
725200
359938
941203
233694
963398
391040
457666
769241
13141
509863
805528
801611
29788
433430
107129
465541
235103
676243
25099
484885
432808
466877
34896
505201
782718
334233
230336
529355
678890
516406
586520
663075
491022
392141
520580
109219
21357
720786
615251
246359
851774
698260
265046
474524
259504
941570
845921
396504
821145
750111
266406
150562
321269
220553
873306
277050
54442
394187
871726
510525
436354
410848
36939
842795
347354
148929
202438
478645
543893
71626
494900
647391
2433
203791
51740
390643
805251
105683
374564
10433
156925
75919
263123
424157
359477
468518
312140
790814
345861
912005
318175
683849
636024
904462
283789
643335
908547
53121
964477
619776
507585
147848
942686
335638
725066
949086
609580
591409
575076
462065
982049
931283
846453
965077
940881
611198
888639
364204
658534
237910
888120
307464
63771
382698
639457
371458
835285
495331
95907
916317
665658
940139
934222
143192
621068
194418
713628
13437
832739
646856
254804
493825
780691
809923
107329
265308
27312
142556
974294
988887
903066
399404
598398
600763
550755
749469
633171
927396
584073
667170
71744
112164
968990
448781
462483
680183
312044
744965
42620
359414
652683
571921
531777
947289
335721
918953
498720
481035
268813
148609
666171
854005
297763
345576
308924
873562
588896
850005
580910
133156
377468
478485
336470
643852
163630
477996
487000
135117
61276
418270
511061
170519
780983
392258
378813
938445
108377
434415
524513
229168
982991
938968
81206
905152
697089
879125
396793
160366
738923
236712
809520
339148
139164
985951
336402
686443
644878
570864
364039
838501
694952
560709
432587
139152
458068
879835
194191
107562
586063
33640
247837
396969
117147
988410
876516
2993
530428
502557
359027
836400
755477
847992
912830
674640
758810
144100
691675
865867
215956
92622
373300
159540
623281
538710
792137
468417
336343
930353
353416
119205
953104
952185
377562
409371
396239
660795
949891
897615
36071
399841
738335
350245
74019
31627
799054
585558
679901
600081
337266
595830
469982
939595
723288
436878
794409
913437
866007
969872
574229
45611
705997
722059
520880
229128
403120
553532
994712
825786
971727
674222
8029
599060
157165
153785
517061
27855
70103
795641
812503
443246
380044
171139
736030
292219
608699
398861
558786
153824
954252
805648
39800
324554
790938
510916
755964
412606
107150
853945
423863
121532
86430
953988
386046
676260
936457
322791
685180
93999
296109
268174
806617
764889
186235
707660
213088
682484
270114
913988
120398
313727
592134
504893
131016
427327
872460
836592
123136
274969
904294
673673
609766
470510
817137
263081
812612
937596
156695
875288
983625
644896
540264
288645
480789
170865
758045
559034
313614
214905
358358
492223
827125
461618
15301
432576
124357
389102
591205
201707
956299
298698
601208
960345
416477
188315
819388
297200
147907
101404
412231
207204
75890
211242
56084
646086
839362
129843
574691
24744
528520
800006
707364
372169
493319
371979
42232
559701
754092
667319
789005
652912
421569
885569
918256
336272
787694
733161
674418
48946
132786
82776
917935
67451
881385
380669
447099
934390
595579
240818
686540
880846
660621
250649
165156
577210
989373
147344
402143
128937
725001
964376
376771
918394
341446
732082
87897
160377
355255
155649
521207
160786
381201
342482
431879
987328
838029
785992
60670
539751
144389
957762
582826
767484
549815
578984
926652
202790
612520
535021
450322
614414
314531
526853
907881
513259
132740
6515
810223
881590
712163
302752
956320
75321
376506
206347
381010
526839
520432
506697
398603
255994
827553
247427
822336
431092
704106
864479
301535
491907
696993
360862
439704
555466
831067
220973
434502
851252
950101
431563
314181
807981
866194
390099
909351
224966
453791
460354
861003
752974
830878
85227
786400
738135
706158
255567
383584
238408
13707
63070
193044
70789
799008
995999
491883
289755
120193
588190
183369
770301
73490
338608
240498
31709
282280
626432
887127
951187
7081
737068
413733
957865
560125
643759
141471
28882
142919
568165
35569
825460
280986
296088
793450
214163
324285
943118
90798
533535
819437
356089
604352
700302
544940
971608
148681
909009
306154
632906
44884
925761
20291
422355
352155
640171
141464
797694
801197
841361
699676
685293
286399
804724
493439
73594
470436
210445
396836
678744
836968
660658
560466
484578
419778
557361
535205
803087
265714
762767
59236
456887
555000
84841
62982
313179
420
28670
812383
425721
315515
174148
249657
833497
515613
745209
404562
233267
718205
449944
413190
190644
542164
942033
88205
458719
767561
781213
485932
686592
486925
987858
317847
470896
109614
671468
26638
487816
367786
598307
318924
561644
751191
764902
540761
793198
885139
601567
236245
367894
376892
420209
515735
779927
426048
228642
749253
522632
962535
567648
674459
811584
641691
318907
671030
17814
919153
180250
156356
852283
609205
69803
211493
542926
113270
401949
86136
30830
808961
712049
5178
888347
291515
573714
545459
503190
142298
710080
324566
375609
78949
972878
360447
319655
100474
989731
750482
657887
667303
238718
95508
417570
411727
250080
967963
300228
79922
639920
632465
296861
560902
94090
119366
253014
980804
162612
895306
830982
315573
731404
669468
480135
686664
54737
901853
384343
259170
427798
238386
633958
520225
654296
425
575767
694891
204398
815529
497703
371707
122722
558987
455419
702180
698094
364154
641858
652490
398507
925508
538942
964468
781981
591615
487017
795222
817922
622081
51282
652945
656132
64210
624370
843523
807600
545968
306370
228055
411689
385998
38284
918125
605653
949591
198828
807791
214143
803078
136406
434282
439164
590063
611095
711697
199069
341848
305217
688496
181218
121642
977193
532786
916465
100511
193880
7099
363186
388682
161808
878708
300664
538005
920689
23946
349227
598385
634142
182006
278417
153329
855785
592534
446160
858656
747641
866894
38877
726431
183711
21124
252589
984279
554773
556204
128281
712724
838429
124627
65460
475865
996122
549447
616243
434010
506597
743716
383598
55108
945739
434672
82915
225967
508319
638129
944630
212444
702877
951916
143741
201286
894932
51874
928018
692171
933896
630545
916692
237813
292525
775087
660700
10769
557301
548290
846413
484421
901090
711312
627507
986890
16169
281782
795437
886372
781431
806792
331246
2353
923172
381169
753596
687084
304575
269910
665543
282511
741142
382182
409511
863866
33116
353624
407231
256174
715070
886604
386224
101155
962238
215743
232049
162264
27197
561647
507535
846157
12323
879796
742150
305822
952106
374497
59010
168487
706534
746640
382154
186619
499030
924890
566147
838707
601985
383638
887163
482674
818028
961611
568739
737811
576300
171561
867833
940884
824248
763119
602134
856727
891781
787018
832663
5541
430139
74472
778676
215254
469124
341932
844070
245683
538208
155361
140328
530049
601205
998798
373817
936490
812182
983662
601041
442027
519236
524690
150728
643442
462880
804038
330679
159096
227936
476015
985107
688095
771441
927922
934821
738341
92563
783471
71580
320342
750793
468920
525937
772484
609977
592648
596831
504606
821235
542334
954488
842982
158586
374516
14886
98206
126720
704308
834665
807340
540783
427563
34446
951493
802124
78604
224053
591392
356638
759464
581732
494827
441348
116578
9012
292355
398432
602627
634666
728968
546303
922950
999877
780714
400455
745752
657332
906894
721082
405694
632795
803137
113002
91790
114787
442663
646608
94781
948907
851493
347178
373146
907983
279334
337159
665046
764716
99211
82450
982484
795436
330396
78590
182149
726708
742296
767375
565719
994710
76836
604024
450876
986280
351714
608821
605279
338300
270219
504665
564546
585734
253484
427161
596236
429608
787875
391724
113866
390506
208786
174952
401182
323336
519363
60140
556313
843806
941093
921347
922829
742344
791300
161552
111684
576337
481074
938257
637573
660555
897371
52963
382061
384584
544387
36636
342149
969937
84933
319029
935067
469328
598614
582576
98402
909155
82220
222900
128000
150779
836765
925944
786025
246953
944756
713657
996630
545875
447083
255754
243868
208816
51033
481397
960269
839983
735984
428738
916848
11719
385150
800801
88064
114812
435579
722414
551159
466591
752059
537835
875151
954762
84825
321274
277160
460272
87983
507545
482494
770297
349994
407455
267845
970415
472483
897378
586518
866618
683426
353388
254322
278374
879866
206262
924510
566559
738041
666904
767557
953826
942997
164771
707442
394427
456984
255843
432668
773367
23326
272846
425450
181495
924930
895704
177332
180133
649031
96536
658539
28310
369447
89975
535697
389584
135039
350872
278890
110313
969752
141045
794197
49817
327086
590564
469716
585630
509711
69130
295871
566425
309119
271443
614800
412811
646769
479623
909607
744272
23735
348778
680179
591228
327062
230761
227603
907585
434755
647329
733620
537456
312662
623813
13379
39792
474464
460410
823122
521438
257694
444866
283716
189736
190314
845460
721736
536312
381522
703525
464429
739990
200140
98032
783328
884503
149925
16822
410391
649108
947254
895633
734308
711755
498776
210200
458005
239410
878063
430589
922999
178002
756704
956294
534457
628086
449955
395652
884955
830863
132021
562510
650849
314985
357242
451650
383787
284626
825002
573849
614408
273442
348301
318220
25599
726500
479543
791327
647054
826043
193646
996535
922165
696064
953507
352033
183102
423489
995539
434414
88464
460235
718435
899876
49595
495516
631898
226458
128293
578491
7448
803219
822844
323255
471631
510585
819236
493336
160400
712460
327362
163742
267222
338227
171866
19094
495689
338185
975690
6908
122032
198066
467203
727450
145072
103068
389620
511974
908432
237385
618422
87740
387592
216490
102984
881600
845806
918800
155066
445727
750049
369490
809220
842097
309409
311544
176410
892780
399724
397417
301291
576953
918800
367230
558701
525141
613339
536117
320422
460715
271648
87263
497778
984524
422888
617420
407517
793220
397337
527889
966292
286730
179791
81395
373911
51860
534186
526871
829928
555847
104382
87316
862874
223854
957111
512100
268747
985711
250753
814165
369643
883031
619082
384203
62218
637262
537282
128240
764510
838485
896894
375315
167386
221898
685517
1527
246615
944395
735329
140777
332426
88598
624863
573481
459324
31895
203882
363869
386145
942948
838045
167072
578117
61022
127610
972705
965634
898579
719292
771002
307539
366152
101816
150899
385247
432555
563881
257820
310918
149044
670022
269418
685637
176473
879466
867713
699807
563146
147386
253911
888129
735192
753582
587186
936919
736644
678286
280518
224892
299003
607756
77898
761703
225453
252097
940094
495211
76770
228505
884178
119226
43465
487258
15780
562276
559794
296627
757038
196709
812882
969408
905015
721017
49912
405336
613372
272000
796017
605819
19795
418433
510690
750991
792307
575163
699790
233459
220405
674489
684110
628605
399692
169034
644714
716905
234318
428986
241295
500437
534621
575331
480862
112910
294365
145963
185185
34545
778354
430854
392123
741364
948030
687400
373542
41101
261328
456038
108971
486621
256012
155193
39157
17288
410624
626705
873249
429499
491158
712406
49067
621297
577400
198868
921884
413486
297073
377030
343274
454013
615847
443932
26913
688335
736226
901271
208347
175086
903606
974971
383141
665474
849530
766676
608615
587503
692000
315598
597627
134026
364930
13846
710805
148710
742344
162867
243072
242795
131916
718321
382461
688352
307044
724603
430300
879483
646188
687089
192378
767387
620512
790793
806060
579489
766177
726621
391449
121643
490518
7069
137500
506919
551967
212668
757462
157512
629853
675619
919178
525409
363965
439295
629835
691635
894496
120983
281965
513345
223214
365298
845336
374722
478569
246742
773854
656878
168576
206153
302220
213996
996860
198331
881102
716579
623094
72333
204579
221247
4980
252788
149286
861436
279366
303104
513317
14396
31181
669052
249628
194213
405357
191173
746823
534337
159526
379641
580753
203396
746359
79805
648206
923834
253503
198294
89943
331094
954074
9290
563099
773760
859349
392434
264441
758924
16665
61360
989728
689600
205637
549960
974544
50250
558765
326800
26549
723935
798332
601463
40448
388322
476340
315094
564351
272386
109434
983889
19070
81966
468363
77938
175796
757906
736786
70248
106021
185239
853539
649367
356562
152576
578504
128505
698572
124144
95752
736095
689894
336951
452080
677833
724121
308302
526607
367985
238897
684194
710911
574568
268920
969245
106629
58996
205594
877691
806227
586414
75893
981095
440131
910206
363165
820556
798162
95097
251824
155036
800391
801316
333445
21867
330032
359427
754892
894578
752599
364053
32819
202012
194402
178926
811449
241732
918426
732199
52707
806864
366067
115956
302322
872089
481396
801301
998495
691298
978853
446672
186523
672789
336987
194038
171796
661612
922393
471724
699939
895846
12913
426493
249581
63271
812277
681209
427111
383857
91320
62892
996269
348459
188150
805939
698534
454889
944292
472485
960373
680472
329636
58768
20175
365538
834391
673417
209181
700697
913765
348428
293138
351472
640679
916216
471001
134794
473471
248785
708722
13766
628381
647584
64594
501523
952133
390828
462882
615863
618173
118331
773680
23339
819377
183780
20495
30338
91371
522810
543393
422509
584551
913197
854264
766500
305985
26453
646484
887813
838370
182862
959204
323301
34018
343643
971930
870749
908761
802394
914079
806337
634229
934320
371654
414713
298014
429952
180298
184213
89726
74801
937283
28611
950352
611797
461549
311277
34700
72146
599096
591868
983576
103406
45211
792945
554627
582662
859108
281246
555847
674367
419791
319908
18609
815722
124880
830917
555713
913747
741657
566370
688897
874614
669072
496743
579355
874826
873158
505067
505585
460125
15289
182582
685439
760110
361051
575928
351592
854016
965292
341798
968668
813452
338312
528030
394650
798987
320537
442870
488622
821064
879084
778574
173494
393791
100007
755814
669916
668596
977130
154779
892780
338289
602651
597807
180681
801119
311161
847341
733630
891104
204300
293521
302162
994940
884383
700118
26083
356926
842243
155244
497881
455753
255547
831303
19230
260691
853465
788560
886536
64017
123687
746830
546165
967106
264684
448474
883289
176571
575763
850535
505641
129652
179797
727455
154389
560186
824904
860273
892683
619584
870783
9090
114579
198078
538819
325059
775691
371375
550721
780310
812998
555038
74803
795803
411665
764553
669076
18906
31697
202907
454774
982876
600299
828104
399771
183010
299003
329403
389438
46149
752684
802953
119361
193683
388522
274253
50110
936562
94993
484446
91209
922780
287100
774602
122979
527853
278684
343859
723092
813027
452892
739061
891463
142507
552285
521345
708115
110167
728206
122885
198003
150249
332829
562211
178425
713315
884256
332442
573747
260336
785923
316887
127177
810165
539181
11939
169362
531653
517094
285850
984588
440380
990533
288925
918293
887116
685621
379565
118345
873971
44147
446332
994222
424079
699062
932697
833569
151207
538463
437771
985917
528870
302186
910025
338286
173078
589119
398861
147
163403
918604
329014
359554
589470
756998
321693
365927
87835
776683
205045
758895
504207
44033
377193
312574
230256
619668
837053
194595
470361
531374
144350
431923
554
644356
666341
188043
813046
108915
880480
541888
676926
857450
62131
617028
941126
140163
927582
343777
658905
810734
698844
488814
348504
947895
145890
448761
381590
161194
782393
540254
273693
770257
775654
314028
255508
719567
574273
240037
46271
776581
963492
910789
899138
825395
791806
456371
751498
673292
856467
4974
698492
835729
111287
460654
339082
669767
755239
629699
557970
593594
919983
933303
326558
565213
20424
157826
950168
1748
96303
330502
781321
530586
743826
664038
177551
667060
81439
780943
326881
699839
493193
261644
393263
389492
723378
862530
309250
475156
513936
301126
760656
766800
863687
204107
285546
781199
66608
547516
370995
687184
934860
338386
306194
670644
357384
350882
281338
214620
812432
161925
56789
785437
785992
846780
543631
501284
778169
854256
220008
252069
925700
591586
235259
851580
899013
690548
402212
32604
54476
530
423641
992131
88930
506390
127979
219566
312985
362903
886623
957940
583242
813065
576859
163270
159978
906002
688517
298422
479098
965711
275693
896663
372882
102575
103171
509837
157525
941823
680698
485969
326158
733586
524563
14245
314627
238242
660350
583960
184642
167391
726401
985120
792261
621227
750183
267515
283649
171964
139219
144639
127332
575642
691954
191687
955362
663832
144714
570949
844242
854465
722975
317556
696571
104599
41229
909662
875989
414963
435067
442527
930134
910699
999718
32919
765162
893540
947406
190245
254419
575
482936
498451
471959
679384
620135
198434
40973
155240
801626
607416
367581
748876
913682
39653
299863
10164
698438
572722
209666
205446
783322
16603
962095
652442
486932
533472
736339
303625
52227
771960
739998
925459
415584
419055
234554
659900
435278
922219
372143
878625
669338
957694
140716
280397
129394
392040
118753
3872
274374
652804
652925
845654
289649
162518
6170
808031
378727
148377
368570
47987
20404
903416
528334
449288
644577
129789
655845
313644
107431
940720
310085
852999
802713
225015
285273
423652
636185
22149
650586
172524
351338
576778
732126
866646
90107
773712
129428
876839
978767
239164
572707
409148
855431
662116
559992
63960
600858
334969
570584
929030
69063
344270
199852
429980
57130
726341
487506
147291
12569
330157
237170
724238
101677
29471
552593
699102
105960
181858
164052
579077
996110
104313
264807
370598
943437
708867
227486
524099
691097
386664
919138
812355
765255
393526
869777
141734
743226
222593
195574
583533
175661
754558
594750
501476
95710
412478
857627
558808
171292
172240
294815
436964
150737
404370
797562
614969
821695
72420
938613
147357
94708
567716
472489
550291
926908
748565
919927
644990
289190
366560
534789
848838
443579
908727
655210
87176
734657
750922
304511
745772
224574
860242
718607
398023
138122
764540
354411
947083
168827
626451
355015
352043
336701
658297
621944
861551
355655
72287
967283
253436
575546
123000
844186
509782
179440
518072
239802
216193
560107
599758
286758
628877
311358
741041
777313
860354
869
972833
305932
819082
885624
884893
811601
820246
730218
947698
777973
521677
365827
402533
533113
996552
984501
991417
536738
356821
207885
707898
343399
815181
68207
552154
567728
6281
940874
224597
51928
93653
398413
790981
810599
911631
638150
175767
20059
189552
729844
419618
943127
230218
934896
530360
783557
995394
36942
102867
748544
741841
955354
841274
81197
194447
996579
219456
25282
777740
790937
334705
183824
487248
901240
860245
135551
872274
89662
97849
428965
195075
999305
713532
43866
761219
623610
774566
821256
846120
312714
549671
210076
280323
23258
588447
338004
771203
514072
869440
974317
699177
902023
127375
133083
484255
883911
233943
763285
90949
240479
474157
484087
812627
658834
256642
629730
6473
817756
262326
271545
830223
248730
875658
948130
485737
760071
305147
719609
293623
946910
386810
730095
620022
523417
701824
286555
152167
723054
393118
382961
275580
578304
335819
264308
729531
268328
956146
252274
807868
119514
682265
5246
600835
407261
106359
6758
811667
455117
297557
541465
791510
34297
605356
471217
741693
790575
588876
439163
384371
93541
388238
548635
616656
629228
302490
668559
236972
720240
80922
261827
3392
253149
500057
751802
751121
51254
560547
517292
530815
435942
591406
900422
29656
137585
520006
960475
675016
383189
574984
734457
572381
481587
650770
55249
774236
989603
378080
273824
770761
295280
112462
591169
255178
874835
891644
131366
871453
243823
685486
525152
355463
583339
295930
599375
227867
320247
29056
185975
64894
845070
198189
573130
355855
955911
222532
506139
417176
907680
867950
351988
858450
28141
288786
490246
849977
95448
733034
868893
742249
549096
770923
996079
417195
728935
292003
43611
147270
601098
567008
269719
418414
587716
795097
754796
798061
971052
87734
38964
786358
140028
271486
609835
903503
893764
43408
359385
115273
74012
247853
540883
589759
195780
564305
844787
910651
689367
696402
401378
742813
475384
491451
584031
31111
214777
185781
935769
682961
357495
784236
279149
338989
588468
33237
309309
579389
983765
911149
539088
339887
551053
447069
679134
60440
668852
765480
224560
19096
435505
718127
644640
928908
794770
125521
35126
919354
742704
941438
885846
127582
643214
182661
585329
693248
69826
215033
365097
451870
101877
429816
6109
811753
770361
686192
678155
914250
737393
804600
602233
874058
481501
750481
870011
543340
124029
782899
303255
821426
922012
666987
894905
29894
296839
370867
10787
658674
876568
605501
288405
219571
162159
40604
324109
326147
415638
172703
728655
839118
477909
613479
560638
267511
540965
124056
800270
731234
421289
171787
935157
741843
662170
435457
339330
167936
5509
21435
53850
978933
711154
832803
526030
799496
809882
530052
731600
995683
940258
32968
84746
392151
31049
559579
451081
996437
504310
72350
449923
531134
998918
490021
436566
472021
364909
633104
938254
413345
154955
659310
687109
344429
584285
9351
675852
169729
621588
250519
168663
147099
816033
92813
490077
777589
873691
654186
628298
921756
630454
807950
991953
16330
157287
832474
291989
257801
914534
22425
837788
581017
43274
734708
962247
103979
974835
132348
242120
865026
588890
3122
521505
889649
891412
812114
998966
859555
514985
444454
37139
437377
196128
328451
556249
538078
878525
730435
830923
397721
296095
859451
225253
352178
179228
156458
925080
754471
918812
847798
409149
818417
354172
926143
219863
518676
215139
570659
285117
542704
458599
918804
870904
80164
336053
156459
348587
767472
510052
872223
458077
388783
951935
930361
749570
245807
559808
315427
625603
251304
131777
20325
553527
105078
6741
283118
528726
798504
189533
532425
98799
849406
377698
654092
148863
584979
65851
767921
458084
515772
857167
997523
788154
407654
429333
437281
138636
957012
621021
14749
849393
170291
236422
807175
100160
669326
371196
777378
689840
370458
969752
265105
602118
814720
38749
541371
199957
105503
4284
376262
686611
368422
686762
59416
465698
244003
352655
537168
291497
861873
857705
710325
93288
214703
280013
323979
338631
944889
905769
847109
812018
192046
201329
127472
80672
735835
505595
367
358668
938394
544350
792386
934236
561629
421864
173792
367786
961320
122673
74375
675025
18022
175671
964928
209274
935909
737298
334292
520388
304355
29973
22108
658196
828897
996620
47699
974316
523352
786764
767224
497282
639395
52497
15705
182007
715259
435612
747831
770823
249518
871234
354184
30257
496370
341326
504752
40100
337110
92800
934838
760428
950249
613073
944986
84100
275648
796943
731092
336951
35366
979000
163539
308523
990121
574563
237460
746575
819155
654228
77598
876024
708513
124106
65222
454131
941193
537830
420824
94402
159065
964913
659518
34702
300616
827952
246372
731217
742915
244587
112474
272704
175333
705335
595028
142241
368921
22811
757350
223560
604651
293173
57122
589585
150492
155562
389945
44352
77416
525773
304206
418429
142275
160990
981285
875116
809757
593534
384133
294933
977909
654644
567642
368693
948333
905826
28483
282142
248867
987603
884231
367356
21964
208559
461075
633405
144762
567238
708666
803880
404456
387854
706845
996178
358393
422104
277235
462291
562585
280137
829031
207559
173847
934684
388313
244075
704738
53539
410431
998430
402808
640082
212935
456579
862908
980614
47494
441041
302729
647051
555520
242011
626936
818732
583461
931132
415379
219302
603390
752691
270526
264668
574680
998112
399817
217097
291144
958255
308886
747719
827314
638541
460349
77960
210772
296890
699124
871802
863587
43564
317529
744160
226891
770882
98604
196575
517796
327318
595353
922813
505914
39233
66607
608218
822327
13364
740935
247750
948019
545057
13736
46677
919149
761319
274488
745781
707018
886274
955729
913344
405131
497317
104878
872490
405451
882208
727663
906713
982130
337433
974905
983487
96588
741897
465681
600798
928738
587815
140195
812559
968374
373362
365360
936831
822798
811695
890002
437964
998905
89643
99358
42858
146530
901355
891127
69075
300620
658812
923489
740095
248540
768715
334298
690755
4570
284326
369378
758971
242962
702095
53350
124257
195926
740822
134194
598506
355524
809317
741545
520408
126721
911319
890267
534649
273246
793230
58876
367065
348108
818836
889247
934276
897956
102756
302083
865832
69769
787047
760014
595352
708954
730729
697607
623114
419970
392781
159009
794441
355782
266074
881907
343257
570873
23715
592574
844366
223281
111414
945928
495424
169065
958528
777072
206261
735714
939047
570077
420108
140221
22403
290588
630861
160113
702747
686468
792812
559831
262320
945292
710676
298358
907783
92452
92460
914718
592337
15304
12621
221193
753149
653649
691964
542471
588613
369030
894311
267231
285895
80935
324725
180217
874258
785745
453162
42137
508459
56836
499515
330662
767479
388731
208004
787836
904131
76909
483104
65815
657757
454902
885626
665096
509961
642853
642762
117547
912374
494951
715638
646006
822829
709040
398696
189062
592989
860229
756560
630208
212748
679194
757774
605131
843088
519124
725675
870685
272808
130578
292649
229985
447260
697661
942383
980488
67730
417992
748077
849798
182377
155970
526399
829097
816527
772909
76119
188298
995216
977534
199763
364663
912469
278808
733537
465108
406444
262202
405995
889782
549061
532722
929929
672998
130974
548239
168220
115286
373866
588509
32238
295654
533921
149840
661051
754528
905386
632702
667088
435913
315751
255770
275357
995811
785653
772873
489726
250581
557368
167697
388772
133877
743036
123348
128325
543948
376026
3636
397780
699203
295584
814928
501236
76878
296712
32819
637240
123593
603443
857910
983327
295367
465361
925877
439129
827564
744295
326587
599095
413726
171245
467219
427806
311037
583685
477606
600481
818257
631637
438231
198405
745991
963144
253078
573806
301737
270830
244030
38925
820445
983832
265461
790952
482765
399748
347307
917948
50204
157347
526864
32449
11584
64396
326059
871349
221791
623322
895023
949969
842628
734217
358896
164492
7374
252758
768637
903404
846109
280401
699808
77251
752819
268067
621351
179530
291616
221076
992374
671083
467661
125453
218587
878905
790402
620271
233729
541212
658180
644899
128309
662729
401069
543031
352333
166003
746615
41501
4343
875337
749452
486973
3332
779591
987953
796407
470431
612514
686029
910957
239124
928902
357750
862964
360356
101546
775068
575845
698382
13409
902169
111361
679640
745956
663002
443031
268973
950158
107903
144172
108935
431986
571420
490592
465043
870822
460027
559631
892894
970616
982837
940559
459946
301355
275376
59995
57726
675457
538564
698890
955449
485166
660673
238898
69789
790668
410715
645494
676947
336649
750556
776887
980091
187595
974293
889411
469434
634718
868109
300036
702410
316726
306149
620509
660912
285999
131032
111310
399943
396706
367316
214697
807369
869187
856151
25578
54320
42078
624901
647684
254474
157738
598183
928854
809983
555960
168109
759248
954850
157558
1286
30386
262233
485671
26051
443424
626436
349918
757739
229959
158965
312584
356516
399614
731885
165826
785049
724346
958868
51855
401920
844425
828577
781119
471476
190158
774351
639578
771718
112202
309446
725399
378020
700606
368276
668393
272160
458696
975009
855232
227530
509489
587698
988882
299745
333616
646965
352504
703139
217433
126323
122545
623601
996952
422507
764597
567893
415289
144718
659857
729174
757661
459723
231246
236315
459509
157684
996260
716794
228808
325729
704441
253123
622822
406735
859034
7993
589561
77034
566587
145601
752236
263074
18504
898290
218411
420439
681457
127287
772188
397294
566952
431944
608848
296835
862468
411047
768446
836612
409107
365640
259309
485668
110702
964174
494281
195114
197512
551765
65937
452113
619635
366809
815550
190752
61531
97041
673695
797013
791642
589066
773611
548506
234607
231033
828329
518743
91847
204911
182262
12076
876900
341742
406707
767306
466413
636982
76731
263256
261648
728763
398881
473892
130457
813472
158284
982320
540312
164760
802785
96875
740408
121145
111053
692533
893691
701321
227947
88615
858099
691292
291609
268523
687092
568627
476001
473587
977173
554191
12292
552329
524696
309879
984405
728738
528225
153587
757079
850726
270391
410138
598359
906426
459577
151043
994164
711090
89374
513566
840601
243727
542168
343996
427118
358501
661659
956786
465699
988754
925135
810767
461546
803274
622337
979466
325276
434108
863445
315708
169269
936217
668046
27257
200023
980425
824843
121675
364091
654413
229478
189969
258663
39309
156691
813994
346283
373029
277749
913803
473648
602059
877747
752696
837251
785565
707741
773611
276746
273744
494152
841437
357560
301196
472166
348786
354699
560759
304747
542269
140212
754326
689980
223488
138016
140529
671187
917853
361004
981254
851382
403833
647673
355520
370258
808899
206007
945123
635167
217920
702681
721079
475967
945462
236116
584297
528678
292923
876708
759663
237197
37935
657991
48132
394230
221332
300202
471113
348130
402828
839822
65672
162993
849044
578883
950695
415094
235925
221015
391806
182818
958033
15975
399632
829493
406693
581988
690477
864174
709482
147925
681252
813805
144803
6206
943117
421964
304483
600392
435379
460054
25563
42535
724560
853749
9537
477846
598367
606872
216745
807078
561864
371053
58653
478978
283402
380872
247844
609371
340323
675319
587647
599590
577175
956042
80316
475159
13282
517634
166130
969466
352496
575944
493511
876814
899482
24954
761304
896865
567949
410849
429750
253508
960654
302989
933835
800698
452925
746205
301422
604139
92164
474869
751809
81711
380518
400786
823323
986980
263945
568549
59092
94939
57395
257448
935519
956006
168265
610321
173339
653176
429984
817959
458717
317260
615281
533610
485664
981918
231740
681494
224316
1147
999942
941283
659965
209488
651864
180182
439391
226300
493821
400926
635591
784418
315554
712022
883448
545956
102059
431903
285614
328753
661407
625511
399947
268257
811855
891501
899407
847310
592638
471876
87663
530125
857294
420109
191413
840749
227547
921047
778872
801019
104719
40508
726196
394682
69927
935423
193795
362400
437253
55091
672597
591590
108807
684478
891889
280282
187702
785165
389402
32672
682224
596940
117034
5956
720480
789183
194814
806494
613041
9868
819000
195012
570605
855925
691949
403223
429131
323546
52273
751736
901303
681525
534643
547327
446705
467694
969549
517333
444327
226863
504665
530216
649584
888826
253924
54960
450497
716723
804242
72936
631563
635604
42068
26213
648661
143702
17162
165817
39370
126098
758796
567506
624388
296445
562826
314132
853637
277721
430218
745231
41981
875807
386875
851389
84379
627528
169723
983814
96753
77975
775556
73127
860127
770796
867496
72720
264721
4178
473206
596484
1971
945571
351052
501083
891365
672234
939010
948158
117047
14966
854944
548172
897883
873295
396769
984929
846647
911651
328070
336755
942859
515106
70014
961839
92073
725716
980748
530036
139100
956202
880311
558519
689435
388746
426421
261273
63324
807455
804613
582774
9166
351478
552506
953398
757120
482303
915656
264905
701462
560008
664725
961371
118684
502671
207695
578834
921970
622555
153338
382949
198333
951987
57171
864291
612547
506778
335192
326933
338055
268940
431880
587986
158793
42506
473620
826280
334154
723179
722767
106873
728924
393909
988209
48672
410859
124164
188571
5580
740285
602154
822804
488642
925090
977644
8347
121575
866013
77465
578002
701761
639313
448778
565120
862055
725297
800344
237342
426774
616601
558595
929905
589718
387616
136690
340679
497445
672575
925913
53581
23396
895389
574385
810257
34417
571827
394055
28189
711698
452119
151504
368495
103298
602088
753470
233063
706188
809524
486449
175595
30374
923016
735794
894213
959399
128689
64749
809250
323433
967023
967721
365911
415724
75459
987481
624900
672793
827295
204292
848934
540409
887431
130750
497728
969961
568412
423891
256086
892359
908966
318063
498877
115009
984904
30834
552661
840686
503434
906197
526520
678859
836189
309836
760589
244327
196348
674388
634123
327493
203697
609675
953670
916580
375177
614072
160988
137921
646635
844754
620708
501287
622669
179150
204314
19250
323343
200144
738295
891934
991189
877883
872890
340454
135436
999925
211345
410820
880666
596800
623882
698377
256866
71501
1657
273432
558473
566917
601879
460949
360642
505698
637957
336556
866559
818863
705903
155418
758166
176069
647392
918209
57034
50651
213328
721501
350314
824440
784335
70908
610126
899242
123525
274422
68891
600831
404087
111907
584328
465962
733080
724055
713192
946633
74894
679218
29833
299250
882686
374523
254574
277724
304004
274214
98790
125789
706475
445966
339130
404779
335031
334713
752155
61175
64399
776317
357029
643296
871351
9780
262702
875546
523632
795508
813764
477888
355483
284846
260797
147475
878645
485576
936872
427335
955062
753084
888814
170730
967454
411962
307480
10988
926490
904069
800373
539124
81891
535184
695050
311198
780893
989833
277716
678911
350153
690339
219193
769968
184095
586403
842269
841582
699725
951222
265913
518786
583224
491969
780492
96042
240646
820538
134722
216472
938544
54196
743598
466742
99133
721728
414598
15371
133130
59407
9024
202307
470076
148321
317580
294389
247358
851856
748827
847157
126905
57373
121230
141822
384866
850852
565843
356574
875503
778193
92306
118481
340903
63932
231246
596644
164887
852514
316860
602976
260674
608761
881314
608932
186036
872454
532199
815529
360784
175079
559979
491537
964021
834787
312359
666341
143179
689968
266593
841847
977852
877524
35772
329530
243921
332095
219995
2935
847810
432889
191764
710271
318306
14244
670703
911011
72827
20441
450974
527071
405883
874335
625883
63619
938852
663207
320728
943668
150612
924286
480725
174746
55918
369971
284938
248745
605641
852650
806987
801173
533918
463441
83497
176371
836726
328565
361952
219454
621963
338677
353579
234971
819419
246442
276527
19976
696478
525996
457488
651225
503230
317746
889647
493101
955782
770672
124199
580598
357445
776960
24769
173229
347172
283189
806946
680973
18542
983640
90409
537956
817195
537300
407210
1195
229641
55152
274410
981241
88514
523720
23133
753246
164757
714705
55997
185606
327733
890269
620488
640784
122588
646979
588041
111239
493971
161731
7720
671879
249018
177234
483385
712578
891141
368808
944332
163241
75929
910252
230049
618796
324299
337037
122457
105290
179022
775129
803458
399538
532424
594780
458112
518461
63678
892592
183911
796745
296595
813902
942277
503598
257263
779525
28341
784827
32962
23337
240571
169401
54879
654276
741038
501197
282186
385778
994250
321604
376071
339040
177371
9874
237104
216206
991493
707566
952790
433190
469062
211369
947980
101315
62517
965235
809859
270277
567571
977386
913728
521197
895400
630898
131156
159239
868364
627440
248277
262769
724840
348486
676793
819329
835845
662687
354708
808629
610190
565697
794824
752309
361489
119228
910438
719931
113135
186057
934781
257788
530477
128963
632988
984765
167872
522680
620544
295361
202512
743117
96560
527982
125133
493802
99518
749690
984119
979076
737391
868070
405118
95807
366382
283819
505012
542224
91047
419714
341655
856482
323900
471337
595029
567232
144200
791377
983402
738500
610852
419620
628515
932772
792596
330598
128262
641186
534498
822608
442913
42311
260329
4948
809300
16969
350876
251656
856169
738340
735296
596386
992146
678169
497139
627644
859148
890304
316682
84155
635305
262711
202426
745664
159786
25096
599948
951066
496172
435634
578246
777663
694477
882136
145261
859476
617656
213399
897100
197370
145966
697795
968401
985827
759765
992880
405639
872408
506950
726236
540124
196282
466317
855789
842852
286659
908626
347444
289502
519737
549414
991653
118889
839136
546506
152648
768913
687092
942030
43311
187112
276595
219664
844413
355518
733075
893201
954820
758999
618340
860093
440837
696929
635911
246842
436945
810114
471272
399447
341925
926498
266957
176435
187031
880908
920517
786179
218338
551694
46474
368918
744900
385573
294599
203702
715518
524086
816530
940896
844099
888850
510760
527849
288174
240841
417058
279283
993619
225920
357877
669508
921166
310025
35969
687309
146707
87097
331129
120236
378214
212923
184288
108127
342393
23312
21869
853322
923720
89986
495159
371396
937988
580628
407001
481383
74191
174141
149552
945538
742611
931958
466714
974671
975341
684602
88374
709434
253239
552524
938627
557094
764490
5874
790329
14919
935341
562632
262196
267266
548904
587923
861441
105617
697409
356675
323610
280345
280682
38193
839773
57157
308265
147634
735784
448638
98230
518191
304208
716814
993150
629660
483633
779633
731278
979007
745587
892726
375951
324780
412138
953339
221630
94926
953588
875380
656031
494551
22425
909986
946730
856619
660851
354198
726378
103038
359891
242533
764516
575474
190154
378909
308259
964809
894605
431227
351917
896596
10349
694615
395878
395637
98473
148605
849592
678257
564367
296594
733302
800133
857236
272008
295204
975632
308606
466241
606508
16610
606855
933888
25661
323806
210715
794937
411814
503472
787564
660097
162470
624295
631016
568012
298532
565709
86450
487408
559197
22472
188748
554284
626932
88359
650106
445224
25334
980554
936827
575033
172860
500739
24489
924018
179265
723744
123867
208025
390676
577969
966975
920821
680515
871060
504862
879810
842072
734134
59774
927585
490790
212689
506386
129788
836274
880941
71162
313562
981980
121594
631090
932406
874300
163523
437058
205059
595649
584006
662011
659149
157710
275693
427095
964140
993021
492879
483712
320312
43095
93239
975235
756225
419047
329064
562267
664992
939680
336511
583597
971009
423997
34598
840020
484986
13580
184762
302219
392033
797772
178159
724297
825594
826735
244380
289148
41872
217078
888621
630998
741671
469368
703351
113760
694770
514353
646245
164424
153015
448386
901915
984722
13661
488091
363025
959875
102343
130607
149398
466288
369420
871147
62017
607375
13306
148749
44934
957202
971994
332756
182040
578758
697941
111708
511886
209358
811205
218363
109713
240143
184650
201265
232458
418376
549040
554547
688173
702907
393651
228332
919446
272387
925838
213258
517446
684869
442654
357596
465148
642675
404410
187271
787213
268535
48576
20127
944108
936048
851273
741303
347513
500858
607986
762826
912702
738869
721174
555871
86638
66956
495480
211816
299897
931283
893738
95927
910952
655169
230311
389292
215704
720271
826813
915488
161900
555424
17044
994466
857338
457283
111543
29311
772206
81477
831628
304212
305219
169803
168843
20959
582807
868304
450937
308643
136669
654181
560668
981534
470218
41590
855509
453654
739224
861161
451863
775575
606935
391259
960678
76715
627939
470045
895164
857529
932768
89618
989304
985776
787514
350982
321032
82620
734285
479433
340951
894625
249292
431185
287506
665519
228801
334032
260347
891295
781067
338529
574445
949177
242361
361254
880426
115444
893362
941404
687159
776473
791437
800672
261156
51414
912721
914131
754190
490571
217323
637002
550480
164031
232404
277724
903350
207623
630338
376350
995304
988969
611556
992082
207472
664548
678371
581199
905452
92349
379224
420185
108666
254352
633472
978772
425226
617804
586398
522255
207620
962844
664149
963121
962882
184109
188445
105436
931711
330882
131705
881841
454731
171471
869115
514978
106200
874476
786217
468284
318540
853744
493011
360056
204367
835276
183290
540202
913096
213488
950224
423444
888665
496684
262277
204072
590321
819702
747133
844242
167293
549085
214807
132782
69208
472667
155658
60740
648212
242002
565507
201675
646738
831609
28143
952334
334468
247234
276120
35253
315505
997670
847173
698106
145507
537065
811716
476373
167534
407511
511250
576944
62343
7513
637014
197098
854962
174861
86542
224412
462860
260515
263014
575938
450895
796555
192137
20773
173897
580628
137735
724960
686127
865779
659002
283760
769908
137841
157088
825978
130506
52025
764605
950572
168948
632811
589156
253321
366113
88830
595754
659718
367666
886686
272021
437051
860149
50100
746931
100028
914835
419535
641883
915298
807654
964252
276569
801940
764064
571168
387405
831181
988814
670045
89625
996057
594685
942396
576437
549088
890024
763015
752616
388926
409900
679082
525020
96087
984760
37960
316679
885371
385870
533691
659024
403498
375230
568858
146132
100441
563958
999024
660035
879736
931709
767892
553588
11361
475428
274849
32825
499587
110251
565161
334331
264518
710046
500520
857469
393261
908581
970826
803385
528324
834035
747489
339886
536356
664832
391022
743477
690681
449068
287975
187716
366831
907751
636152
425091
744306
831718
976958
950537
322996
789557
620523
888676
350937
512451
936664
584368
526587
601406
828187
11815
980162
964990
618301
538593
177721
285384
260440
933425
121272
611186
629213
564299
913237
639917
268077
198577
583640
87249
170332
989092
370949
419350
524728
198062
198619
943424
778229
976406
809688
120628
455369
914959
348817
165547
626457
780881
296073
83495
249312
945056
86612
477513
414911
604230
706047
173669
660475
928640
529737
757012
941758
284067
366198
486787
42710
409604
532479
913112
792807
157018
193296
847393
252298
986562
218031
220506
318970
486492
171859
654972
906119
992071
331775
833412
947624
266771
762987
880943
662919
941986
260794
592668
908062
917420
388602
141724
572366
617203
556251
895013
323352
386575
694035
919942
866104
278498
229323
463477
145151
48867
182534
346735
438464
501226
940052
953635
684605
626294
844090
701690
473883
605999
60230
801519
80955
162058
841633
645501
353452
924561
611841
187663
17202
193556
660656
970112
941573
831063
776995
103251
963757
258686
27982
635055
406398
968539
205600
931709
738461
52822
350441
854478
726276
579124
824411
296885
304523
113029
391971
128178
906548
521373
818097
916535
571467
989544
948734
735039
621169
311414
861572
438279
63768
965731
396165
462368
464260
285274
614439
460082
586187
295625
673221
586346
375297
114677
187489
465191
895377
828258
973856
101176
102715
821866
449817
838680
763791
224850
714774
682799
360438
503289
472022
312937
25333
987115
453858
922425
935774
565687
86913
201578
559234
338099
337403
845606
704172
194884
902707
721913
165715
529991
554806
107836
553161
639413
166774
426112
909467
98828
911917
666284
827729
269305
570040
365809
39523
265733
903642
682240
134711
752113
334927
41239
624697
234108
963217
142554
683428
169794
289664
620849
7912
625287
265591
152317
43724
28781
258823
741071
289645
456732
924908
681201
146528
838402
877202
930224
856177
660446
758350
179207
671810
598815
393421
419930
275929
557412
144553
831124
132561
279155
233386
622598
109887
760227
874574
382887
685096
431372
346836
752278
919040
805317
441440
648337
630365
495944
727380
673826
483340
938798
322908
423497
246842
262682
802791
928330
344125
832362
462178
377634
911467
729802
414956
468383
967354
337956
77436
194333
266590
336522
920056
36670
38000
201797
823749
222195
325714
426408
368342
546587
138092
539227
270910
453929
550492
344007
337876
705369
278189
567330
62426
53676
777177
435363
324661
623155
907447
932068
185400
479276
577304
393138
432940
799455
951671
223009
721978
822426
673244
33423
282155
328576
150075
112815
192764
539274
21416
242349
121692
560573
287450
771829
329270
45660
488879
936580
668149
418771
589157
2631
933699
873979
83295
790645
761706
146890
116743
740936
137758
122136
349420
515491
920166
193191
311970
834566
522939
337031
551723
237439
987194
205961
18969
430625
282311
865377
140029
248277
770902
423218
533400
887175
800864
104767
935967
679085
848515
299103
378141
392388
28130
520257
37352
511189
503339
695923
149612
427929
274383
689755
155314
752841
129080
208419
749988
10851
999030
626675
569204
343021
974239
201028
585234
852263
594256
538957
781450
37967
673838
517697
774569
248771
930643
36173
116879
266140
176712
144168
196533
780159
910265
135922
797604
473176
680103
964416
433786
92991
590898
986846
734093
288500
195560
425373
162201
287479
159268
915924
642280
79690
523452
419277
224856
292852
319680
547548
779217
408787
84347
711964
991317
191701
840140
325864
536260
12501
299844
549116
121729
982034
898057
668358
770450
407247
991399
732291
766091
929096
712792
595982
391566
324434
19570
770886
206901
318866
509142
797907
218624
412295
453583
639046
738730
593944
361265
672006
979899
282014
117351
708885
366138
90919
770437
366451
632585
602556
823209
537211
378491
522642
466486
415549
959121
163743
76057
404492
500589
94396
832927
715990
859757
668519
819282
810470
382438
641471
383370
112183
244176
78925
644789
706132
986715
135486
621255
921658
875359
337990
853576
385481
39818
563022
222527
411389
460025
589637
472612
53461
788748
718835
251985
981809
459285
307530
354858
632547
14109
267862
728040
216952
642688
72025
193146
995381
397126
951203
450458
56399
465423
186027
648753
771411
293593
308054
666813
76347
758567
239363
872421
107007
561126
725639
969209
862928
65643
289674
219557
257269
998116
359702
983138
105302
765718
682623
138801
258760
223173
21990
309925
502055
209599
410126
505529
986449
279479
8685
915217
342198
5236
330563
197012
591224
291614
894011
596616
31052
318296
793017
730741
732516
295021
992115
93415
474032
897716
971707
969637
552375
909450
941453
259022
449702
157959
237600
805584
860542
244476
338677
162581
215639
159485
913860
246746
133386
754510
829487
147255
200807
721590
442722
595368
617066
584354
242274
881898
487592
541107
220841
569445
373341
765319
320404
609817
580500
592290
552207
500264
881048
687639
593904
296460
525073
491635
102227
268534
982120
300157
750591
910611
961766
303446
753091
396306
302972
113785
446561
234002
227139
507986
130691
591345
54167
406083
977120
674963
296667
890071
881752
727848
444064
248064
431295
248400
391904
596550
944266
133163
510512
147539
389156
900998
53078
805328
221239
402583
637540
124760
976401
929738
580202
323284
248366
202633
783810
439204
185379
96745
661546
279940
467989
563645
995889
246876
819975
584167
757025
905874
312105
441557
306434
912429
593851
692657
846510
608896
2971
972745
84521
419517
312427
235262
255331
367075
96636
663859
484129
162829
583883
277012
687293
271447
218941
704640
820422
353912
544215
602447
41517
165148
844443
366679
305385
13975
548168
909609
427111
94624
583614
750628
76836
528196
469422
251626
506093
325988
744253
918288
602500
974220
141333
355786
304540
100160
271773
966359
449228
67822
127873
42196
786516
167537
422602
217447
122881
604921
467714
848156
578445
419079
841716
259562
291984
91797
921614
437743
105816
447193
225390
136651
203304
348450
826610
509224
722196
768587
931690
313431
949053
803010
66760
109115
707814
800453
989649
499329
854259
944482
648332
922401
406632
257906
107277
12279
405128
970884
242902
110282
251776
166602
58420
550416
385675
32993
502996
777530
388706
490578
340986
958729
245214
141703
119209
736693
378898
209307
177279
696662
440270
65356
168971
633088
174384
181078
276548
115361
262110
856473
467120
460985
13343
566209
92060
843139
797136
689671
803287
637779
951366
853725
900797
477681
567437
428050
547510
342892
994609
644294
764531
11164
793734
631702
213356
68805
96135
565660
480194
559558
674660
543374
726062
83854
281173
258945
959893
602429
942724
799322
371201
685092
463048
716587
373420
596518
31580
333955
152877
602096
155052
876503
456903
320050
264358
180596
508895
120932
549844
661222
876524
194350
587690
400441
967167
532664
283089
938459
922298
506218
680871
782841
418914
754112
301266
677774
742156
953539
970408
142168
890462
512932
907327
409850
466053
915197
987738
893828
666792
127118
351719
163083
840754
361935
995938
748655
14965
83098
443404
132832
95600
624452
238350
825235
181431
327969
860130
490916
356599
512821
45485
303036
166854
354147
215046
736385
242391
525155
855114
202323
712582
883628
260040
529124
789776
656460
595971
857876
202048
883467
772946
252432
956651
250104
315833
107784
467775
6255
782929
652433
283899
501071
730340
649537
973591
84285
878800
299878
430081
838985
381943
273820
51674
108596
798350
696781
6551
196732
333946
719265
242329
172949
118869
639555
492015
954947
967203
981784
569882
505311
620425
908039
434358
322421
802503
496162
58126
752303
632086
375802
531406
513859
881920
699979
272036
434617
844223
404835
115302
48186
302385
625917
852011
625597
556927
461541
367975
930932
605416
981900
74675
499931
81572
322008
128106
153769
615266
874001
567179
47550
206839
515939
325204
106942
935033
282333
377799
968240
32569
887169
23384
213181
543565
853851
319239
618437
414145
705856
591471
200445
805050
717587
653656
600354
858291
538824
445109
108273
470796
942865
107245
750310
429845
160173
26073
159761
590219
935228
685271
199724
323955
351018
713228
768854
530512
470168
337313
162111
121360
784793
634524
512022
804999
769282
635768
322968
831139
848409
828452
425500
460435
408028
444970
593716
137365
653457
485716
674291
473895
591329
175708
925631
118803
948895
292798
864895
609082
188969
420758
922311
808303
215557
815437
474315
414734
461650
162519
365794
478682
840691
539943
600508
422247
77372
609185
756835
83355
757631
501531
646695
100101
477383
421606
236733
668595
533369
185739
880624
522828
755777
495798
186838
620704
470198
958054
927683
712964
309493
121242
319703
857202
545104
353745
229381
431408
827067
422902
195469
311162
816714
628808
169198
161224
761485
928844
763117
362369
7401
284384
320045
433588
352992
965899
210606
266147
703337
467614
494121
862993
848884
361828
794693
372201
853075
474577
336782
153446
237729
426569
776622
87150
550483
72398
81539
785269
546158
183193
476057
812974
321473
2178
246138
567970
16232
829883
78151
544321
69638
589718
711429
193583
13623
86138
491190
121844
326370
750619
81636
327009
780859
952192
580210
825596
564583
693453
290997
224148
164075
957166
976971
329067
317764
238940
543452
650016
612100
672173
188364
146581
770445
562179
831395
260389
618008
784915
23105
877057
304802
957154
560633
763421
135768
469091
235816
655422
826158
329882
618277
376097
717407
626432
126243
724731
87670
347442
665882
269333
71891
822653
679172
536185
21553
6135
756042
621860
884453
454800
757963
405686
2926
758883
860736
765935
430586
460204
274026
469541
1775
284365
746140
364657
425162
134716
402122
160842
210961
934886
318660
709005
16271
799953
700089
382914
597630
433069
52929
829976
573844
481906
29563
604647
872634
808909
371607
154719
88562
424620
710921
582778
665033
151321
606048
332924
149272
763071
132841
458908
337470
824736
318404
731434
870705
449772
512037
24131
757520
852976
222234
370105
457839
92188
162102
285066
287625
677685
894478
751096
703968
655011
62601
216353
611665
150885
905661
801964
697402
878152
155701
927855
211613
754153
722720
952036
922374
902665
705970
762894
265866
122025
16649
423263
868215
935276
730501
123093
282070
410146
849414
834037
383416
739826
704821
900784
249798
446653
25464
634530
48774
57881
929059
754684
816918
417940
634896
524012
465439
86100
92943
161931
829785
18201
785246
530220
982468
579378
615901
518769
597542
124942
459606
785720
712332
569670
751906
677233
338563
258855
183530
336797
229400
619417
770184
734352
85708
894886
132439
552887
785920
822064
66177
427070
500731
456972
872636
141993
452448
169384
316262
446917
629696
682236
563879
642698
385948
195886
824415
230134
40177
414345
501244
834136
277501
38578
880164
601877
234759
52333
145204
294870
351985
157378
686474
577854
474533
313031
868143
892096
599595
206135
337416
154247
137099
596580
886808
636548
493256
341320
214930
39288
703451
613328
125377
405090
726293
839605
786613
666517
268716
999091
437150
81336
365136
800118
166949
749663
802055
333833
932469
491749
799821
136093
948051
101671
687664
990775
122930
689482
386154
81510
650585
838893
346142
687138
46322
989294
607800
600282
566914
88973
355666
65910
342475
742402
389947
566722
876847
76026
287667
881394
327134
925801
467561
512948
663564
743605
394638
714431
548275
121133
459119
824033
978421
207757
387105
964399
164401
698791
384691
618826
776787
20656
796187
521280
239541
1594
627276
420885
567412
711484
618161
368169
408556
289999
181103
372756
441109
224442
394278
930023
755212
152439
348916
91959
114051
585317
566096
495186
84586
303420
75926
304605
97005
662921
820664
740550
359488
475206
762238
841493
669582
967136
846859
20155
892000
637888
701468
814518
331270
615733
925387
847302
340216
75934
425054
449072
838235
115443
162324
982534
744326
457697
845638
654439
215356
32830
180645
649676
423969
401098
85118
290258
340105
168223
68724
657257
459094
742233
493964
360646
325655
849524
5925
740426
300660
110979
465585
95428
202586
594968
499075
613858
537224
681061
460965
557635
879741
409896
397272
880757
51668
571436
679357
414176
114075
151064
687410
129597
991340
854921
164440
535031
631394
616999
765809
364190
864894
27730
440238
738071
786878
463606
193902
832346
69289
893630
338824
539427
654269
795397
898729
654861
407133
10668
269615
783894
420164
956398
467866
753686
130106
203699
363226
832493
363259
355973
217985
795993
391375
749646
101813
496183
910719
925242
543239
559996
445683
922157
902501
179129
286257
927985
8773
370464
332091
64991
254957
152220
870176
166666
48150
699874
737170
683767
232344
338437
65267
833517
106115
233724
518950
48312
229277
272807
17511
705969
39643
103724
825229
233176
132636
594221
813400
476254
527095
843882
763580
656380
971814
275719
731015
702022
544647
440692
202227
23769
509090
631957
692810
243926
707523
617646
448880
108083
232632
945485
126855
401800
141703
675225
100342
766770
197438
117562
145630
119587
233730
334577
977207
135391
444493
853719
11810
897442
758541
54489
519549
739218
625134
478524
650051
435848
301157
21048
535031
162105
692907
833171
111545
985003
749861
805820
154143
37937
222561
258073
263657
369266
310124
661613
254896
99145
475578
347096
210362
675460
110940
624043
988687
820144
29329
123603
958425
172881
456545
382195
570106
899885
812489
812818
478141
130575
255923
344076
370581
989079
946526
361065
344177
476287
503607
687040
504717
653262
177034
258083
625241
7827
216843
873526
671542
776270
448906
136891
503025
60495
827555
263236
767267
828512
466186
975093
326344
619984
41729
744764
94819
141099
882375
453568
411042
336410
76634
360508
613426
160369
606366
647842
611910
472432
159632
839628
144607
707015
433918
29863
610557
63140
172020
749859
981970
502873
748477
953192
862431
455794
799735
275224
710395
255636
670692
885493
120249
474186
253196
532275
267329
879548
301127
81507
502426
717398
214868
535183
651808
396732
688213
290429
496531
580699
348846
960250
309041
967548
260407
356539
200686
730995
140376
416852
754658
376938
530967
180559
469046
36361
773051
462674
470018
678164
649997
703681
499235
557256
494128
503057
692741
91416
858515
744935
161033
362063
64594
65739
158054
184566
214713
312284
165918
733567
967082
979402
183831
611643
673918
628287
151619
899704
476111
582318
986692
551576
342487
398377
946785
23756
175731
945609
132320
757957
831704
768821
740324
425420
445170
649450
561297
357833
769349
268479
608538
140834
783166
923958
795588
343669
71122
873469
745131
555753
220932
889621
604469
845267
564774
226019
799915
328905
205465
184995
52843
537191
423625
704391
567613
364766
983390
315954
817758
126532
556150
336410
594833
54926
966163
912967
405677
880788
350529
407460
575625
944308
637284
830380
718294
911183
329114
813283
543329
159430
981116
490314
378645
348542
784437
931856
154645
246780
675491
634520
716996
760322
377432
211554
120613
244041
933678
517594
549414
428950
178843
67358
986872
150925
608589
23723
904275
698875
39376
289907
606515
105337
144082
989313
793977
261699
969518
828042
685737
230312
916783
138439
364790
362812
762668
797701
49352
576678
974181
913465
62068
130048
349189
376123
819801
225893
650882
174895
459978
90857
800783
197588
334914
937817
251465
809685
319600
443283
215988
654983
756002
731566
240054
411582
809773
176256
899730
371463
769347
521306
226606
557965
185719
984956
540833
727460
363991
892102
643841
123199
743012
180468
946483
323142
812051
952565
794610
166901
950292
573130
279177
283417
535522
980270
974675
368782
53474
53179
859053
387795
176522
671489
468255
887031
701528
108616
594583
868703
2199
486440
24615
975837
427379
692591
935401
510978
939314
965294
803433
426198
590114
849109
422773
133243
101932
232461
599830
476704
979606
703075
814593
529042
602199
834941
555940
248038
366928
749384
443039
486769
581812
828425
339891
7450
617805
367637
258937
976964
865900
508078
701899
567846
623663
954020
589064
953431
68680
922473
648936
76431
917749
200381
98975
49024
954202
56955
703617
66183
884024
562010
842618
636037
61661
356041
926547
305285
816980
492442
990323
76203
584170
192206
694690
566965
591249
402570
853908
654746
444892
929296
468619
92560
503101
100445
647711
308180
189291
904289
800891
51115
525521
881081
576023
253135
744469
590803
521152
581920
167059
565301
121725
513542
624923
791841
400829
100621
982947
91098
273012
299286
495487
553751
949660
246387
11908
127670
69295
921145
589417
829697
994575
622852
222743
907106
745093
9904
875678
971008
497343
510554
803920
167754
683515
913092
758662
751014
379196
39569
979408
300942
810491
836857
512208
146777
300692
330702
707883
272742
652516
146074
562553
28330
859728
694209
55173
150828
476700
828198
518194
988065
121998
989825
624166
451343
380533
244641
644088
43979
807920
499295
719091
493926
823099
7529
524210
130375
548523
147031
206412
185997
182608
328105
966649
965926
24002
123863
963190
139591
520898
482275
368296
614814
413295
957985
377669
363413
356008
57690
472701
275094
55539
679220
645144
788522
33700
724830
798084
426421
337757
84137
743086
943171
662277
483515
268408
106157
555696
194268
707020
50758
888936
565498
906812
711481
815962
272314
510307
961578
764704
510959
814846
863203
607766
613503
938675
262891
872048
581316
390552
640118
854053
653818
886789
690994
13267
781144
682365
98183
535743
564992
736124
17316
716304
79880
257429
915488
272196
694601
194898
456355
948673
188500
877264
996246
75818
5176
303085
917897
565921
550971
877543
374197
963504
710890
980634
438444
788833
66732
199635
786804
943031
549819
681831
170629
36421
725204
199661
445924
786679
282181
946072
499248
332607
873598
572337
147419
26982
322546
143227
434795
793095
50875
542404
445390
316479
395145
619478
991432
209684
471833
272595
866049
951637
864382
989637
961208
746502
347305
59920
739017
34216
886088
381314
839750
203472
812433
295044
294850
591647
521512
32194
578753
15860
735808
12795
917610
965120
824232
871674
38858
187796
950982
124397
787278
937879
432108
711557
268174
878508
462216
20916
986489
456466
497789
254903
921869
712616
843828
522457
255867
398510
53223
952610
879362
651066
614928
348336
177857
796589
76529
953624
822869
757095
254257
192839
502208
937696
832809
48273
825854
556769
558141
392280
871829
260331
771682
635640
722695
463656
264001
212100
153113
346722
208941
770195
592407
313662
316300
274358
924708
803377
685518
485202
600347
797882
30583
823954
943710
895033
135769
77611
704675
824267
844512
856375
274468
801710
675091
556697
302410
191153
130613
79171
416523
307246
302525
570303
422053
325442
875331
596366
589047
745990
251040
504577
278001
674747
231794
535038
234496
399017
869841
758698
957979
83306
366023
811306
629201
577453
468106
658109
758250
188807
50881
5976
295149
654239
51758
35649
29710
572981
792984
715234
757144
543220
413766
240931
459331
377490
122202
95235
200840
697912
981575
762025
958621
875286
665035
870141
433249
348384
230948
941431
628423
621988
342146
19302
252849
196051
649208
106556
317447
927324
714438
19316
99328
269560
361445
727403
815216
645569
472525
837621
864838
46504
793874
634123
454010
311026
166902
914890
375389
590438
545533
291075
870187
727336
551744
390957
887973
727046
509749
837123
251325
462767
488702
628376
190113
565669
986067
647356
659629
664072
81103
427623
302820
820275
852807
34178
493202
944064
591834
46064
625848
166629
614341
853584
351808
758441
826691
266730
806010
727649
414525
493713
920247
376854
670226
140914
553565
87805
686968
649541
148082
244188
881813
773580
918927
635323
680063
651966
629501
351818
9452
2477
390200
300393
414447
539311
71006
541794
482188
573207
306959
72142
782701
862851
768725
640810
650436
998168
563669
227430
953352
894638
397173
523643
278875
338078
580193
47226
509996
662946
390003
951927
725872
160738
43366
493792
517762
700271
263494
42401
63963
906193
511327
644599
501829
627235
597494
964193
946173
325467
60848
206919
755367
983927
345894
972858
673700
917582
231798
701237
906902
877075
482191
76527
894383
181148
999842
732275
54399
432381
221503
272343
390000
739439
72370
572466
313710
23410
153916
370282
289051
782712
642935
385386
476918
728682
805056
297814
924353
66248
664558
146842
951170
133278
512386
258411
863097
654359
857911
541944
46334
124192
339166
258978
867778
692082
991275
274621
845321
235451
341682
736110
465713
823870
569202
228951
474829
589679
208346
412719
420225
105885
902177
570974
436536
63142
447250
150294
29000
911291
227908
571495
38124
831148
569510
689211
354805
763068
726385
921257
735212
89346
684485
78636
641902
15723
7447
697944
16949
46258
89496
871852
46474
447121
505325
271554
382602
739256
287526
97714
920891
337884
374796
230998
858777
582664
353642
104469
293625
376341
853686
417404
403368
947990
889581
105917
705341
45517
590683
886060
317548
947395
680798
986826
833930
195337
685427
953285
780013
136984
489642
301189
933286
457897
179090
454926
884107
211887
941410
447629
123328
392261
18613
194734
366521
578931
591470
778823
515593
580980
622123
810383
166933
888221
962080
539611
278157
671054
356012
952885
250140
309114
118424
676659
772040
849374
931221
343922
3420
837689
10734
951915
300122
189736
864080
254030
165955
376437
145703
101816
297023
991414
3602
479970
116954
976393
829076
867407
844958
377382
706152
838501
922962
514584
270002
643907
191873
592530
860282
952377
38315
113278
418834
618068
240565
916078
951849
769757
728334
379783
644684
79356
28304
610198
529990
648829
379899
724767
467915
438289
351072
362142
116950
789647
499275
436441
845449
714689
612400
888278
570204
85885
762567
5013
628999
989735
717660
997161
133286
219768
997159
192757
184569
480947
271172
356396
529138
335821
277571
581411
631080
773417
202228
87581
680469
883068
519792
395102
13816
697781
804526
384070
145095
491013
947099
115760
75328
908999
801635
983065
462520
203110
138501
997678
2155
315213
276153
745773
98133
296227
208064
701742
804005
879972
505945
298354
982704
480227
773244
301039
432540
639591
866051
989480
697929
213282
214156
100585
454738
440411
845869
498736
856098
558810
939206
662684
281127
110772
566237
409639
927856
407693
685116
103628
78568
783909
233419
247162
721175
837870
910082
290409
164318
856333
621811
939298
980615
477898
106974
792
396610
54734
75016
303525
689607
515219
291780
231181
951672
900868
849392
560635
571502
803834
331115
514528
479318
384097
20760
234749
376439
657668
341452
591143
974331
480625
637309
392890
107232
318335
595387
566814
343365
920638
968617
583208
40828
362669
425747
533019
487956
374508
446686
357340
852845
914029
343664
189886
108054
3286
590135
883312
772789
258173
580850
834946
141553
960072
765006
428251
406091
287136
796249
568642
858889
534797
741532
58028
469851
681171
621519
81407
454290
581811
981767
758582
828430
995957
271643
373147
685037
89093
104558
589833
458595
832239
432853
248836
448255
738968
761825
50029
237637
278052
721170
89293
227347
952048
140369
428304
838420
736040
962061
171891
390009
732089
806963
177119
602278
945347
675580
686537
346089
851381
533604
737588
965481
159853
178316
800936
696093
386869
596883
805583
721304
502290
476027
823017
161479
966882
676987
720081
953550
892014
544305
217098
602934
708046
144143
238953
644747
824652
636471
522910
986956
983942
753743
240056
46796
761317
719735
554480
376867
514531
779394
957246
76041
534142
42509
833467
251049
304253
962493
114039
208164
14709
468265
370732
25336
776463
500240
212749
401294
92045
978736
528433
436826
805487
705366
262064
694976
79659
368036
63152
118015
842893
827825
871672
425208
541786
421518
464912
594681
51013
709065
369919
419905
309598
8513
399123
198673
533520
750240
259655
413568
840136
176107
832215
153173
645150
926997
404028
792388
623465
520613
826102
43705
771188
736784
37057
107053
718722
563028
869541
916815
608458
39502
36203
493591
986335
691485
17903
671779
690483
750020
73402
222866
124572
353165
80449
930055
291939
637927
634541
113217
190561
950518
697735
949683
363453
136227
169658
706778
665163
82934
404876
503058
147046
465343
740800
922462
749059
138105
719119
262487
920499
725847
659090
564434
819813
855983
991601
794978
702442
75571
766296
192049
896790
878314
918818
568107
664824
637489
539905
428441
490816
202516
643375
381362
24891
481181
336189
962961
214342
781773
56685
392008
44736
469529
569325
706962
998716
292716
652994
689941
685190
363336
569765
340752
424371
391597
225210
859465
100277
785048
895674
741040
942821
62038
738149
253512
680455
582774
975925
454637
386595
163817
79925
974405
283675
595416
536569
670699
645239
686379
544436
90095
342407
129890
946048
465708
406421
902227
727970
800484
416616
983907
230158
739960
212167
479672
848834
603930
507680
998451
123868
865160
17388
498683
864329
540659
244895
752167
446836
529615
713464
331412
866065
588620
196254
326197
975334
373419
492217
600552
462068
763020
868887
226781
460161
160113
179189
50493
776609
514520
234871
870227
801248
713399
905514
847997
174505
6128
706568
99550
96797
198514
901726
327863
921482
986082
414388
192320
257302
795589
74579
922080
10468
254035
28698
428281
199592
649244
247990
25965
311512
684804
164342
529099
959434
440560
609405
675134
295318
561834
151790
266200
607987
34245
200595
694726
989828
766199
443310
892944
100935
133096
371194
845243
34201
283969
707707
680724
874797
68500
953577
46518
452455
904851
862862
716183
226606
656096
781011
548212
772342
528608
155452
348661
81549
100479
287384
302170
938266
566345
926102
614122
717967
142616
399991
111524
341357
586077
708106
806725
958991
107332
650065
597101
631813
724328
555792
304845
851299
974678
786375
260553
824966
704526
566248
352952
992159
330211
868941
130158
772574
956523
106153
159291
396090
31079
262321
314330
563104
300143
448383
586853
547634
471598
464745
101214
536586
472367
453375
858570
526943
547804
337406
94995
743363
618852
607440
891905
939812
720219
829461
918675
128629
507571
862447
854801
723045
548411
176556
738280
370322
911430
412068
767135
841266
914162
761606
423623
402718
835317
759256
870574
517537
851447
963782
838772
869402
514763
809855
855697
929528
432266
839876
141344
115586
901
663994
874633
380186
954921
898904
772732
442062
114683
738215
540971
259220
989605
63428
10184
182289
259395
575320
768944
315300
647512
87723
956786
598210
832030
658825
46121
626354
421575
930109
519147
282662
854964
122314
361461
265245
609592
607667
614792
204385
645193
728422
778193
354683
758305
798924
26794
181825
253799
981011
33342
321392
162681
566106
136951
975955
670478
910234
3273
784135
599641
984171
749134
519995
816879
343648
947183
385400
15142
958703
229698
105701
620236
175493
702234
341793
684961
152100
609164
71570
962922
667401
404930
105694
797011
40167
628130
970591
38679
522418
902706
117014
2149
60977
33839
388888
928019
811511
812836
766230
996583
884767
604698
173404
929628
382293
897960
583814
188183
277584
908320
342882
370741
103154
534457
488061
504705
239313
899726
52079
616946
957394
359316
661441
543975
837939
127364
196622
716508
704334
516590
686033
172391
985875
548839
121744
900419
156928
209242
723913
985264
986394
352340
803623
471551
216770
80842
915798
804366
202819
848419
308725
308897
450095
726386
33255
306370
213258
670919
127854
384909
226608
832528
680724
488958
606870
377290
805018
126153
521363
977923
576061
83141
561162
625798
979687
349828
206506
730561
706555
667311
164598
818867
529977
643844
603893
923663
333138
692323
220009
30887
553237
802632
939427
467473
958599
209297
618555
873184
290563
865997
9581
406627
990278
417111
110271
724044
358404
313551
946182
912041
703367
871347
116934
568927
124237
153505
498214
343291
802473
550762
478553
954268
489346
776470
176959
85414
943375
982666
373269
462861
232268
652288
704298
809437
657495
290663
855073
326079
699139
289744
910289
558362
30527
611946
913317
277266
262127
440610
808222
952278
558313
243089
294267
458645
328177
274902
924405
314560
37395
540350
464334
800338
185046
245075
498419
105162
467723
975015
424239
260093
439835
160091
680090
949259
76841
137398
787737
516313
117522
84563
838284
679730
229317
733059
944626
185924
896039
218163
600525
542921
299013
334235
806052
410432
5974
862379
998769
787616
320714
390792
612436
198190
477758
677546
871334
709220
907031
778263
119809
849702
930653
455133
309068
39709
860252
412403
386820
937111
560713
440340
718416
94211
431426
15593
461492
104505
242118
596242
432988
168593
663025
948866
782865
84501
593158
260600
1118
986462
179669
666444
570018
266517
947813
264058
732806
852477
110813
216588
620512
992112
7700
282939
297109
602350
111380
257511
838642
816043
422649
276011
657026
3245
38476
364621
665978
953062
919495
612795
121712
786239
290096
676281
779484
142871
376610
373455
487250
318437
252843
404629
590255
938773
66767
218
626939
976127
416246
319228
251841
910425
261585
560868
677474
429872
607327
24553
333442
970225
468274
373287
243088
985411
985487
126608
444658
799563
814697
808739
280052
550579
261768
114408
551813
190089
576518
819463
493384
288879
864132
957474
297426
528445
523033
528294
598712
114114
317481
202714
832909
61644
981961
734480
931755
410147
514863
868028
74502
945425
171185
126168
516926
412206
281023
360232
657282
768645
489034
746669
344880
737065
329282
440657
681976
98152
920208
434638
930564
816889
27881
522730
430658
414871
903848
849988
649854
633354
136892
843083
243761
749316
340509
945264
808677
248678
944404
988375
330947
225659
863472
282227
413329
974707
130081
711419
927131
121182
621596
605176
992874
440017
118319
739921
966033
910410
19181
19973
639774
79982
588846
243090
654883
838267
27090
410926
467498
554520
516610
73876
487443
315026
807754
319450
957491
350112
676155
22853
581856
394552
475121
277319
370271
649954
300042
83553
863973
73276
555140
87138
870448
337859
382634
601747
692097
320510
100336
81032
277585
120475
146200
666115
931689
357635
801732
205033
20152
230197
769733
327392
663422
846797
693659
181297
905781
332265
981313
689543
410383
166058
458981
900850
358638
155059
597542
369741
660411
82465
364739
848035
362292
143708
886310
58870
638381
366164
438909
352501
375507
803924
702846
207994
133736
89449
322348
235267
905646
234338
908686
984206
988720
341533
706337
947068
312665
742344
683421
895998
174436
310948
569828
511678
180615
950479
107554
800252
515921
642860
351378
761525
220433
772496
400748
461890
937050
685223
260493
837657
592721
617833
487555
498659
294095
154839
189167
568963
46208
926954
102368
30187
190325
373514
51863
380710
324449
88760
292315
712760
488882
168047
571057
457528
788723
63053
570518
95965
787797
705272
772394
664124
12574
689362
661808
858376
762529
949555
288516
66239
534398
769859
468255
47775
832373
574886
428711
625833
130403
945026
183175
349160
225541
254703
692312
631808
812723
253173
63196
265068
600133
785394
25174
151279
973343
517778
780935
445190
333799
588544
994008
182337
153335
201513
403157
803174
405459
57974
138189
593932
797650
697461
595721
486375
468223
568717
631189
317354
477982
123210
875939
582015
207811
563314
134970
304647
156572
494556
159149
763012
757760
904324
992236
928504
445856
903361
337121
893306
32244
409853
170342
641997
709335
72814
809211
814811
139912
137975
502006
278905
652953
794000
355530
844243
134990
791440
865635
222309
644262
765895
436437
167934
245897
878727
152895
63952
807829
650708
705870
737896
890415
254429
997673
581721
286185
894646
71135
799385
325071
932862
309358
36042
164650
25978
199306
11416
882563
584936
353962
977535
752420
839572
601576
410584
101723
442202
889991
888576
17137
156178
900777
712461
989157
979816
172605
621850
485694
915776
532399
834037
846132
935148
676664
567224
543775
264334
277132
922790
997548
200360
840258
372929
537115
438665
374822
241002
746811
998265
80366
316090
466688
445789
287263
801700
570498
960754
866993
900553
501508
471319
928046
232164
986104
232129
9056
323852
343891
505993
80812
625282
320119
456540
408867
83910
528760
890235
818496
981405
474368
340883
834528
418161
583282
357722
67732
193944
818521
483971
817961
561110
352525
478153
230323
281653
488406
195897
668941
735474
868428
144946
389204
407909
838697
109624
326835
969616
96604
280724
672972
308343
551865
875711
952733
435862
286149
844831
445732
794279
582412
360668
657647
810677
723041
899686
63188
583029
301347
925105
239832
751737
728239
266560
18782
691096
15105
400526
406542
778864
340614
444955
481208
851120
986483
76159
919801
219580
807000
259689
707666
307893
533683
607119
418866
675955
228596
622262
820858
592119
19822
166524
832238
185220
519883
660716
655821
882295
432208
792150
179063
215394
442632
491142
668020
647846
338002
948440
677618
716085
124877
857148
2585
114188
627784
491066
44308
875067
538294
820301
889702
471439
782090
305306
440033
347387
852820
540321
22440
612036
432635
515184
496174
891454
361698
25001
394936
822813
839607
88379
889321
269335
975843
609412
464973
413555
620770
896289
190280
236384
698261
288718
762404
410104
2895
464080
696752
172920
523044
822555
188996
43790
182544
483823
794867
43904
841222
94172
768808
746288
866637
743140
701455
164576
78948
658874
790996
21695
389854
213696
537586
982762
446885
361037
164330
786107
607380
687247
36545
412200
778085
612958
949836
670506
627922
675790
989532
244434
187305
397656
478703
442378
429952
505652
863702
131094
595999
436195
502107
322249
517555
897375
89487
803104
269221
690489
618217
398932
64392
327613
106491
642262
922403
540515
702919
134018
822206
892225
21531
516057
932032
468980
627609
783164
160798
167184
206253
432866
525373
615551
138350
405484
185124
710155
587833
798757
483919
540474
792426
434196
808389
557702
983656
7386
570363
886451
336382
927726
566714
114200
486580
225789
336321
119325
621422
146889
781538
459678
773671
306761
758884
721106
612249
67019
406888
722204
183916
422588
239298
746248
321752
985156
162118
852138
928046
610669
445557
331224
75683
644455
229988
370885
231500
84600
651863
624100
370940
174211
853775
86380
427734
752678
115931
404835
220284
578941
315998
210369
172179
952501
125755
597234
932230
931079
586915
389899
374010
286081
184611
825698
680154
928374
870950
459000
753625
532814
341737
600088
525011
56921
167962
207516
933263
574420
195991
888614
521593
826892
307904
659583
44062
9097
792509
34687
374747
685047
968895
167770
402584
127401
34810
402476
13063
592
576259
30260
430949
767229
655342
399958
730040
85880
521509
799830
929411
597912
262341
470566
986099
114995
917673
446009
990307
373331
502621
869604
804138
506770
278033
830776
432801
113507
168708
538412
737585
908268
86843
687198
272753
767173
204086
407454
572110
668434
75550
400821
284648
692307
845709
452079
989470
788757
683971
620736
283966
971246
279973
171817
471475
530873
978675
102733
228779
761391
109682
449671
551062
968048
23898
488173
506501
153119
753610
321354
993498
627967
646145
967458
955943
349140
845815
122311
591124
309741
730174
750752
306503
539709
161737
238811
832288
319916
624874
217084
724986
195702
703672
893946
315720
651386
608840
668477
570529
460753
285837
431703
118560
917830
301723
883864
510835
324506
697203
596578
874394
15392
686543
767122
684588
772991
746673
318759
313613
76864
137706
420501
421861
241137
268091
248633
136633
997749
642420
779984
313406
176322
401486
330273
567838
423528
935862
224445
529940
230286
993318
72143
852057
909350
83030
375014
740726
9863
400484
549186
564811
952500
431009
278588
473011
659103
999534
897441
520853
55646
288843
646307
549105
77825
399830
675684
762237
466836
592307
348757
457290
499563
651161
883822
689731
560038
434199
750971
222094
77258
85652
469190
428726
302299
49411
792087
9437
614524
947997
177818
797011
5654
742184
937683
781765
658544
920043
745938
909673
81469
114858
661178
468847
72651
922506
669895
79284
575231
179792
773917
191677
421541
395638
575879
109285
780008
954910
925917
549353
882940
563646
190984
12319
387088
847680
614757
598716
748955
159687
491875
242676
352720
691192
462121
607382
918991
278253
379090
947181
404565
454422
530080
175709
649511
778309
473294
363279
274732
652367
881315
136074
169461
453237
738406
299735
810461
882154
373324
62830
134811
351031
23154
482477
893258
229389
166711
909859
303875
813798
895590
269804
976797
519364
8916
221361
211707
683579
770314
75884
268140
829012
530541
545573
250179
269772
977734
284954
592818
627209
871992
579517
63452
378970
853400
849518
794479
448354
529868
559613
83124
289627
714336
973922
496858
374118
42756
669011
230163
175155
291850
157514
495120
900401
277280
603633
49658
87931
308915
905910
430005
256122
894987
345888
694189
466199
405303
1125
902533
14846
375691
389363
377689
214958
695984
109301
250729
853372
713096
2946
202531
451812
506203
804968
563012
373302
593786
652223
647112
448079
618232
2274
743816
37609
6588
950838
91487
96914
521063
605927
679831
186381
989142
963258
784122
250421
937955
566349
199933
224971
790011
19946
202817
903515
125715
569421
570361
283031
500396
471981
503842
105335
957104
47787
894231
193760
55955
642
317278
467788
67562
577444
921555
586778
614518
692910
733307
408296
986941
466911
563372
428964
375121
419899
946448
413232
937758
920142
612332
146552
632674
827565
572571
745853
372302
727358
959031
186117
90492
398407
659484
542757
105610
85741
869089
49315
362301
749451
874253
97049
287335
733063
808673
916707
639846
433309
888598
736658
446343
383787
818855
777639
985050
772183
15887
174772
451714
408936
417814
587770
756828
228078
868245
726702
254524
327172
316972
159335
565091
38513
776613
506144
481753
689704
336268
109019
708863
182071
100609
991165
68722
242357
209271
992137
327831
980497
660554
723490
70102
858086
733601
695875
705690
327638
994708
238732
681180
748587
715446
450339
864686
282323
151451
66149
127719
660011
141638
571000
686250
702681
798598
687745
167806
284814
299172
436437
319573
392695
971689
897427
367703
254600
797803
825151
440298
288420
310611
782890
329064
2107
298736
863990
8351
35053
802831
721758
28629
128405
459885
895878
12526
59545
692386
797755
446298
131845
363574
176170
977578
201391
975646
431647
798116
855068
716823
684758
731931
31777
628712
954387
541343
485065
257909
137675
149167
354982
876475
368863
662823
610222
326434
773418
607522
620048
119503
602207
107819
538391
670374
144586
547072
470446
302228
566912
194432
732630
584881
178850
60345
161355
542242
999739
256013
710205
242194
365122
592174
698105
273231
288151
569775
483586
19074
914755
205719
71042
645174
25281
416811
802460
536874
822563
825315
923841
789735
182894
216542
458576
615395
480372
387568
984428
705636
819192
419014
278739
288321
184423
673590
450874
9383
511426
574036
448311
214613
113178
448960
352363
421003
431719
619716
721320
118833
750137
38381
875478
736452
335148
849120
945766
759375
755549
743730
359046
649564
20276
791853
123108
784770
128214
442601
433535
253188
727570
10795
266675
98089
904547
954767
117404
453809
891940
389380
287848
416780
575796
722348
840929
543774
382183
259246
803857
867928
761714
695404
33797
127026
989344
655570
636702
212629
151352
754714
904310
788327
373698
661992
50203
686306
965087
484085
95735
413281
884055
681131
247198
677607
866360
514514
599020
970101
316013
533197
400094
589602
915599
762726
52724
413740
141671
112076
391768
748534
340020
324367
8962
724124
405200
679189
703274
446910
37762
157171
86964
575191
53895
468565
882483
486041
373273
369263
45787
768151
516586
116558
643664
650273
223853
136863
503463
171755
321509
657351
976594
822212
281254
719912
150466
382686
525919
550140
118487
648103
813156
176128
472956
115079
437783
990706
88417
406165
131913
396614
994851
647454
79603
237462
313397
860437
251142
569965
860077
397683
262868
66596
620743
375771
743680
719587
898561
311569
956189
984988
294282
668168
559921
802810
639538
735194
380661
809671
531428
828994
389115
995593
945171
264505
740035
447694
241105
811221
949914
193354
352737
499279
134597
187111
140197
122538
355812
5319
552460
757503
392200
905815
368452
903980
386996
808125
51776
315754
761502
597867
726542
845283
633826
290666
532484
273818
475733
472261
928040
129502
25308
156403
776397
565166
115844
614690
444419
289608
927247
533346
611987
906442
519092
894610
939373
783308
32507
745695
198149
653894
997867
375558
361390
900648
286594
902208
865963
120488
750583
5735
779706
640924
52446
100250
528712
540121
574011
798415
62117
59332
950652
207095
542863
546473
812313
280825
223974
342362
653195
621508
366129
108690
497378
208487
687263
970477
912085
540453
284764
585489
472448
591090
549854
828223
317984
512643
577973
18985
475714
737377
53671
600367
669472
640491
466356
749191
619594
120574
853862
462042
539500
110283
984910
330761
457570
351279
577716
40421
520780
547634
138224
775803
320042
749491
980641
391111
860892
185309
502753
118746
835293
796458
551966
372118
898427
297339
409666
876675
214538
75267
315841
11836
665951
202778
409063
944645
225856
696493
673985
59203
830730
973155
173737
188290
47715
180649
513092
882605
373919
222511
195515
23634
885740
638992
388697
790502
66563
18897
509724
831296
955520
903289
273752
646120
113810
5216
199169
326774
626430
87130
991853
45755
611660
432018
699252
418448
874281
80754
228861
189482
879186
274684
389164
224397
510023
87430
590849
924860
589278
34698
584626
186388
186904
988568
290316
403564
728435
847814
417449
60572
512463
187694
364016
467610
887747
3698
572095
160575
546615
207384
191864
695786
279105
327944
556420
401677
766657
20369
218319
865537
598885
486835
16800
904890
827220
865456
998395
614918
871869
991555
801978
677303
242933
271508
747367
469072
580478
13641
472117
156916
426110
823521
459153
45127
213103
766652
96024
414452
46130
688650
73366
336394
894119
236620
643963
666952
294753
629082
508077
835646
937234
260001
144847
5546
110029
699528
869260
858182
914157
610867
810912
319368
156812
372570
361225
684174
125104
169297
736534
647324
496843
862992
299609
40740
532154
841876
615853
791358
481326
460273
32866
688576
617856
326041
813452
207487
649822
11227
576234
154051
452874
718680
720654
611754
952589
141865
389487
934929
363852
385200
768111
177917
22314
718518
979334
84796
630203
212444
49115
960929
270041
404404
870001
694140
889613
886798
273735
358438
482172
355020
996396
285491
84882
526935
861142
244155
239611
703701
994515
762144
754251
22563
397186
737887
657085
142616
487340
290639
267197
579195
239535
896150
365958
324594
562381
201571
679796
81894
938422
29538
797959
912696
539364
761319
900354
839738
578647
347598
708823
712555
403795
873358
125740
317211
759053
891524
883077
152731
95377
599139
646911
413795
298912
362481
696489
687759
482351
345991
162260
673712
392451
770206
575955
958406
236790
530108
844611
754674
676613
435474
524867
898757
806355
174444
421040
146206
625643
826666
779831
888584
771874
263011
752748
877984
634621
138177
944603
118991
456253
776761
707657
232010
733063
616792
309153
764613
191282
91898
43511
104838
47826
756967
910117
247497
65352
438649
103732
999151
699378
112749
717171
753623
569619
507542
454156
46949
315455
356960
421984
116312
579607
931496
2389
125293
881682
574584
279096
274014
34420
86155
391139
964953
455544
137931
622953
748651
107012
925917
903581
507115
251269
226367
36030
894316
865368
730074
359335
623588
950152
902269
635793
260534
786459
981107
744750
897099
989130
178815
402000
275563
993264
62176
776946
998350
328539
96260
282300
952254
713854
41804
332688
222789
247616
341834
454743
60543
457385
206749
15459
597128
340513
127896
870249
259234
331035
324864
461129
283503
79510
750013
180772
984217
735940
999594
179034
100275
598702
296450
633092
746443
736978
155622
248134
511088
1624
878588
70917
98925
378834
281436
197711
915678
919294
178751
405240
140891
286390
839329
965368
159560
313051
953111
563124
420009
682936
337270
966109
189866
698971
594368
224396
217749
932454
938821
598306
273974
817549
348951
33914
33108
376645
814020
309761
208908
760993
95859
486420
808376
704569
336141
197883
693078
960308
503334
183431
459791
451872
88570
427204
712633
48563
677370
745532
138672
989555
315515
526922
428490
996011
463068
622331
351397
59904
981596
300869
760188
423718
623223
718373
419886
360401
273723
959524
274664
821781
547242
352832
238497
907848
410888
244710
797221
102805
581577
365418
774216
125952
668086
633750
22422
554194
138822
576672
864554
100875
992420
237726
116255
124836
82613
289256
560889
556707
798725
518952
799050
149758
929388
320021
682515
759759
839689
204241
381523
996407
710904
732116
252310
231824
529266
47692
213670
412672
958739
999534
955026
946247
889700
670128
900143
646355
634986
239779
816191
432297
745715
759626
573755
308282
472970
166700
248975
506150
344851
656413
488966
764778
327883
942705
288959
628803
15729
745760
818828
867162
885258
768564
258589
863034
13100
397963
437636
127817
493134
788270
859650
779467
50595
414867
165216
520470
795338
921824
909648
656492
478398
383061
554998
728832
245230
420307
962145
828709
775468
144906
333972
432781
91387
992009
152749
8983
699063
469117
786875
377627
39984
285479
568883
90819
933394
532659
130039
994768
134323
768494
624407
316851
336399
959687
856653
375277
140683
246738
529030
768331
23473
252880
192744
277296
446411
930470
285809
328266
128399
803782
767324
496313
467079
812710
560823
491763
775491
808859
859535
381356
348075
45817
598321
328063
320066
687282
272038
728583
394569
901472
709383
200257
107570
919986
610475
129861
718249
226802
545402
69961
32605
392706
986362
398463
37127
594617
333253
730642
272559
223170
718054
240431
859243
159248
834453
182049
501676
44847
845206
971659
158033
374929
437750
657905
600151
243304
63358
151657
323638
347837
605694
460283
592177
520335
967095
189088
41323
455210
130858
404302
634065
314569
885393
337052
192847
384740
418204
948746
981484
335807
269655
521315
684616
772024
679141
943786
532228
802965
806009
832307
582527
747139
234568
695560
876284
675843
801931
295853
712944
890403
227622
711209
811625
52000
478518
491758
606849
552109
124564
4377
672582
865198
472557
369617
45554
32351
64377
873726
784317
822155
540604
658654
463324
759232
366510
401228
660200
466399
445628
334237
759570
554263
661678
315182
615575
391761
970768
342345
552769
902873
603917
915075
657418
674074
942425
803194
675569
425076
277665
605725
915160
74930
639279
785491
58240
997984
515342
64664
404778
94308
968738
627900
250381
171277
793422
96771
87234
85667
419234
147639
122789
737709
772074
55580
953934
311818
569196
29388
690326
307462
749163
733713
697882
510242
807047
346638
242465
779331
308825
721593
869118
893031
729311
24659
355911
864431
330551
463718
140331
272081
297398
944910
357748
515762
428503
533782
176027
501324
435468
97803
855725
387538
212873
818616
233953
948765
388139
957231
323531
764319
394377
693008
263226
793280
306102
936939
7217
697731
642688
422876
385642
187389
622159
296822
244
871153
423290
718015
483904
323581
489895
675105
924879
149272
300692
786496
656963
618864
197314
988277
578034
478694
405386
783758
307857
103281
998700
188036
647614
155470
853860
270936
70023
798929
759406
890328
95864
515814
312005
463204
65405
692982
494322
463998
96969
772719
919622
397832
618942
228248
393504
571479
314453
241360
213603
658783
22476
588094
967647
702962
447981
209630
183590
758742
162122
606940
826162
914572
319638
948282
655992
149074
507869
379788
682520
308293
326809
528868
105495
90860
67673
792645
79938
768734
232789
407505
712565
204212
926252
38132
4236
36389
228040
260342
153918
188241
304796
129195
855547
496588
482937
983886
941767
487817
301994
981223
670824
865563
737937
945449
135125
785559
229067
565429
424873
603644
26202
312397
806505
845424
77996
749618
996177
569414
934722
676773
916549
369449
969250
330575
373540
305112
490916
168524
234291
916211
468715
394888
932289
491
765766
529726
425695
233954
73156
248783
415387
287159
987400
231847
870170
423061
800002
620274
279045
651717
952982
528626
185363
703209
570347
520570
523775
292130
394870
466133
647044
194165
760328
44815
637014
964017
453644
236264
558069
11112
213100
637061
841514
386659
866148
414267
359459
607009
948148
699778
327927
584974
34986
935799
81417
826640
358720
238931
503079
738834
486637
832947
776827
141856
177000
728275
543735
857721
818593
58730
328512
496813
62917
164708
766231
867570
504429
904945
865050
368684
375756
107026
166721
616379
589187
976758
456740
295777
453028
703218
520421
398298
986173
922989
998498
696030
546086
713038
590779
918972
997949
42037
106696
318811
97686
890218
5381
654242
711731
797850
858247
766410
268751
961755
96350
775435
634967
324375
638742
526153
608949
503791
468837
673704
155115
400803
600573
566746
917030
940282
837349
417070
814975
119807
60645
49312
918661
498717
242025
902719
359398
341144
841431
547903
414974
867691
753097
265204
879610
752837
612881
6297
368577
778209
298238
693318
546458
757471
524949
504965
845785
752951
194082
152311
960326
843266
743613
558853
21146
67360
766366
114726
95934
647543
474284
6875
468340
149629
477269
874024
349909
357802
714459
727540
990077
410202
68816
366530
54980
946893
47519
202855
92006
630204
862757
204943
282453
113036
388866
760892
620051
721537
815575
293211
152938
29357
158564
463754
602421
182242
831750
541933
450153
758075
877974
593009
94363
140346
589228
669200
344936
542186
956005
697985
656838
921942
464130
839002
732572
865605
748959
386633
427759
621274
561242
247741
504339
124410
811099
608315
197772
272897
799402
514384
246920
522404
27256
273778
467148
980553
153413
834208
223759
121106
284121
346119
501716
362065
807090
997504
32097
7388
607813
662504
640751
366582
576018
144107
115593
979177
307210
125880
902014
27926
280193
267747
118547
88639
240641
221571
271060
948417
251962
159399
356619
791911
609765
554540
990952
416558
811258
491153
311531
870489
734032
338790
194093
573891
943385
765056
17034
192995
272602
281776
553451
680194
555535
668247
697407
695450
627993
806516
330274
652400
886297
465441
605622
698773
239072
446236
765069
640890
619568
937820
634390
367213
150492
502575
540835
619552
512657
862129
174356
334668
721611
974050
148510
327875
503889
831406
585524
812326
86609
126428
718890
388324
272167
382521
600040
430155
976012
244545
139653
493077
66522
540893
958672
434987
65943
127107
441555
144350
421684
313071
648114
52226
304675
68877
731974
551689
816165
899807
800210
316732
361636
53222
191413
444676
598369
409591
445047
158209
201
942708
866410
939714
242346
882555
166220
759530
485558
691630
478345
110721
74695
202144
213974
127916
289719
664632
452300
384671
867523
109270
887080
962005
802033
539438
555844
967926
412213
417993
7648
207301
824364
264375
417980
709574
479088
612171
569945
186021
63836
616135
306707
331873
497717
417449
293970
214656
511685
207133
503307
883555
591222
161126
602214
915113
587524
435393
441251
412171
763309
52060
601259
22645
234415
397296
895970
498496
56308
673273
820642
279320
277150
646423
609747
729674
208827
141944
688433
617356
264513
343046
602362
584213
440301
440283
934591
461409
345714
101033
968108
468894
811109
670944
104395
876033
467594
984655
655201
300428
337014
899972
575614
537057
720620
332491
188010
312535
746315
365216
108100
323102
857347
205579
549952
610883
665039
212400
472539
598773
488985
724934
769275
381449
495268
964737
505268
488307
770891
210728
9961
438390
154844
792941
921236
181053
733536
255311
555659
57060
17985
32626
811227
441585
226480
879847
679485
916380
527336
44161
849418
50284
137147
231932
312661
607026
687226
29553
954682
649443
709360
913184
994742
832874
374846
574443
671167
831067
107225
17562
928705
392000
304671
344787
179515
954764
294092
849905
597301
392579
340942
885203
641077
943659
127460
925438
435052
737228
347696
29748
228592
123622
719256
581547
480848
181183
927541
733581
534207
632461
98531
669643
966834
636302
449763
378710
661955
169750
474820
18166
159820
354987
169198
927154
541709
681822
734012
144146
155515
95915
117799
763123
897485
133921
629144
915158
17504
368696
641203
76913
699383
448650
693938
794293
104839
629010
987614
649213
57615
264204
535520
281335
788350
766135
575711
758397
981574
525094
224918
971013
647511
168618
658472
933513
522422
225581
215829
139843
591581
730974
920228
743817
970591
901898
291796
671574
154205
554815
181355
431869
186730
931464
292309
441025
920692
603550
549951
393068
362080
662272
371987
499189
285160
714733
543794
758472
886256
441970
396220
466614
388097
455003
710331
688775
895174
229491
842893
729009
649384
970877
717055
288767
841152
782140
959331
299534
713109
909503
102899
906505
643725
610668
67654
893369
856545
219053
23392
589430
103171
881817
228002
86946
658864
200248
930297
143288
360167
651857
1666
778374
128807
656309
153245
141841
816642
379330
415655
365779
581453
374227
211023
856243
671361
61309
553145
250835
835632
845645
176328
621403
202689
618514
621589
550415
3334
6507
27091
415799
538016
546982
655407
329655
253224
561695
947656
586655
240045
885216
972340
126352
43281
498743
366168
72195
266179
919849
862005
367774
77303
67137
568716
338403
232499
41418
556019
831266
239032
534489
665067
497591
546444
553549
977494
214436
512814
655546
451202
12423
448625
969302
460680
178248
624841
38735
160201
884217
675034
428079
459949
132860
614418
853342
360619
789007
955679
346085
932721
431061
926918
373139
506151
485175
477645
981446
196607
665974
403323
456328
171578
160165
965971
650849
702485
498375
774050
231465
146550
456879
92149
237860
581459
664733
215519
497359
689672
564804
25396
130683
360394
774647
815515
797047
410789
796347
918382
372073
59083
964746
224467
266472
36416
465975
19575
852602
161841
961002
744070
698097
384979
265764
747074
125662
454948
96905
243181
580420
142659
43547
391061
822979
518015
624841
579137
438185
900993
351534
444020
713747
750454
127657
311273
286573
834462
644693
157978
12246
656287
544183
440737
631283
551954
602595
123762
41828
629730
812178
294545
529900
339385
592574
130151
777552
950178
586488
178564
296141
714835
515493
460494
389955
59437
96491
887119
143148
253082
215534
206938
354736
710017
116607
871200
78496
970612
959202
743709
471490
570664
692900
544255
207217
193089
287026
982277
642623
911230
186505
190644
153458
470852
181946
175414
189
528478
696823
940553
139980
106557
88590
140587
457452
286494
630880
363686
755363
483041
819573
894875
34179
564311
986119
208472
851193
193396
827707
753859
325667
591492
195191
752572
826165
204112
149401
120344
481804
167398
452846
553236
728460
453262
610016
575961
936504
199564
754682
591030
817612
431230
929555
410393
933481
657502
316914
789991
865223
922230
143760
670727
79302
130747
556351
161699
589122
492766
559732
95241
897330
420042
140498
13160
530000
168494
219631
777547
527773
379348
808037
30489
39003
40118
333461
909370
490765
375589
779658
957354
901502
510245
194987
358168
609031
301447
467164
279110
374486
760238
485825
650420
329771
60120
366865
592320
424140
751531
453352
558590
187860
924384
864381
851228
937144
646694
263247
72105
942934
926168
838049
808742
202366
145373
978108
851080
276566
393382
795046
832391
785388
558792
163901
106755
333133
538322
871735
585562
762079
411684
439905
761079
795032
473183
582005
24431
838130
663253
188435
980605
93595
298701
87732
270822
169046
683615
535228
890046
579112
590034
940386
709575
110361
26095
974790
406203
729008
856154
955923
249428
913680
147186
424003
5588
958172
867439
821726
152258
712141
621789
685136
546146
102061
569428
143093
560860
161663
511158
616500
144014
921697
607980
565317
977507
442184
461997
950045
329169
56630
699685
336828
864637
335205
655212
978020
989469
547013
259532
221755
433769
870613
43242
312633
180810
42028
953534
989968
432782
234786
566455
132380
877838
118106
273342
646836
804202
493281
787443
65070
848456
845441
912965
635109
525404
247787
602363
893136
50556
421335
82382
952049
317156
241421
431600
365695
43222
563591
878504
187407
72804
461172
308730
599239
187324
344268
345234
106899
382694
477725
468617
846478
57991
134959
708528
94276
519455
799918
518553
477283
853218
303159
151006
75651
564123
372939
957413
556012
17518
138242
323624
876731
370775
200820
526079
193847
321177
350179
53527
939842
960362
509440
225203
489904
181676
206513
850433
964821
317168
219310
558192
959854
240281
614046
110882
737534
482247
299493
167793
131291
572262
574386
83500
404738
741274
81093
186235
371123
898965
342363
767783
89971
989155
561132
103007
436575
704041
323173
87525
289166
635086
291058
942155
416195
15037
591688
752213
278266
360783
218019
517248
795779
68534
678771
623402
359361
59355
655871
77872
586455
603019
832811
73440
738825
353275
763066
263799
691102
594128
153330
523086
359944
681013
232049
483693
163309
441814
517019
448538
179829
932170
461417
37587
966382
652720
950233
687632
806306
888276
450956
49260
765940
490959
552511
187483
246063
290048
52179
351993
154787
150598
609776
694153
410232
225369
251720
234273
963706
159118
770967
701710
367116
500149
583480
439785
551981
823129
366744
838948
935721
116234
357349
621536
332440
124857
537831
268793
865502
993853
496030
917168
264135
373357
274804
344339
563541
952375
421269
103088
383343
334907
757468
54733
945628
56311
325654
797303
777558
738783
612340
930563
231605
508004
982947
943965
84312
958035
462033
708784
442935
855332
937525
61801
698825
374263
815894
181025
601578
763955
77991
830712
922907
321692
770229
844839
67723
671447
883683
901458
854944
852398
760323
118901
594859
583590
742093
382605
10536
131154
674076
892541
364238
659613
566779
268221
363090
114620
112351
183203
847128
740499
793953
665215
278284
295562
396966
173923
28291
456003
433764
268075
796457
315389
274034
295129
957518
919327
566832
463768
929040
697199
821574
970085
36176
940065
232600
704193
820596
42884
370260
804447
160367
202679
422366
140324
440
43724
12023
642017
130402
337334
80632
286091
717812
531885
118391
415538
120120
167599
895153
770269
258312
28909
483161
431321
417955
611283
377886
646872
141690
187089
82137
489338
48329
789644
584169
949463
84864
973538
616026
62717
837716
253545
40504
308051
218313
831819
702475
461229
998704
855059
470972
251448
878465
20709
907078
377232
930771
588976
77051
118917
487928
322478
104124
34374
619265
467805
253928
94125
154416
192096
155352
357222
822281
954013
224396
218496
412941
212561
236485
3434
744017
286386
49825
658483
719357
523489
167981
661140
444047
982950
475838
875968
394777
684866
682156
626724
830114
524361
562788
573580
435142
546714
387906
576040
146713
930338
971528
980238
935537
539630
822434
677405
679605
880018
466785
131406
938898
143168
701826
36749
56338
730549
858782
158825
753141
832108
207696
785068
304075
316762
822333
668390
63652
720605
815858
468645
420588
412446
589240
531709
309250
271134
157235
437409
965277
400169
92793
530585
46037
92268
957038
750302
333225
996284
534074
610513
605060
228939
78259
512938
863165
481081
85730
342122
342177
224823
945368
75605
973561
809795
108761
993880
880842
942760
191470
523596
332080
456535
767450
28987
33905
720171
893236
393965
145370
519249
613353
318755
280456
827433
805137
575381
472523
840107
295348
330175
238473
857080
929534
478258
180218
430067
50223
125933
622121
420377
452749
18341
6419
217891
374993
319652
575581
234357
289250
790430
850643
831524
562985
146444
710073
209828
791745
57060
786333
791104
684440
428833
605088
736825
995538
540072
736587
925398
284361
60679
755668
303435
604967
731312
970738
196131
216392
647348
421619
613200
258204
182254
531175
373127
707088
988022
451880
282724
451557
419781
615438
438296
241410
898004
809377
117124
145875
925540
513395
577089
491603
687254
880516
761870
99750
653262
950496
315338
879368
41496
751132
572375
332762
620573
815345
854331
575773
941753
525066
110800
579622
867263
779997
999807
991580
253699
869405
372262
348318
412078
333291
946395
774942
821478
272421
390847
482946
667893
100248
757390
309644
976932
992986
32673
464189
463528
66055
742361
653934
250113
618138
743307
490033
539797
751098
224980
240560
381732
611252
50468
402472
906526
522743
453770
863923
216532
787236
656587
997625
589711
585256
590670
505205
967848
901018
923660
320935
4565
903774
613553
727298
345436
395854
763199
53062
47158
149082
141630
915952
36631
58822
960801
208013
468345
825498
604211
716736
247941
500131
457428
855492
297070
105329
568451
95405
990039
901945
141461
829392
187241
789945
246353
932605
340645
194829
960060
527275
456185
20202
476272
484459
737906
900009
966313
128791
186431
581490
271189
764273
761092
34562
803973
145910
93346
189576
895447
885995
320829
300724
19602
756134
877808
327566
353142
642244
468097
473440
673027
189783
292171
144776
132818
169557
832119
621952
922601
841181
529924
376930
614510
897722
897797
997320
31576
391994
290600
512594
955937
891702
714067
975532
275589
496418
259600
174571
874144
427099
944328
415638
99351
837334
375779
920994
905991
793944
984817
760627
877034
207256
717680
516027
107480
308561
692162
679994
964071
129373
763127
99318
696535
33164
462729
226521
491428
421047
977391
370700
373088
290728
459363
119740
910441
132156
557177
135434
227320
43148
759322
657054
443814
691372
866415
150511
492399
727835
670526
150657
275368
384660
677640
580805
495546
591384
785438
827145
988005
767538
924841
679024
783594
21890
348695
257986
719891
417384
740462
212475
860568
578416
613216
697156
511598
606072
628097
99736
595359
898954
650879
309637
688148
538391
175488
783358
230125
710767
158808
644961
321559
785505
598090
342503
338420
5041
737980
634413
800322
369851
373448
77399
196288
738227
756517
591392
375105
721986
122013
918880
864815
737725
526278
851515
75963
800269
576269
111924
613478
29065
12064
737068
623980
852155
383604
412921
156184
532405
657131
692316
21690
921943
567155
912481
206206
336208
662495
153708
45204
260315
202913
648603
574969
396924
762538
589627
820308
766513
700228
160176
400000
877285
29352
754898
915614
235821
63074
318822
711024
231930
773794
161685
386684
254248
567589
621952
682457
170364
115526
901976
344068
446603
483375
785915
420169
419571
564756
467150
78995
534669
929681
490823
257295
330092
555108
572306
238291
860243
749318
597120
693589
477773
91969
230264
842024
466828
691097
959936
846223
755532
479724
256236
248032
1330
429353
329007
123276
223818
468408
540839
46337
278182
952735
318304
96604
558516
202652
12254
739115
794459
773697
766077
839833
403749
935115
893840
851362
845027
533290
694782
174833
171034
67671
176162
382128
601941
232863
977387
841201
670277
9149
681198
269013
377766
36246
417787
255721
20755
541023
158858
29562
799123
428699
138839
403473
428603
617868
264828
253741
288950
359423
813763
153591
838496
8121
637546
109451
242764
57564
116401
396991
950593
890292
999491
198795
367926
26670
73530
972471
380916
606768
679691
522773
747336
349541
420526
714496
247672
442403
820366
534672
496574
411933
490420
5184
888260
937125
582898
854626
247071
142029
719737
215581
710051
481845
540045
808012
74713
782216
474786
673079
624398
729314
665784
525405
740377
119833
794899
886167
348345
503424
871858
940368
241597
197896
559245
696880
862030
212827
768511
506288
857206
87446
588459
145722
916415
472240
286900
267121
795082
523428
698217
412177
935531
337325
30831
312678
951963
592488
64540
8869
155004
195943
134520
222955
515648
91373
265578
289994
254740
824812
783349
966009
652669
466506
333486
212822
527033
648882
764580
561167
109746
934807
522167
26522
489729
827226
536108
523039
739712
842661
138241
68213
924113
611673
447380
270321
581826
708876
582373
221934
552373
823403
849243
415935
887058
925669
527773
568530
536224
324194
430202
870095
946577
610714
523114
16536
418215
453497
544270
420269
281085
538300
674202
95814
805674
584682
386514
537213
158792
587458
457387
123699
646974
869079
417522
368081
313517
341256
191898
369624
32382
757182
128487
74596
38008
908427
897562
342257
650576
498551
542595
456215
896053
822507
779855
715616
666079
909174
575072
103678
336335
480594
318497
432287
506932
181241
363736
372201
257385
778068
883983
545034
89678
406867
237892
719721
482123
678136
563612
826569
31221
547156
444892
271949
531396
232150
378606
948634
791207
131484
347759
564827
489264
628842
96072
240984
911057
347416
298675
755447
30080
362492
192369
927332
185322
903156
210162
414304
800817
187440
673617
98582
167075
154720
414842
772740
997775
37696
504090
643449
793030
417912
966146
930401
723238
176416
960987
955532
440817
234780
744407
521785
968389
158671
287904
25240
559706
724279
876152
81575
173055
248780
748483
211171
263686
149914
67482
884642
160645
878804
683576
869089
833122
321755
934943
738437
289164
366038
671549
67483
364981
94977
881901
40194
63631
143206
425199
588124
348053
729893
259220
950090
948299
458862
375687
473517
548493
104062
548334
264306
298680
700863
705667
285531
520328
343062
692432
637141
743768
753241
306467
395381
532515
375727
51453
339869
762641
766132
147230
702795
121594
211508
300950
830687
918439
984086
552484
837887
499562
823990
252702
130017
182606
733527
845565
51156
898339
311676
704641
54691
957983
437018
974209
145117
741938
619490
74207
637503
581435
900583
13541
84077
207847
684654
323808
627482
954249
33081
181418
913140
362533
886600
796627
323656
58304
233477
340119
150849
527256
131580
2782
738616
554281
601671
225060
246982
825249
22363
456103
17618
373695
631567
841687
128573
910957
612511
632398
543712
178240
164079
140183
181883
847731
457866
105335
77889
346956
458571
217466
668063
24026
582787
422080
148037
461921
27451
135555
303125
658921
699589
776990
833494
622820
515161
454679
298932
378477
926833
782239
635862
498562
243250
645920
549723
54459
483978
415516
353855
999112
102510
901235
601492
694926
376158
840394
525164
300236
351575
969932
638095
580632
179206
125451
929698
336526
264171
781070
505559
356845
965928
45351
657055
625163
390549
208141
941009
841930
735760
283336
708897
588559
61450
440297
779647
123717
837903
572405
893080
318116
669199
375845
364826
375930
499346
135455
624551
356397
871968
502735
569739
347436
139443
117193
217276
401076
992320
889374
613131
562894
726090
457827
838655
436264
66570
834812
156160
694337
612062
353256
403606
269435
860884
19782
983641
163357
913631
298036
489529
563309
648563
394468
910036
399866
298646
327207
216428
33985
650553
221977
858414
538536
306315
872380
305592
614247
182444
995937
50982
498293
706932
269209
895170
696398
915568
853391
187139
648264
610803
497330
753665
903190
821881
439472
475848
926788
65212
485911
659802
841730
136662
156954
629528
489434
59314
386571
57131
324366
167119
476829
213511
949560
773837
495983
846533
388676
112080
717716
597347
654278
477218
317520
244167
455972
854790
676024
166205
163814
860063
720599
511610
229871
925542
571761
9361
973060
316187
735028
658057
987658
729052
679336
363121
152175
682715
643021
464100
89802
303620
62679
370847
164723
357834
278322
212188
716786
803229
681350
630531
339090
645205
504491
87204
581000
262799
579481
254641
126723
340559
937329
509259
284563
429851
10695
294378
547367
594967
509036
256666
270177
883990
728697
237720
403702
272680
819462
757080
651707
209833
628714
300948
967913
644175
454241
54446
744797
847029
139652
732831
316535
864018
307765
356209
681217
692917
513559
329395
140248
306557
974302
854668
480676
556965
702
447507
233585
317362
703027
898794
814677
747160
25978
214901
345111
718363
227322
105124
722924
498858
623926
219030
317898
376516
886442
440613
138818
839450
599566
778534
812383
165621
83095
697739
295508
874463
62445
409172
561044
73004
925858
405670
533075
855628
932932
380418
345538
243592
82418
110898
751732
102939
18961
190710
159716
420408
277978
867767
653884
183426
929752
881868
940177
327340
548082
559510
335352
625879
464278
198212
511364
408319
911583
666141
533205
920936
97584
60832
327868
568135
946648
554857
893
643174
72570
81046
332715
426933
862527
371909
732527
116459
794958
440671
326470
632804
827503
444211
334072
8252
59487
822692
323778
231740
198031
329296
492063
58035
457649
107096
971884
807131
641042
379288
386472
825278
86119
26965
508062
954672
521644
827340
537809
662828
673606
421242
389169
516784
344961
12030
780107
743795
630297
868465
96857
116507
902798
223077
250819
261919
783418
909055
368355
962008
478336
193052
67516
697255
947195
597621
134019
944493
960634
716893
317404
721966
302001
806819
939072
856522
657181
765881
80734
189116
407187
928955
424437
626228
219941
168855
487428
444893
336930
655979
22124
449998
422048
34445
349492
303783
658139
333990
907594
417375
682758
536609
231702
894723
245494
82931
667519
49736
628135
554009
467961
985582
105061
94484
337515
562242
728736
768897
85713
514956
994466
68417
200427
988652
214615
896960
320698
583043
32296
691233
142385
995737
803698
562350
843544
61802
610855
421576
460790
313166
439105
497846
114709
90641
192872
702606
19728
310022
847052
453400
753756
788857
563295
944444
353552
115944
819862
853516
351281
813554
342917
729328
78601
827896
188969
331726
248200
467567
84362
17298
230661
670506
950473
174402
67008
794356
847413
802034
30056
533059
639976
106120
671589
488091
208423
779513
306771
47092
580429
90189
149541
627011
432472
439239
693860
461580
753103
774591
656986
628605
871992
301004
335497
200048
620619
471652
596921
98258
251675
85143
529048
167079
175084
865099
824154
325062
766695
258487
654199
425813
738909
746237
408698
267319
706261
612835
764300
175954
243594
666299
203963
386819
173480
915110
714352
423514
441739
819729
141688
703817
480656
92932
623074
262944
842442
651899
59610
36676
903172
192005
215676
443251
386049
88130
895649
705297
579475
936295
736536
711662
758042
223605
851918
206068
458855
966760
960306
808130
175789
117515
362050
239196
798643
945598
283212
189213
525299
332103
607740
269206
38567
168229
215219
371823
423826
140544
193062
287117
59946
6271
951135
700465
753144
425650
868701
95854
610055
28022
459228
369631
146204
358997
53042
157327
747254
47647
181564
918045
453143
386862
184866
199107
586209
945341
164273
27093
52979
511310
892920
961387
442454
992804
747995
740687
558266
797846
33518
603215
63724
943162
705057
353979
706375
129024
602981
426423
905086
769025
329845
270683
32241
388041
344466
790399
352215
609847
511225
451723
571191
813171
215897
243748
117559
667561
525565
274247
559282
532746
978056
373631
319786
782343
811681
754710
235849
319509
892944
455349
680305
517505
183332
23019
119058
26570
698904
628649
851985
701274
25464
388281
499935
853914
646278
789132
817426
152683
82927
876714
745642
559572
460484
112307
792483
216857
919478
608594
512343
623853
239831
623026
748745
973889
19693
138891
915435
227803
263969
72292
984555
76402
991676
326621
353313
437806
10803
969788
424091
829019
223455
984390
970831
70670
68539
880041
701502
646853
489534
410700
767857
124235
76581
743690
330178
935374
871827
17968
264534
126850
498580
946286
183673
457575
323822
720932
732609
987691
642382
774061
167990
454279
656772
861437
312664
110225
378260
585092
675129
199439
470631
272814
666754
97433
754228
427470
221620
227260
741724
762299
863927
652808
350490
459005
752550
743211
292736
452765
185515
312135
339111
420907
749299
688429
712999
655170
226409
623842
664100
760633
410861
754792
981038
904576
651430
352543
385503
604968
214438
800107
511790
366035
883700
206493
330350
565952
639694
91700
271214
900726
816437
756496
309647
135110
926632
223926
833555
186111
655875
614844
431283
207107
864818
637277
315732
496203
412747
369279
328560
925890
96956
476446
168975
918524
427865
856563
646516
396777
140300
940668
347142
45596
393118
698146
969973
700320
669183
944157
202731
487776
948730
278083
964961
311435
933009
348170
184841
780613
945837
193535
515147
573376
62422
876266
109271
855906
922824
344813
954494
317749
361962
898386
514348
378070
542462
854148
862647
296072
824191
893255
841707
572182
755156
582052
297736
342273
71799
936494
350188
666691
594851
144261
415160
941147
380109
802745
459506
554490
140109
192961
995897
58466
118037
524950
74281
756916
950358
66693
554091
333573
348539
984354
14515
464041
731627
484607
989931
402861
571777
855446
581310
843730
418125
152270
651403
353585
880887
132292
805078
81434
146859
78145
384469
858671
393615
820186
29857
404991
214280
832822
618767
656981
777508
286499
501106
161952
332732
590934
730634
243590
900588
990923
753139
690322
186295
813606
764090
400264
612372
696943
290332
12036
456612
145616
128647
820355
606496
768751
961425
764254
965125
215428
447037
938229
3108
318355
730151
239809
413640
137703
486557
553625
104070
429471
512413
69428
656978
544460
282933
753851
479024
601078
686721
636021
692716
966202
745801
953727
798957
387832
437813
360877
131402
139450
441568
393231
752635
858528
514833
300763
278073
91280
178333
317271
576687
68909
559086
228805
845277
399255
818379
567003
149691
351848
681531
917917
612981
440897
699421
361825
651391
226886
922617
97924
7585
686441
55623
774913
670701
678792
560058
955794
338972
395549
915066
349553
523507
718511
249457
906408
117189
576929
908897
676846
494678
890658
321446
703974
51708
523307
712447
215062
444239
938527
604715
403609
910144
653928
968429
56132
301375
177071
429818
828589
279592
56101
618784
584828
699460
265793
345451
705536
541046
919946
217604
810126
475531
930172
207190
777868
168523
358624
544012
606973
332284
747839
183635
51984
264373
573741
594619
360069
154006
903204
994595
378500
596658
139796
760370
459049
520842
57803
947764
853862
986348
920901
275065
790066
581141
729971
328497
224559
357122
679953
579976
911664
819244
433900
309221
487088
800905
865984
434047
240538
653881
646205
230285
468753
458990
195690
264440
656945
945493
671382
184634
299469
141421
409846
931485
627863
556446
19725
804446
675942
484240
806168
625487
858318
266380
190426
439623
887054
730436
505558
984154
16257
281194
629655
829524
417464
62507
18397
481733
275251
607421
289873
985816
757658
516147
733923
127565
503021
654838
451848
254007
527202
438955
774557
818958
262910
908192
582077
790313
16381
251520
876359
290469
437230
317443
105002
587392
721172
411062
951594
743746
42417
727318
943072
942331
776446
862966
517643
524736
886160
546073
116910
694155
537103
57336
56329
511712
98178
285379
570238
32303
924576
247793
262470
2102
532966
186756
50549
913222
426228
989534
677461
817465
807080
102646
368435
261069
934828
91495
302494
885412
133172
950894
486871
512597
135293
912098
893550
461167
549490
233796
860635
723678
208171
719412
455711
446181
953564
247278
646715
552784
936434
189341
769267
316447
473283
817412
917200
84806
634295
368278
768413
634340
605338
455831
411735
530990
207576
482022
955732
326300
540500
952832
680679
467859
804175
327304
310793
603322
91802
422788
988894
581017
407314
902210
591818
501448
971942
232966
372138
738200
992993
307107
436338
112473
733509
813980
832895
989163
494178
480504
543851
253098
752533
288641
462762
408200
609457
547438
281750
426244
779289
841743
683443
332829
359347
877315
196583
258114
563062
218376
373672
506365
218852
818402
144977
809916
285078
214530
363039
464544
299041
441382
925112
3360
553789
967638
279132
971903
146328
526828
322118
506232
277118
77071
833991
767822
651390
294661
50893
989915
492363
838777
674257
846880
910622
693496
891080
658697
4206
2119
298250
438895
198497
556178
2290
202674
358456
30324
691752
26211
474109
654971
352633
408131
481992
237350
598296
990278
274027
84486
729464
210741
313006
656114
406307
99640
677533
257114
70616
768975
16319
671130
860609
678173
196981
88957
378416
454701
1984
997573
796557
828634
798297
937159
790487
34448
486966
295488
76174
82037
925396
176354
458609
421434
365560
664779
561662
193776
575180
988619
828106
978460
75320
145818
689013
75146
451257
195204
262750
403549
462828
346897
974953
520903
51950
472131
613090
842084
443961
662958
519850
125255
438436
451596
990267
587182
970246
308649
414494
983202
600605
47751
249996
570985
366444
507827
467847
297313
569827
951425
999795
905067
967657
156975
239525
514710
828133
216371
118874
725444
228525
561132
858392
497853
644468
248221
411475
542636
224038
903754
242973
5344
493441
82086
893514
778221
189836
830843
138305
237630
656801
15371
519249
697797
447928
555932
39182
530467
801960
590354
724853
587990
593447
73596
843479
179539
355391
847219
4547
607130
221948
884441
693158
885265
776419
662784
99804
900522
213799
287647
217330
832880
741670
974034
107314
516930
427553
168434
532056
133929
85808
140082
342622
689002
323219
375838
451258
964540
408158
627160
114453
901847
149384
900619
244120
784994
653100
47690
596660
767506
898600
47371
20050
971630
197612
974272
648472
744452
139140
32071
710525
808422
553642
198600
507007
807555
190045
269493
86430
455697
883758
547712
40379
794911
282364
996749
615112
699101
167744
649621
621444
756729
773081
665353
873977
778295
128955
622571
278514
912245
251388
88292
761937
85688
247073
802781
519589
164951
35609
899481
786706
428847
169787
873474
592530
961944
51588
724149
972797
844252
766683
389950
290774
296726
606993
324090
507824
806274
786115
839980
479843
40458
245130
266748
316812
887747
798767
194783
634743
630438
569732
872306
359929
460619
604845
796949
455306
789056
538570
968833
949887
763183
958214
67463
616454
489272
651568
863241
889477
68351
309173
982229
330639
834357
358168
168693
707025
643603
250594
337475
271465
309668
574094
778227
684213
319297
676540
481117
737223
76664
423583
390849
357683
540183
740166
367472
88377
245876
300213
699743
721316
593625
327316
320425
658454
320588
641613
589583
999632
57274
85736
205726
730924
678628
384562
582369
267050
857256
345870
4999
39268
638139
31740
620743
484376
576868
744951
791721
751149
93655
445930
138110
459404
478365
30294
211927
494188
790200
372772
97968
982153
821569
388368
789617
980712
404637
715260
948503
581636
512768
412801
343117
274440
891670
209834
5999
452534
680807
699521
717900
683273
95514
949720
105550
451101
711727
616931
243674
599069
131822
779374
940003
454825
357771
341171
879561
295873
254760
100680
906820
56741
409909
56482
739428
224348
778507
838146
342074
442376
557638
692159
428625
428709
943270
629311
872100
518709
401567
542711
287321
915657
622866
777792
146617
81697
367738
228211
677755
918359
998511
521488
152875
584253
670362
825467
256722
45784
891219
797911
977573
562475
468073
273871
214330
43850
248205
920341
600604
582505
518809
693197
136298
705176
572980
469824
125198
642448
716152
616353
248411
287313
724845
218133
691950
123484
965500
885475
125515
767507
519713
590653
93422
294272
556135
165197
31318
658283
518337
807741
740058
648408
251793
384663
776870
149640
708018
689233
749003
769233
611256
804292
945708
628325
836155
367772
14573
999210
325101
839001
592497
425351
988738
758585
755212
43756
924627
16582
251409
275532
565224
455281
462867
102655
918527
914924
44739
227108
77210
736450
537312
766834
28834
290986
817092
290635
590215
913420
852837
251745
133925
215400
228736
779913
10797
52075
821045
118993
132660
153673
797839
935331
73872
445983
163052
36392
255600
779951
656999
914077
347784
761864
226877
76870
15421
92039
211260
860904
591881
610407
531604
872614
737706
835368
870147
641647
419785
902012
384918
13067
978006
8855
716575
212277
973023
365028
132603
885250
226679
962343
551711
190381
188693
547952
521002
946903
352381
182243
523312
323649
786840
720414
498658
880856
527017
287125
174789
449205
716883
834697
97836
676600
109310
69147
287131
366280
235479
832484
36733
465186
979843
26048
345149
545121
593561
685164
366221
621985
12381
354720
746816
122393
95811
973939
408244
725303
521583
932943
750147
665793
706202
806312
322187
706513
686404
929853
975895
434297
252268
604288
431124
673807
984830
327518
408359
735625
619031
678976
689656
43
600031
529117
624716
151404
457998
44640
122013
503127
350619
239227
653092
556902
108585
428946
401121
236632
289795
161665
826971
73359
108
582900
803546
162000
949671
217818
398789
680106
361254
425226
331213
728011
367181
296431
56990
822844
822665
123578
982613
857999
488703
882017
348482
219876
173038
67278
443665
298224
158668
309311
771991
778101
346076
938659
612286
91543
934137
748586
304821
437427
188245
892739
825335
693684
515081
366986
58394
630662
529790
303826
161097
520526
795742
344355
54270
835193
833134
575374
890633
102343
193401
406268
396472
18415
8095
394730
737504
73159
657149
598570
113732
282022
936689
901945
729903
957034
58222
516246
608695
670862
966438
677280
308118
940004
341761
852824
327263
936778
723317
810192
85916
235713
209288
412850
491984
756709
786858
857061
126033
112572
112808
147068
556446
144237
327681
212425
527680
892985
630944
499796
1316
924164
572270
817893
328370
881362
456262
296333
120479
270866
330654
572528
2628
692704
162732
377436
119205
442487
200144
641803
480544
796833
220798
988043
111851
554286
742650
137680
911889
247212
195148
708902
373886
538497
481448
620256
98282
847563
821647
63684
612628
100013
465164
722551
833101
53019
31611
984813
822308
704759
156971
748424
813555
69975
356203
655943
663676
226699
115877
26783
753916
748389
42566
424759
453853
986621
312171
636255
368843
699370
382670
170377
54829
536826
430158
129258
717908
952216
181122
318401
312251
158191
322406
433424
598619
152305
110477
12507
622136
600582
476232
118400
942474
947739
995984
739218
407480
226045
854441
682537
244311
197439
166714
992460
629422
561135
829408
14972
337648
379605
153298
439506
313972
854865
318119
903504
921375
924493
147879
804208
961947
927223
583172
580343
551074
216532
611215
798389
927761
508280
15872
375906
906989
858107
394170
978630
762643
294375
682718
779868
837022
121822
3724
901006
234773
487933
183492
850616
868467
914494
176593
47471
35623
288063
756872
52477
88604
206224
948423
234733
388342
460289
459085
895910
907005
420104
999434
724725
973817
22331
476208
909793
376861
349125
354003
923194
879277
658946
734120
803866
802771
918491
252437
613851
241433
624575
337010
393222
602267
268793
660441
709275
925041
223942
686530
720832
139284
54126
588266
448678
87025
921105
109545
527414
291644
54565
536293
173831
181305
593561
23591
858447
280529
701157
250766
933304
622627
854854
176153
844125
246077
922337
293435
974264
462426
571057
46129
97703
531759
302452
60415
698741
223847
156618
132001
405478
533385
477429
23206
372562
908416
141357
531020
78255
314876
392037
798446
51137
708451
696122
554100
103686
228331
743662
568311
61566
99706
82763
492127
609863
371053
919604
274610
698018
166497
838968
875511
397208
369706
781500
170104
849517
275286
193619
966320
387121
337119
309519
658988
575287
778814
664609
180078
959466
904075
615475
721718
591169
179596
481736
989795
350720
850852
781735
758687
619738
652392
846975
926188
280902
265399
410640
273999
424336
899625
674682
908585
539127
891125
845780
576612
715699
306820
333481
363111
977466
223154
122294
45840
191163
82619
14965
532790
388772
159876
686369
821615
315379
163505
321346
487575
265736
96835
228786
519637
210900
42449
693664
41838
23894
899526
241937
776361
423055
517592
913707
893621
439340
585418
579882
768757
307212
9949
397781
775078
929286
770566
586551
488225
966051
55056
805242
172664
146121
196940
469512
948699
282801
798062
113322
55457
738799
980745
619492
402669
873123
136214
934227
483502
768519
199809
577889
293680
984282
900939
163668
829984
303920
61385
12959
235991
427006
760491
176613
387606
292359
596921
338318
960529
587990
93171
529360
440073
29243
307211
945273
372199
691088
103658
993950
94594
482413
36092
606894
914630
454936
911424
951771
420056
257926
357180
916561
916631
572366
45558
888952
72043
137321
966151
153553
192818
389057
236019
224732
671644
147648
230687
130423
516768
959643
545626
30572
549985
9399
491476
560034
903992
3893
478996
327389
34325
484476
157899
915117
772427
842926
330662
729965
843311
177190
263355
692366
562200
540491
751586
954352
461838
571934
517552
935529
771375
643551
660217
353694
252697
673795
931789
476294
811714
112950
489917
10012
336700
381431
878439
325570
952538
495033
260777
236328
63482
103426
911826
150106
73111
772763
486280
647418
718632
498021
514808
817450
472648
178829
393605
781617
611861
678787
866550
324813
198018
872712
180619
888777
502514
277104
130508
274288
508
640940
882044
100093
145740
567491
358076
433830
184394
969891
788783
966447
448596
982470
661701
172728
884268
548998
388940
239034
617518
970859
603223
493317
477722
170125
395660
448741
272349
145963
620063
976767
359123
680742
889681
214306
380869
436506
181657
601039
474340
257381
294108
388754
298914
785229
451256
309141
88509
222100
673915
765121
982350
705934
991890
501461
35791
308342
266833
761437
319529
86577
311013
989677
703235
548021
78341
195854
186192
223338
94411
519964
158780
49008
733719
168792
779201
436154
445595
59424
928887
55300
329678
420528
971247
3200
445305
598325
511069
650157
760023
115104
673813
68082
682033
79543
71363
153267
669038
978111
790237
695039
400724
912124
619795
558018
411975
754801
856940
835019
627259
483720
958762
710842
853832
138566
576673
600729
452784
797662
22963
303166
474672
485105
964267
129132
559261
529952
195011
26395
710636
15534
535552
795651
539447
656030
502967
27813
668652
268876
623614
72407
29249
624086
258055
710859
82113
475652
776736
913782
787297
650366
558366
436370
871403
981812
713000
183719
673361
181540
243652
463823
969113
712776
196758
664584
626759
780325
812721
253767
256166
865623
810544
688363
337546
786052
422642
234879
43972
39828
607189
30876
97751
968196
816632
516639
475353
488964
809895
52844
199421
398772
183224
373634
804154
973859
248315
60923
307810
261566
946335
4543
415186
826338
958248
395488
839202
104145
630519
488380
786284
883790
578594
98291
774497
821300
681924
384381
646765
181357
209184
814606
512482
36124
870734
588506
241184
266649
937989
399501
801843
236120
98107
331667
855288
307079
45764
973854
709874
230219
895795
757530
877990
198626
903365
88549
285944
838399
732055
728986
133409
933466
11674
201881
287539
326578
481377
751800
275486
941188
707747
934037
341605
547437
180298
524684
45634
181412
960553
901179
238608
494675
451003
549369
545254
903213
131101
573020
452298
582696
419237
746133
757439
449730
636314
686389
53400
710676
612111
785184
687756
161477
519063
761706
346175
566962
572484
845539
19648
962797
592442
677463
537164
887961
121734
191779
458303
627235
620268
740641
494773
64762
832484
634449
20980
163221
377777
633645
50778
89885
246622
579800
609443
199834
460702
910710
810843
639474
547708
925048
367720
595435
120269
524559
490114
405030
883178
845742
521257
498179
882453
623826
187992
411802
29550
967390
209756
788019
919722
188514
782330
694563
826941
773565
512612
514281
719917
510711
62751
814063
352262
204957
646448
893930
318297
129557
961765
430052
425470
239092
453002
464572
677255
363100
202936
587907
324649
228483
532708
450519
304818
367374
344916
777601
978515
372464
482715
74648
646696
585271
583720
830476
778567
698123
714386
889297
632633
156587
77026
768857
165316
879527
76572
735475
296090
724672
627756
121361
210392
519857
708805
116776
350023
587089
426368
800970
412650
802253
720893
423417
650659
251817
498655
8064
769750
72086
839716
417859
951812
920441
939862
685241
681296
71579
143434
391470
878440
275631
766910
135455
155462
935556
122051
966475
796395
477062
614526
57208
322778
574799
524270
591646
617449
16311
454903
647145
225578
111867
510235
424907
759005
786747
792557
760696
341399
998848
78465
33051
494476
333217
816029
573264
96929
866721
677297
307833
470810
405376
934725
643624
438561
225218
929953
479920
483363
875977
464425
338993
173638
725063
436432
943148
448409
340287
734470
422197
783632
859175
877463
723542
858125
318364
127423
718354
665023
942010
652717
543963
770121
72999
629914
472168
312438
369502
267243
779427
715181
902399
547401
126475
626524
868959
871769
392626
227539
113450
352415
472894
736454
311250
837647
613191
965357
422655
787151
427685
851914
701110
46455
548816
986599
502554
71494
798723
726353
340502
200257
447254
153854
737715
489752
981555
745792
534106
529850
426404
531457
601895
934436
891091
899727
938900
524754
351185
250779
361868
265175
609754
945339
658202
959136
519642
760411
66999
157976
288952
385048
867523
534280
181088
65884
502714
299639
738290
104916
859135
503452
314661
602239
547110
330297
136363
207858
365973
952427
745560
758863
750438
262248
416251
902609
871814
848743
672871
485242
48172
701947
864620
621428
171353
751455
790431
340065
347139
584524
813610
679078
895984
519890
724182
427459
48992
803139
586379
940386
918630
736483
307817
522336
496507
914063
5705
6075
523973
118634
934128
134867
747120
710479
487873
434696
662934
130922
546160
752754
622021
534893
70975
312148
424540
976264
514557
882746
190092
228903
818593
288899
403050
580559
74947
984871
793595
683132
876104
127713
207136
47042
349798
722963
837040
928009
52567
527977
436381
744569
817810
508883
400516
178926
777167
875649
846003
611901
380339
667041
838486
149027
86963
129733
325043
190287
906633
508603
43935
4786
310657
879189
828244
196923
976002
22217
35770
515828
238589
768876
77348
290915
953466
538539
319799
291603
857090
867651
344756
244117
296343
415007
641051
20542
577603
799323
666619
40564
777921
109667
513060
714514
676692
228950
135038
238012
693965
206104
77379
7225
779423
320590
403784
47943
153676
915302
621537
951421
13478
82371
965630
725485
204580
689731
828729
255389
902375
461408
975245
39555
59833
728883
792162
913489
123703
741386
558407
17696
335052
209767
12335
505251
884761
118565
276256
328495
850974
39974
934901
800889
9395
449225
999405
658768
316711
425617
804883
318591
168549
181394
613838
197701
209359
149404
398254
937263
361906
983141
893741
790838
348956
685339
534112
921390
221672
341287
631886
226108
742271
211733
283971
358245
472350
961749
927285
667755
546544
551870
703821
577271
234042
775166
505757
848097
870257
94209
755041
23701
697525
699806
746691
782841
743003
369407
787159
934187
58182
843111
417904
639258
782466
136365
519363
374706
720614
644174
654281
543176
893308
70695
888344
818965
877643
325955
839323
427286
951054
193932
899818
46103
774919
48727
851385
54279
580766
171289
921333
578624
698650
46325
315834
537338
938960
917481
741736
273146
184682
485275
42374
866967
804702
962318
484730
567207
475342
892671
240816
316081
203811
161751
478456
787370
982337
560512
258399
365619
991136
440056
231154
406312
845806
350868
388824
794473
198497
242712
703666
115520
7821
445155
619581
290040
918051
399213
260888
371826
703131
215162
99117
228733
242489
34523
154970
414363
262025
895818
310332
726548
285614
995874
307591
661112
996375
128164
12003
40503
601061
600283
976352
802403
860719
112817
338818
542987
549133
263687
577230
71234
481558
81785
681147
647767
142937
647014
582085
530236
733633
600258
320585
949200
582506
241988
734025
706392
549027
30302
162066
241616
452870
762094
716508
596031
657947
51336
761760
485444
259095
346897
296802
815269
938800
271197
501466
391832
123419
121191
433030
361815
977668
729248
979960
472981
952988
460476
657084
404891
109391
374637
155402
137741
262424
365021
927210
844766
816346
636420
337495
46001
244629
823186
289022
96929
874796
355245
637762
747062
369696
758388
944369
238157
523251
337726
500806
857352
650710
761988
111383
802282
245834
214543
658480
621387
404344
38924
418490
966088
18660
1003
931984
764231
357561
362274
507345
661702
591006
978542
531537
148194
98698
696085
557535
139058
941003
913614
968343
515078
945784
622384
238642
842413
198717
81071
880189
25529
383976
802855
161680
612368
626825
608268
709793
534290
918665
738737
266807
340112
391599
237292
284187
706580
2963
399023
880664
826869
95061
544825
872393
666214
140844
373310
949717
635532
641358
416835
219858
106155
306108
582573
953620
972159
128565
734734
782689
112622
534558
659795
432205
991690
435307
206073
620911
368860
114321
331086
152484
574352
989704
936348
28310
784453
953064
129410
312065
131556
737761
706608
615021
354314
644168
486179
251917
772538
529381
150401
486031
740528
319723
314353
397655
195471
902855
724466
585340
505852
399232
314689
526272
33883
67498
844703
64775
339171
885893
990907
394876
166287
277840
995934
714362
544125
623774
665646
747679
223677
372543
769581
354876
507734
654792
154726
135569
473593
757529
424885
669608
679358
422857
820579
141210
817420
110184
995127
391991
755240
936515
329289
978682
461566
141813
581969
199721
48119
976302
577592
780975
836583
323543
868950
752872
886807
16461
590788
837490
259872
744898
838836
21732
601751
662574
272070
341985
473407
746335
636635
326829
758240
864893
74767
956411
548812
693085
630225
757075
349144
846591
340448
565522
724420
536367
80525
198201
415230
644658
670562
55118
228981
279461
737029
513007
201368
378233
971348
244414
850982
556896
618916
610598
990452
782580
232540
426194
478840
136274
8233
352231
503705
429072
388
150469
541545
350130
390616
746117
401697
216826
153031
940383
700918
226604
921380
240409
574947
864763
424207
989182
562076
792303
163198
561782
565387
975018
772114
121284
908664
261155
116493
33506
486232
561236
462328
390921
152085
897639
212630
155538
596297
689768
104742
125012
471593
500053
762915
772162
220945
357934
343627
999555
1433
243585
216818
357093
282369
650219
29973
109042
889249
871903
161719
842534
513767
412887
539334
412018
550088
937817
761296
236463
932131
132595
130004
175233
764372
270227
557115
727638
47520
901392
481400
37601
200922
387498
22294
207835
938009
620762
321652
408156
413641
105111
624020
437478
663770
569438
778357
800152
532610
812098
191001
713127
521724
164500
414799
138642
668950
29883
740290
427926
851669
809567
431764
769994
935158
2618
464096
487191
781939
341772
455394
871464
68954
941070
915326
883800
593391
765639
489155
933882
158138
475875
20742
28156
282049
282267
370755
983602
92360
577500
155502
977503
38064
33492
586699
452336
775739
925701
912543
909293
32769
421877
629516
175800
28219
608605
129239
793583
880048
791513
42532
737108
591871
458363
253447
665320
291139
50705
914299
131648
471629
468808
95897
48278
268520
920919
820185
734485
575315
859192
501949
979015
856090
911883
80185
967378
60562
184205
597535
50444
735940
867559
335896
809064
752109
301494
473172
832141
268037
211561
819740
105828
357175
832138
637516
855066
305588
344189
116422
308322
780031
737993
37660
773672
980987
991512
768270
613684
10642
702749
384024
164495
607330
240507
396134
527862
369973
129731
472310
857893
219707
107229
361785
756683
900971
827792
246328
877236
40846
772560
533309
149530
201847
324565
860148
873811
28166
897495
97528
181596
611207
979303
325608
506995
464303
40413
239193
301338
683708
364914
262632
611094
521656
775147
896783
845729
786756
7775
839302
615177
441905
155429
38235
283791
88859
752456
366027
387035
357961
948079
844403
798546
24204
695615
992052
602955
381705
651249
239130
616007
735533
556178
408089
349341
1981
778008
595116
275267
413624
33066
622261
445532
236139
999823
772751
874275
41290
51595
196748
647207
623007
472655
415787
265752
497129
268992
402241
28990
749913
807186
10075
45950
537564
881107
511005
350447
785247
362481
161987
594356
60429
579348
785026
556809
931250
400055
701273
662838
94411
299278
45877
596770
487445
408666
498859
63808
546091
902899
796826
664854
360023
280902
871972
269541
356466
159290
566753
274131
409957
201951
931962
82400
506073
892764
919534
389821
553758
97063
757286
988460
600106
439468
747252
155852
388915
122464
88338
414341
866275
573531
532917
122692
626255
861619
699446
686304
295907
383292
988002
902077
880525
575426
422332
323590
345685
16826
613087
998
842978
697530
88224
68741
592362
987646
39119
505674
723294
897849
739740
257197
909137
355576
104374
462737
524407
905599
446750
227912
295271
44331
499489
123820
651879
160782
704891
860631
354336
607084
917405
25418
883809
13249
203502
118685
78808
786907
436507
528433
718684
666235
848360
223382
837138
306509
515838
706895
220148
148536
727093
239346
885780
815631
378421
144010
420674
710334
211098
457640
998142
898081
352540
886658
70618
157193
927043
256213
511442
54372
911895
790649
492711
664555
402250
432692
807239
826443
435584
886657
436677
668564
856212
81539
984006
54905
244522
277129
962967
478253
344388
53501
906029
587995
965095
101282
612355
993263
571278
133612
444897
615225
161364
903464
898745
1644
564111
269565
335771
774589
881367
200569
552397
237285
168203
979589
404778
441389
118535
268030
54558
703122
230410
638841
451956
816590
917555
595197
257973
134963
112738
943810
419668
501003
484496
637051
26065
549470
93876
361218
225546
814460
535917
488134
340426
741402
184224
617520
814029
470445
309424
883983
170701
648055
172340
115614
809462
622692
866115
839002
764070
51748
403887
469580
202539
164770
2232
917793
731814
848613
643678
456065
228027
140809
480634
853460
138487
232672
483188
540682
922687
459062
348452
613668
904564
246390
732220
593115
318980
685094
716525
245568
538049
852602
2429
906938
243083
562558
235370
767362
348930
850610
500847
479693
183866
133655
434096
315096
674470
300325
33598
12250
554362
481262
520826
223164
956099
691394
546710
383959
801409
223853
400617
275920
799676
847035
406990
660605
486375
419897
596550
412357
738067
329018
968343
103159
306309
976718
261450
888097
467746
655541
210200
665740
106471
740341
150009
234684
4886
902423
135868
120620
645225
361068
266403
138364
934116
80388
194836
110002
297182
898681
517313
988864
151904
675851
269780
6178
544689
5516
882139
229782
6512
638977
988716
190569
761036
131180
997773
820950
217556
736947
574746
287773
794681
421923
934514
825952
59052
810025
983993
207597
643786
572888
747513
672866
751466
136545
576699
377045
132815
969146
385068
894038
790880
783901
144487
703462
43108
10780
425012
500415
762979
355908
680159
350791
928281
381271
532574
901137
545766
244980
812816
498775
827952
71512
285670
258943
107224
268891
793840
11592
518148
857027
135656
676578
546763
5389
387589
457894
896077
914921
730468
188598
980277
886941
570201
487255
146497
932393
30967
60753
27385
119715
590427
31975
498695
765958
621577
735078
135880
997342
423700
105773
828935
92168
552649
726922
3892
666696
381837
799112
925253
366245
960766
463575
254863
231778
783306
841662
320386
740047
417910
718653
725807
676785
342447
790368
104708
43230
342932
74128
3323
777041
589035
187002
722481
169114
617919
510204
508766
404111
454874
366118
942953
680998
12908
249207
883652
15575
503040
788535
415587
621121
608869
646728
895474
289909
718044
573322
967709
144860
402597
513197
854789
136008
952253
748749
351162
980619
833515
939428
277501
893688
953302
574723
803632
493350
117830
915478
338994
349455
177535
197023
282542
855220
98121
652310
258210
231063
146152
769624
422179
595446
625707
488255
790671
385585
202209
314689
223228
50723
82262
95237
803731
60345
829722
304958
677084
3453
879842
609776
900994
634029
145715
98002
625479
306798
538726
494585
749343
509419
450358
172251
135920
347910
759752
692265
179522
41328
161504
778797
36049
535273
615140
562905
627127
665885
780948
635937
323892
321413
877289
42713
341269
648815
45520
222556
844361
735381
541807
726579
615833
941287
706332
971851
696325
898799
151216
926462
317674
9956
979022
60696
905248
613694
804430
420428
909935
541130
323646
95281
181764
364024
756440
772968
433289
42999
205368
635446
151557
300919
26927
796013
915274
425000
769928
371197
722391
279106
561165
348906
55276
590838
857040
27931
734611
331676
854116
24713
117605
137120
966045
979978
674333
341783
385397
481937
597220
654316
533776
584205
628407
564309
828616
397290
46989
911675
41032
149050
961271
880421
958532
885397
393087
52751
252388
277578
146258
384069
848037
926168
772803
614804
355432
522959
909457
586423
855098
48756
433636
501593
166091
295583
69730
691013
523658
865213
612739
194009
606391
466799
609758
715214
926776
834665
456551
526300
858415
781639
604909
428228
832631
512162
44202
893105
626042
725816
371068
776766
556753
165899
58571
602287
480722
148089
88024
872701
540623
699604
436934
384278
257502
7787
650195
991139
169317
35823
6975
713571
309615
477527
10780
794409
709164
552809
927052
931137
908387
766912
626267
322550
402961
896685
708288
567189
55588
273796
646350
526355
162137
939799
243569
488383
295140
367129
362869
751203
835755
1523
949613
987824
412737
977151
440394
906633
535203
793408
531327
688320
680513
710111
479530
869173
754117
470526
332945
689725
470825
833710
165211
898188
725243
107040
537102
10295
546322
33206
738443
881203
354013
982943
565400
625870
702293
521949
341082
775306
313579
176994
104562
170803
732632
289750
48565
911153
871258
783563
331083
86728
523784
369475
672328
275466
656304
554976
814701
513190
627178
520896
895424
194487
677203
487546
460749
116885
725236
325303
346785
384497
539464
289199
200885
282713
655972
545489
332272
632904
415158
520541
992841
845354
428401
567360
569322
318964
334375
266239
26752
135396
811651
318557
875871
17140
217366
990976
224950
949491
269418
588318
333846
339045
656395
23875
991519
58679
85363
877190
545605
734269
991951
777255
986450
186029
913778
162326
83808
246028
591135
33543
14478
860300
67975
963320
237238
354582
622723
785937
982004
849606
829596
358489
969405
704941
314055
29264
303960
295451
754968
832064
383485
884115
196511
304562
387355
636955
802016
499160
820356
612584
393443
104588
95091
949875
811885
725790
269374
257075
934097
566320
129843
608020
551270
810314
476267
367615
198282
874687
96324
34084
174686
1995
613233
82019
586510
189081
106567
84637
376027
448572
495528
640351
372855
190347
909508
889607
184355
658743
550957
113948
25897
876226
450432
413817
987796
19519
556528
477251
759410
100217
658762
139982
757207
615473
809268
765888
371253
853512
276517
905496
991534
786462
129959
920317
967729
756158
404238
600104
837331
128327
474843
616971
146125
544281
386431
601360
30555
167647
119800
202789
163379
498236
783551
2546
567530
332507
579680
663068
836283
368880
898859
512372
648641
157595
425642
294197
961272
659630
862303
531027
245289
364905
955101
147719
66085
868320
44688
931555
341210
970779
887751
780664
456932
88500
961463
314600
809008
438855
568552
739460
805057
417994
168203
448856
857354
984207
439755
960255
798426
411297
616533
549144
6155
623372
568556
714362
40039
438714
513805
231111
329717
808221
417049
174049
650401
235641
329225
443652
872912
829350
981022
142655
479365
148191
727070
468312
101198
326542
877082
757361
839
160890
593329
226717
241734
998170
512002
214406
720769
381027
888583
721762
268706
129954
18470
38147
29068
349685
264191
580328
908663
656191
921243
596214
150546
124957
858732
746305
393857
935039
605114
967142
798144
701300
202425
973181
57098
337754
950884
139796
870750
321515
544179
615610
395072
144132
77801
432019
710150
391970
897289
463860
810320
935695
206949
802222
768741
881804
177392
993693
310316
988610
282421
696714
364406
926027
969613
134387
657283
307485
862924
15668
423409
859263
285189
45318
868991
502661
665917
724211
120608
509756
797403
974413
696006
180460
920463
539098
585347
327349
278465
535373
890208
333626
797083
320878
357199
382599
535531
712380
639991
264892
904471
31811
831239
641233
511892
779425
454163
684957
723420
824519
214102
330072
337179
672718
792170
793140
467323
348995
702806
995485
954867
279712
75160
213029
349432
711975
267074
253976
615753
464210
140284
970321
820583
835411
763091
959720
649961
651448
658438
823836
500966
278734
25714
838656
628948
725889
140527
219563
927328
61619
555130
751141
239365
828308
709732
761973
589903
538647
735820
914307
290621
916485
506891
822840
386998
435680
679693
1600
870115
840570
709156
791764
962797
111918
283657
543301
979019
92807
872895
72318
885801
804683
839970
927570
772965
458128
679333
151587
815010
551179
1177
610852
530127
309214
664506
987096
590080
289505
888841
457569
527118
619845
293112
242124
366329
593579
635218
264335
360195
793754
537822
171815
59703
270575
228441
669494
518401
594584
488622
725602
830900
281468
565914
817457
99643
223784
674901
723932
101660
604780
236949
563905
943101
435200
768327
943455
265180
222386
229526
57910
286364
789253
461765
153509
936989
750744
563444
182295
749860
954863
41017
275161
141765
801933
142154
667461
294073
914701
757458
155733
105550
670460
137903
570732
552667
183682
892489
456841
764899
103413
489486
132580
590640
996756
424142
598285
60290
640401
181157
295320
846815
237006
424613
252652
626979
607883
308711
676744
61312
250502
548275
988712
816604
571495
236619
580169
6824
265861
712708
438510
426933
298974
71912
741573
346103
164602
963416
588503
326587
100489
405756
707553
394451
18395
403484
540895
499188
965017
595486
49135
768035
72625
343982
196677
419727
716737
526114
4697
86223
751310
945328
451390
433832
118317
430655
86457
993747
857738
991313
139218
380390
473364
746008
683921
556982
553546
802664
676797
998887
93181
784957
835268
310944
318460
498050
53852
472019
133416
774910
153374
908635
111737
794744
106597
665417
365387
69496
242207
671881
989109
84665
166653
702202
484609
734668
630752
432021
79044
3578
505386
820996
908750
133787
448623
176179
687768
652735
901628
245922
628354
550071
516464
550667
889951
454559
112729
74200
380204
828872
152727
481219
235898
704035
262917
831505
175204
265737
499004
354162
985027
761416
4203
813296
274068
222318
552136
364913
381560
112689
492602
181552
849591
47726
750583
115339
265453
866502
626704
22335
446061
549533
4626
810306
907727
99963
673321
547362
90170
424589
222629
11157
756482
547066
97563
134270
508196
733035
906365
315332
244182
82925
609093
2237
4913
396677
573653
50694
543269
605575
927818
399716
478214
714207
319985
456163
223145
408850
646131
838973
242392
30545
27666
341997
424538
670517
272627
319606
317026
629884
394243
112858
54001
416710
858821
227620
739133
787061
228313
710531
820382
739147
104018
319638
370405
691962
403864
459720
944719
635750
724171
952376
85252
979378
356896
280664
340191
610980
557459
14651
973938
349682
894246
70965
177910
759975
556247
996089
913378
611251
808395
35881
367748
978369
247865
368449
571181
249475
680430
997254
23191
832374
969813
392288
340686
575261
717940
346513
141574
451224
263081
915020
931680
975022
156955
393611
498143
478620
801466
853178
530086
591815
664665
15392
949935
932263
638325
799242
849438
800755
240667
279465
330132
439824
353110
927080
220318
205035
743523
464234
143753
492025
418716
818912
7458
878672
514001
195976
216943
669984
740388
535088
690398
367670
918117
64984
254998
570971
904309
50304
291371
517352
726304
430275
909845
306879
977210
350432
97591
202789
567841
289056
1136
86123
662281
93992
933792
145680
653927
870799
133559
378108
898497
592317
200236
970266
972540
487077
816952
527274
823299
704594
407470
222245
498861
934395
730410
797411
290999
913200
631935
338420
769448
256549
933636
705877
939104
622853
404068
45944
8248
229522
319886
97688
127846
973782
971856
459899
189706
903925
907932
863842
777562
472255
255447
17561
120846
897775
754718
161430
22904
386108
261502
441515
192432
976888
258404
146720
836472
777717
786120
23947
743025
186970
684175
938967
829285
738405
578759
822669
862514
342757
828606
167578
976615
905441
205324
358548
238520
266517
586734
13719
649070
396666
287451
718162
977641
62010
72885
664385
192069
447359
244483
496985
288960
363025
459952
674126
417557
66033
476494
31055
199594
754009
781643
94587
104351
798877
75416
745682
549198
213295
500196
244483
799678
940431
96687
568299
477261
455738
800351
688360
859423
126547
120303
311191
381493
131300
234179
99057
528745
788143
105457
997273
946198
437413
529571
997598
844778
359653
6158
494192
923545
506706
492101
751390
322930
350825
504798
720052
348845
102209
850422
698893
647472
483443
587347
496188
361216
461629
184755
460344
97193
130072
718237
236167
574013
205363
202147
76545
480065
326228
11982
32143
122848
552823
927213
19755
848504
74059
999440
967394
485910
166474
73806
597394
839572
135337
343509
557715
809418
283055
209550
24196
118354
900567
18302
457540
171816
634058
865245
616165
761848
78651
470672
214380
27197
13880
789326
139534
592465
126417
150003
375763
155183
393590
268077
588150
260006
695837
967496
151090
674890
258915
806611
77319
331646
376740
30324
286696
630834
775125
87059
893898
8750
531711
811271
71782
535026
278634
615777
150159
368161
156821
243456
634092
984952
920735
938320
957684
822959
462642
652164
281068
367135
786709
999402
994548
782763
189626
399474
862763
387028
537471
877207
955747
346687
53959
999694
237918
77406
45090
187430
309982
851944
289937
786078
210638
207335
160028
488976
428235
633368
383937
454801
983654
126953
636933
903943
146454
601165
555763
651226
528093
123138
669775
21011
395307
409819
343918
657493
257614
264080
115719
168509
131008
744514
262234
253369
698200
821468
353406
713337
844296
794388
68033
347217
640973
144634
9126
803406
87625
660192
383364
451756
522055
791498
534466
119076
209914
625028
157903
485884
869284
262319
227934
349724
37024
240636
823114
363501
699684
832100
294439
526689
635562
686960
588966
53541
458853
291140
92637
898539
282301
517566
99522
819501
594760
424561
260051
995769
139182
173478
747177
115516
56209
352537
112256
531734
995
705787
1400
798737
573579
899454
318604
591173
102180
864000
847888
676719
22812
610548
528811
811197
785412
538065
724907
516517
69964
718949
296566
409458
507768
596570
294945
770172
893068
621442
778623
357316
70588
596262
608487
917829
199754
293631
473564
588508
690813
979863
499367
654505
163135
46469
22590
877664
334149
665489
439247
947880
700505
33554
269876
479054
460842
978735
234231
717769
143975
854834
319012
387848
270449
449434
778888
799393
47302
475078
134565
368054
840239
891729
822930
958963
856284
383347
253867
693783
262775
719162
297643
262390
560700
175155
711312
731581
625657
214812
127150
712483
770005
160500
637481
800482
258200
801650
680679
436487
226660
927918
728695
134891
372008
231336
837059
436419
302313
946984
726076
159948
194746
77230
630257
471593
755940
142847
316789
907679
372414
849058
686851
773923
662755
596551
84189
83739
366037
869584
988644
186432
70745
345486
919386
333316
973660
168919
202274
858243
106996
759827
91776
665343
657054
272444
529459
962860
651837
363105
197121
854767
375204
878573
640166
506158
289716
121740
174617
698174
997342
24527
667811
12166
448364
181992
787612
50732
58818
833446
768143
786442
82531
313199
496080
431053
60894
436274
54714
511924
713435
127829
784228
645651
638067
169103
173176
334574
443381
691157
12212
214442
287021
917961
108515
901937
880031
563101
540343
447114
549514
69545
538628
936703
419901
966364
41976
922049
281485
934576
611433
403250
21197
493711
931016
613643
526504
654992
836523
94953
447322
214400
714233
231045
506057
945601
822168
264384
636938
347900
772888
682771
226502
236475
365436
150789
160694
247796
909898
704432
429914
108771
124258
612416
588466
71780
27375
715954
114789
735883
995287
133040
857828
213195
624537
12153
981503
417156
108354
345889
809603
410929
726417
905774
434910
150963
112865
701956
756776
322028
280703
805821
465859
409429
127421
66513
476423
32002
515691
503252
737272
251147
367580
305467
415132
117939
250447
631050
939685
87475
942160
493710
532455
450721
438192
786211
229930
995722
461900
301846
530152
104759
889677
486164
82119
184528
17484
476362
190331
55403
179277
790071
974454
443485
434133
921352
375213
80055
645450
73601
773844
990650
534292
487654
38881
37707
474362
569737
842199
432730
893967
415254
156275
938536
928673
744886
49523
18961
534487
362469
855238
107548
706215
803145
47993
258316
412679
25101
373283
340209
49587
190974
920180
285230
824932
896375
418750
381696
96062
697681
603733
455789
684182
245839
846172
467021
250053
288914
374376
68456
987210
726328
755035
978216
891965
72808
60767
525106
412551
603836
854536
522669
391294
473727
884033
522204
512925
267289
227785
818876
10081
880557
894650
2289
196987
591822
795833
232613
919652
172202
684337
135566
298840
917723
354847
285135
971667
738319
572013
184849
963919
256530
135190
325117
532015
669173
570798
51073
871375
341081
869806
717744
668328
188415
217147
978338
921168
190671
335600
487238
785599
552708
775273
877406
342115
878950
89833
102429
729907
693758
165332
219021
603258
1267
885387
585073
895427
459859
42061
39811
160652
410211
578508
140452
713849
584149
218854
368949
178583
137069
745029
927774
828914
152914
246431
572523
580851
146103
437795
941781
645412
457298
206216
207402
367282
696407
51441
210963
401368
275586
684881
973847
734029
239375
504179
78259
20532
995848
174160
67455
784690
123613
852583
96672
391395
797731
106612
626649
906691
295742
504706
257969
596663
49387
420260
332412
971851
149244
714868
898148
714893
169864
266803
916470
625436
283975
397831
461504
808469
119688
73684
393444
547120
110676
956790
106386
578809
173597
341080
928761
848240
45814
651821
229135
266328
493140
616893
289437
939391
249124
262094
577413
630566
97030
784928
360976
221362
5783
434414
916721
440636
742552
150186
983374
966672
866680
212558
856223
967786
222910
21137
953143
439662
309141
388819
207761
124632
868490
258704
65971
434838
475
975732
544227
209118
41186
731879
154278
567418
813824
409762
852582
762914
455853
163464
723055
622367
213283
764582
199552
221462
794069
272806
829415
775317
821587
383228
631308
271104
367564
117618
313799
466524
949412
437330
173262
406035
805047
491420
109470
233135
130534
607057
699625
751239
162805
858513
50548
532760
971126
340754
725917
280767
53613
904689
746212
709718
477043
283880
832755
757631
723908
93379
535864
393652
305302
922610
638683
420906
791695
259997
592485
361869
906248
700393
183033
475568
505963
345782
306777
348180
732749
319075
970814
8847
969211
852889
959132
90697
808863
86481
40606
329356
599697
162024
674566
707238
918424
207525
160442
710547
433814
636049
938239
574116
771602
236388
738719
186236
128806
466272
832647
55792
388132
407989
396556
891575
813846
891559
998830
572691
486735
136644
871652
951345
349155
706204
69994
693655
726985
82791
733259
631245
902013
748724
790141
772009
443587
431382
896818
964664
139693
55470
844506
473943
834352
674562
62798
277115
32471
895830
131850
466895
503365
598689
2135
394806
744406
309864
29716
21966
688014
455199
794170
910804
908649
915198
373134
50044
51487
953701
548016
394226
478278
461187
736399
841607
690513
936818
621866
420112
990136
351306
446137
86871
466028
644448
639714
292040
637005
942908
311456
210854
373962
386524
144054
654741
912003
219540
137059
481651
822329
422706
814740
158145
94429
918272
86234
293566
669550
175355
525597
773
720234
895214
866986
360931
540484
165058
25698
949726
711476
631571
905387
508891
868918
442431
332598
996116
351152
494459
929436
935183
302963
386892
120068
910923
796057
642181
491705
236283
727070
18661
307021
906121
759868
688924
316062
337788
518449
230376
100088
257777
686105
379819
67375
536043
315422
63352
596754
519458
412079
663342
649714
800579
413102
31384
838310
507103
898447
415134
361757
766166
841094
221758
920491
247624
196880
849686
922771
478818
741440
150512
547179
535598
542616
311218
365742
630606
205657
602894
335789
391067
397485
652658
862247
293201
148228
871242
492463
471706
181091
592928
533109
636016
594891
331125
528564
720471
119101
929644
379403
697869
506584
655591
793072
300662
141979
232252
878594
691222
710613
122156
532279
845236
543568
773781
769775
663255
344834
751311
787924
465520
916753
674925
857404
128557
936601
5559
549780
615178
93488
523247
671382
547748
919081
27569
737012
215855
615642
972801
858296
983239
928675
379963
582909
272394
719639
277132
543687
978715
103814
7211
91235
774258
37010
877935
772719
428424
648379
56528
609856
481904
470936
567273
92306
627416
78416
520035
237279
327608
11188
909970
846294
958979
127802
834155
316721
177216
585792
531729
477779
767860
449608
737466
337044
895835
966629
405359
599461
253639
438305
429224
348561
523932
186683
788059
10081
723708
173454
140250
201226
215667
201526
180013
893919
485054
745965
105307
121047
482437
26555
525895
518473
148167
477322
617114
734966
880723
322018
292644
162299
700779
247693
127970
7900
812066
889420
254370
869152
170608
926349
801983
248766
552867
158903
717949
215296
656221
224041
744980
159542
456089
918921
50781
731494
683605
957526
669891
469100
986765
561713
283247
668556
260055
892585
896492
331589
788454
196472
515505
416314
939601
597314
696443
803003
351558
819206
201286
174321
628865
846279
742304
372964
265060
48229
944140
989465
534307
163495
125738
984190
295824
100439
489670
722210
300238
250034
701781
425625
251893
204473
764277
505831
42691
37025
708471
536178
547492
285809
420071
537377
491156
122217
198800
670418
178341
349758
289432
27864
198922
185958
695493
578679
92066
507906
279032
32138
511049
476426
488777
841405
484529
805452
457095
489126
828168
483153
749136
185994
323513
961716
989873
543996
980172
716151
837625
276751
270531
371628
828791
894778
369762
267870
127369
453235
406804
203175
898072
234468
875697
455065
693137
858017
717029
898261
97271
792943
768629
184187
455440
432137
263392
38863
957815
862532
142304
472044
613369
958710
92662
679819
150730
905913
509941
84050
469345
353786
400516
845042
835225
982273
389466
802810
41586
957983
595850
895257
535178
542214
713043
294765
618820
644292
563601
891339
242652
565888
515001
486190
984603
47827
336773
361646
120009
127167
404358
35479
507889
409753
40327
479579
558057
493363
618368
2578
553281
190016
276278
748323
690870
252880
264938
655240
185222
35880
317439
703673
213145
469004
133092
639527
826088
493289
383622
589201
381401
65682
867747
777881
199868
252879
412097
74304
758033
845289
200869
67567
305737
692342
303368
759790
876366
495815
436913
203787
745324
616799
416334
735411
600787
32866
940849
130234
562387
46401
419880
883267
426619
192596
879088
492864
622735
620271
650271
950631
519909
542246
867737
165854
10438
530065
525383
313963
389822
293521
73845
912243
463077
579001
561594
561994
634666
754594
586855
860668
975625
901242
551263
486999
944208
774850
855645
640082
533753
543213
42616
935575
700123
405119
746828
909686
580605
39206
607404
236876
667179
499918
434974
55510
256012
558848
706414
142785
466949
759693
707599
265750
397914
218164
481391
109313
345602
488084
549332
164414
75940
402707
455243
981607
373751
95490
147082
498995
218706
663068
359877
948618
84294
247367
15542
970676
726936
242099
962577
947710
224327
674621
907712
633927
350661
224786
413400
786435
364656
795306
902667
158078
701952
824387
63643
101686
147374
894438
227658
371363
341910
625142
654741
122133
837772
786565
13163
434240
409459
117283
892897
375088
627253
800738
716341
941199
447020
544612
986687
941226
180774
613133
622704
32867
143648
162219
311465
638845
356692
931556
459436
942599
629328
62028
955222
164905
451908
804903
683271
249087
800546
557333
346424
191471
156278
599380
694772
869985
885064
321786
911841
694810
186565
274949
628557
200691
218487
6643
48345
361381
534365
978729
386575
918976
637901
428134
185319
819938
222256
367558
508625
631815
647985
406285
188002
284446
945834
489374
296232
822499
121928
726594
269500
930359
567064
284763
952779
368167
87546
659029
603870
821582
118755
557107
243954
944947
202054
810706
158967
537409
73541
605917
636024
557091
483750
227556
703682
527735
369505
299275
777135
814138
170460
533721
306614
700569
919814
872266
101398
566015
605481
588707
509439
349678
414651
168327
443064
442925
606958
716777
467387
10328
32410
482494
278009
951292
989050
741253
379515
75493
783988
312237
923827
990089
3362
845122
990195
749917
84360
353734
273237
232213
448436
589340
868755
18833
209850
151806
469418
182692
107081
831635
317900
713677
402422
545158
544148
217468
320555
305982
826375
975979
253517
474669
765015
145903
214511
991831
265651
496811
886052
559624
152728
875605
146653
916248
140399
961579
109691
269477
950164
129782
945
387235
721694
753547
437489
561695
633503
76124
59643
194749
168576
316943
83815
674329
176699
396738
600860
658987
428200
962300
260840
311780
985909
158708
923427
653140
971538
867069
900287
776751
564622
745811
329830
279394
71551
827497
433715
807619
189826
60462
679025
464354
985819
262216
586307
153475
951258
963449
142725
860007
211828
638017
39070
331978
201311
110935
229882
941587
668001
270416
670987
405300
604938
321857
957997
264656
928829
457097
446061
309021
861318
674718
375585
565152
796343
756870
788708
442807
398458
145811
602462
685701
320474
784668
546905
345910
183635
423751
81035
133761
232191
338724
644061
303455
465567
132661
944335
385544
630123
3091
983670
189985
392534
973100
173954
498804
784031
948116
649849
19857
609496
541364
88667
525
71756
146567
733545
50111
253770
810344
299724
522802
929024
544135
384477
705572
663232
193466
209144
766332
699509
277903
710521
368233
514
926607
463518
739871
303730
417476
92614
947779
132437
255821
909498
69396
920789
871785
420678
679790
415492
530363
393783
420705
184971
242941
453511
686880
222856
119608
213659
345547
737683
977461
18205
238086
637901
539908
777740
380239
370100
843145
705180
561027
377254
87611
378681
709376
136908
373472
302597
885248
106280
764222
161651
739976
743616
383505
531570
597936
141279
525975
747595
258272
593445
918827
69926
428095
427530
38175
255534
932081
196286
49655
24518
856476
836695
290101
206513
132626
230059
821430
810024
777875
943831
779167
347789
193399
954961
843992
282608
827139
24839
122207
132968
46917
680090
600911
485054
299008
914557
965010
193033
195435
856937
134414
336224
105089
763521
128932
380856
913141
128437
849003
241771
165420
604479
416639
339488
754063
189708
623964
110345
562821
836350
961314
826000
379254
364313
519427
814401
201043
179364
357251
877925
944196
194895
650864
63240
421716
40241
161971
280286
939726
903029
409927
56679
284244
630086
856972
498296
574490
308502
881965
933335
678635
240263
66072
148308
53837
343710
294847
622556
367673
662874
877917
495709
64845
231942
834214
64038
225217
616520
918264
146899
432591
100182
568740
530491
180339
910327
36602
935563
104328
472652
571004
213541
940388
170602
16527
371566
233426
27085
453343
751838
475519
253673
990342
714996
444957
910814
395286
488648
49915
322899
73440
991079
458325
75127
357966
373572
809941
390752
211118
262999
960967
38056
33517
80002
794487
635053
700737
623076
858757
471964
868675
266002
589871
390367
451094
498858
306314
73334
910879
615901
335254
810192
115601
883966
45051
201963
286552
619628
982412
9536
529682
440181
520222
20924
23715
202015
495531
240305
683164
888407
47715
221207
409187
601839
545009
538188
150851
5293
794925
898458
19793
956589
581747
402265
59251
842003
443735
885242
314916
660966
582048
226593
717392
276380
541582
158868
146697
843260
475846
999473
569173
19467
99735
483595
788444
888529
792452
266290
131271
201168
966195
732997
240724
191543
471972
756342
239630
899670
924977
83740
903568
406174
73054
842442
747142
953437
910292
432742
640865
460234
687180
570587
348413
679740
391180
14550
909864
676742
491336
294937
729263
52494
948547
235960
374958
796205
268167
428522
205398
535815
694991
188717
135211
890764
881402
374048
490509
248889
687804
802662
281331
506632
660646
602507
132464
600287
172688
351119
752355
120550
263259
531878
86839
959929
157969
536126
56900
426972
585309
260876
297730
618875
658565
797337
544682
609915
897877
284835
590649
558349
437450
401736
77917
738307
62472
68779
265177
818027
120269
655051
708632
944837
791501
629007
745462
561509
95194
249085
730120
7726
903867
850657
804787
707570
3352
572073
411441
538261
603359
810467
620765
589405
257272
917407
676452
23046
335946
899798
779800
307014
465314
346299
101709
965571
785681
466052
726421
959619
255351
588272
180016
525866
425438
886251
269181
807516
88592
844560
820703
377281
296854
649187
941856
342687
654136
561447
755573
765620
718573
638004
938586
412312
88446
852368
335417
300301
37646
602514
230279
196529
963619
60995
486483
998045
419978
416783
530966
847965
20593
985059
169041
441519
256183
375339
799770
864228
388078
413618
294221
157466
180851
354106
379788
470829
514186
833605
491854
429617
136051
760769
7742
735038
924362
379401
67929
205891
599171
127743
145218
701336
667114
818962
464931
691712
393647
429516
802855
49776
361356
660549
800786
521775
776606
197762
428926
59354
928832
815299
222640
548828
292028
909612
373036
628909
903231
657950
877120
735674
716870
286699
270795
703900
256252
26430
763373
123626
124155
311733
814723
816163
202453
530722
469175
54726
315166
143520
521959
479866
412014
735260
541072
32603
878455
702581
31966
189703
509150
690883
88400
917677
188580
238787
307775
435177
112566
211598
626348
753030
895510
355649
17125
608496
317075
13209
226902
966590
413434
326847
334305
368843
290972
849473
159624
503975
587063
748974
639217
435334
623150
7622
754003
945853
754598
671189
72555
20536
90741
951813
747269
991202
143568
771193
789689
733404
12644
143629
38294
702912
350355
152773
514538
615336
784885
683907
19463
462891
992600
852756
15633
385234
467286
954922
956943
570875
343471
439929
39350
369956
630657
886335
754179
622655
320557
509342
782941
581963
180316
790476
983269
547882
113588
2521
892796
792416
225983
580888
557449
318525
52631
757604
241735
88006
68584
250530
530223
566575
651492
645925
61148
528761
767858
823105
201812
731237
816188
96574
284298
197207
210948
397402
964515
676711
846164
920107
870190
910607
828147
433453
782385
251654
320065
568185
292643
116355
997273
613804
481380
944269
255105
337144
732277
721863
950867
940477
711461
265294
340314
51556
881420
410103
726567
143930
856287
119314
865478
670899
503461
424537
995569
336663
565759
406534
404006
210998
737860
918443
740386
873139
615547
51112
141593
15241
278309
366127
953034
248406
338573
231453
403553
645112
232467
850380
823688
262797
702225
174105
787184
192014
692609
516278
825134
778828
385754
94938
954760
606257
302302
877106
33357
180271
390884
778699
786491
397089
963893
381851
973847
273458
870909
646916
803024
821881
928992
94405
478159
170421
741747
902724
204574
383010
370851
866670
775633
128473
238412
16033
999380
157366
322561
802127
609058
753870
370615
500109
60495
271720
814213
805964
132358
99701
291939
382345
41221
910605
800795
639626
63703
399646
613499
982213
632437
831649
499547
437862
309647
277664
762177
281159
602901
541179
314190
496742
284732
759834
749369
773945
703928
629825
693020
960854
418231
497201
255308
564918
96749
831005
812603
82548
205348
264859
255041
164570
354292
700351
623625
716835
379332
305087
883262
82071
492079
385145
263071
476401
984230
908198
366222
645651
543095
448817
861518
995912
845031
393583
468982
117541
325626
569999
528617
230466
820508
167393
596146
753321
586102
916432
599198
579068
800839
918708
348883
446345
884785
865760
805078
989731
400090
746551
876844
277916
452567
253299
64538
481967
592122
129307
195625
830442
953205
678337
440320
940904
463944
599438
826002
890497
528283
429086
603880
609295
89240
357696
437121
316546
503560
428374
551293
780610
942563
560894
40853
251050
323414
39543
848446
908877
825202
967085
260530
900769
828705
197122
132316
283140
233896
280955
97825
808534
919305
645307
594137
16012
643371
620884
961726
519208
293604
214776
954628
725244
438400
367587
760240
726344
66191
126160
344288
412216
204025
441021
406508
816784
816081
68015
182876
685313
995736
29453
617548
962692
736199
443176
189723
907024
567281
224068
335749
948085
248945
106826
465394
707770
585752
675700
634520
193406
473583
382734
271199
482664
241441
747619
44447
830407
131745
268928
475890
802015
725480
97966
565533
393683
909533
604012
17177
687822
705407
441183
308915
396692
104561
890907
843659
228807
408363
913414
862462
496695
297825
604422
500588
977401
308500
704557
361235
791201
189825
81925
804102
162722
412299
927691
258769
379531
628907
942295
499131
776349
331063
402133
184651
633872
138337
678173
504817
368283
582560
680415
778016
758841
505545
944483
946195
811698
679727
687941
313390
20878
769992
419859
391940
479549
921449
523099
52032
492125
91719
358412
599509
508132
200734
292589
237787
953455
8022
492066
665347
176415
391605
617624
759433
108100
813137
685703
4031
5393
690399
875304
365630
955534
180467
548729
581944
471889
562375
976730
941156
614813
648513
791095
131204
941321
837639
763249
666894
229589
241906
16907
526247
978547
628286
882309
547325
866039
102026
689963
733626
862730
885694
870196
641766
53599
372341
384822
577321
933129
762694
404578
371447
801723
991676
984706
204262
588170
795061
301985
694471
779428
880871
92767
411701
988797
655171
481534
316321
379804
51487
408324
759974
428632
156135
436397
752076
145701
66021
736921
745424
746683
641282
278631
189980
325474
960215
543488
187221
335849
283523
489504
359692
86788
623922
288907
630691
114270
541262
428254
225122
808765
19869
781364
336372
855466
655021
127342
523131
885269
196785
675237
253393
445063
79931
663508
878404
600659
209426
914911
714786
987258
413005
806391
978434
20616
434290
110833
460192
658154
8164
365660
432852
398438
878890
563947
907391
652627
38821
88632
221688
859018
944762
505439
928574
745040
358052
507297
475702
593439
827320
716840
916060
486876
416368
501959
943988
114096
437746
404834
353247
15612
453665
936020
896500
605791
153950
858641
173620
300756
772758
316039
892667
190797
976817
636139
158680
525268
782844
804134
74072
597072
855073
178356
256371
156834
973286
173353
799027
2027
563046
326954
299471
530307
202552
262720
313471
604570
360361
556568
938488
187902
52522
326530
976926
776922
418158
176952
97048
201624
58578
302815
824028
365607
519270
246324
192929
893373
603342
655993
468609
480094
161558
712043
41163
204971
425075
834387
721290
150520
724783
286494
21786
939034
317868
823722
207269
424025
882772
975174
290505
709675
528070
914656
895074
856782
66552
721910
340530
559176
441334
517179
894810
782684
688694
443571
269995
453438
151736
980322
76099
70760
837746
98916
778652
710438
901450
303073
765010
431647
454310
156580
807808
680076
933593
256411
768027
900186
36653
475372
104055
364769
130935
891556
556886
112014
237539
281673
725566
82566
18073
640864
59309
37776
217914
645324
245716
415631
334011
110902
300446
504387
494007
771090
995652
81006
534354
611383
794907
700664
906052
436221
515343
810920
237887
990831
687858
12647
124966
717333
638048
861198
637000
25764
343792
91588
799254
353329
335175
635269
508409
123630
362039
546124
54009
696372
870255
952924
26462
64721
96046
106135
592333
962588
449567
843276
90657
633763
955107
680539
282707
132416
478894
988563
38775
79521
13836
346646
443513
211371
239204
605858
791204
655567
567028
90345
218394
912578
304316
452297
60075
917718
252053
45734
641356
651543
230426
880559
372936
332494
262139
792630
528839
69094
249345
258622
345725
895467
532745
63497
369752
35595
441329
339815
630330
6396
957584
337705
849584
427917
623521
109879
950708
454356
549820
597401
743967
860469
407594
523650
910089
704559
437312
931979
813563
524807
462253
943377
237428
317691
919202
588346
318175
759202
129876
599471
465842
404134
14274
13481
848958
788
132469
222379
581001
608417
811688
558342
292325
855674
238963
834285
683466
560555
872803
641033
838516
736432
503610
225530
163600
861023
415008
135453
209363
860992
724398
156283
246542
262353
431261
113266
162499
672365
638191
964311
738289
804022
779834
7842
100187
497560
492499
439567
841430
135261
650118
517789
839590
891256
715139
470333
980617
753909
275405
989886
649399
730804
536591
739693
64680
511224
292384
242049
993936
574132
464917
621222
887625
812191
81314
165695
222186
774803
925703
795762
356284
470145
600936
370184
730501
592466
395798
357704
34624
714245
130015
655789
178838
736955
389216
584467
606502
761903
25981
351847
483971
975027
571979
326989
670739
544033
697085
960307
173314
594850
862234
275801
217847
83494
603797
676962
398926
528909
390806
663394
131042
78021
426078
74218
612640
592664
699576
936741
725363
615837
998904
409674
557153
181255
385182
467108
816974
262451
190353
993806
668392
960040
480558
145913
210838
297980
780982
757135
533905
877508
992381
905520
500520
786515
63725
876819
731232
276601
266000
45096
372021
121800
57598
282826
181327
384532
507975
642875
887946
397218
802938
950065
796233
401370
495599
584919
497478
534728
163817
828907
299195
170833
356571
200397
344648
415053
241155
245766
155554
731990
601104
291040
355546
913530
424546
875408
691713
556659
793696
588194
614618
590420
681650
959017
762619
145007
368027
159594
472356
239700
869068
77472
232567
79895
445366
319567
136976
164470
429414
625354
662002
144193
343788
348926
89731
668340
225685
533456
87444
419104
600514
203538
448894
634322
336671
439437
40949
231585
872301
289238
442682
629819
941283
777893
537386
223125
709606
594757
963973
469010
422466
830771
591417
156401
294805
63457
572229
10310
29584
541500
791948
363421
903497
923414
311049
581241
580096
357859
498176
497729
955533
65508
376324
707612
356632
873787
276452
334096
908943
323666
994262
572542
505035
425136
937093
610010
944078
276023
494568
973842
94427
631231
221278
649399
950025
481069
250781
717799
317374
651832
37602
340328
145031
546821
460025
928259
827730
213931
858255
310546
725194
183091
713054
845918
960083
810609
588644
815794
920119
852063
591031
26256
376197
569484
543221
11305
568971
973818
172188
967767
524067
258687
827557
63707
524029
293894
470359
287769
130889
669057
846646
113399
668444
368187
174523
686005
156867
818468
974538
425387
521352
990871
605225
19710
107684
799044
108109
357108
708679
944823
759404
527247
535900
342008
323106
222854
346136
927660
489029
212636
296370
341339
960099
337005
47315
608713
406760
117798
77922
356059
146945
86895
403802
98097
753117
414952
662095
236335
60760
588212
373787
716026
637783
849692
126943
591363
628170
29295
421747
345407
738385
488168
799023
73455
791822
773329
947686
330270
601314
957871
963951
407046
207700
401539
312145
38881
494234
759549
583430
69778
229517
636949
38600
524159
776287
473420
179074
912457
807377
163143
70350
949512
687349
183054
524082
74956
689573
750113
668995
589861
62558
128968
285866
356401
111268
408654
181618
525676
428090
846302
839991
408922
949647
702872
111245
515786
473842
437093
429618
788257
183106
873331
878669
878789
267059
267310
25356
996659
528647
356357
333199
279935
134047
928052
388531
498348
958105
743110
707502
762543
515519
545724
431889
171788
865829
993247
713559
950203
538755
471025
372985
559349
789350
668239
171263
469150
685334
600247
68442
826190
310156
12934
936265
96342
761798
458822
443591
809039
626776
812223
154099
69177
943106
634040
114449
197016
69326
326744
227216
242447
776426
459142
443806
215096
527219
539300
90038
686079
917196
407998
824860
395945
110673
274028
972192
186540
162861
951456
389911
93739
340457
503106
517241
439239
394585
532538
186008
429000
314963
199048
646274
946731
333589
666185
119029
557851
70256
3758
567106
594781
232140
64627
645575
286003
171924
724504
109106
67767
239849
350042
419738
363131
5027
205905
637892
147473
42781
401057
929497
996047
630313
855489
97939
589637
446761
608069
243223
711323
639834
663906
454242
264879
432458
347958
777214
995105
776254
747161
57985
84857
504628
471816
133485
278228
129834
106975
226538
561151
724601
913993
405896
763786
788202
756732
251654
642758
945246
946134
870250
678988
111950
29596
817674
355744
285194
606657
955533
16450
789359
667161
282498
622914
892110
761413
567033
803595
826309
184535
543728
512237
879843
279809
327254
313976
868222
98393
918980
500353
79734
642435
448665
949418
363776
632098
626894
980198
451481
15718
926673
664842
249430
371336
507088
451348
32635
983881
18611
579209
940654
908767
669490
359366
809452
213483
425120
502345
6435
717069
277313
854898
770272
68114
76033
355774
448708
731296
185274
424984
910700
764992
530961
496452
186104
186868
525483
826670
725732
719615
177925
50008
155307
756905
604881
777543
98261
282723
838534
454270
52862
887948
832206
98387
578184
361926
697277
759981
645036
717515
369906
601773
483667
485208
462820
590656
323697
158260
990439
262882
780693
58605
236688
15466
268378
284174
544533
718392
748481
64037
557065
439992
605907
615255
598991
552305
252566
409908
207831
157612
257029
666267
919120
286152
951285
241342
438374
293264
924024
619589
472948
947823
180006
846308
410233
593652
411783
368956
963640
645313
377734
46304
291997
395704
70519
796205
786987
774354
146298
970077
63111
465414
477280
915491
328864
686193
625651
134019
192068
50729
510353
76331
194673
848279
530449
93086
462929
171614
151562
311522
941342
751787
767337
674484
597620
188551
97653
435333
662855
851294
841876
952813
763750
810051
726044
126664
892453
513949
512723
768707
417756
4848
255498
774218
473121
835104
873826
66585
570234
275979
504174
540823
786581
531885
590291
376564
557676
536948
824970
863269
915186
890709
322978
243741
140488
288124
870349
441626
57346
60726
153627
583325
66439
513646
867245
813752
180722
191309
685065
474712
408857
704969
411810
935372
179035
712833
160583
364764
430796
648139
236827
14240
552883
675181
335325
31212
82752
219797
407620
508393
123262
578299
844069
463959
919708
884217
489421
847543
540036
728984
5742
492569
332406
801034
73635
974453
919134
341031
848380
167857
651495
857076
372627
497667
527393
886001
666317
389929
982110
533672
899364
123437
216113
526782
538560
678048
178205
359845
552135
349302
376824
511542
975702
158039
533219
227777
119835
819950
512563
494157
371964
244189
466475
86557
694995
497835
747118
77524
399457
210237
954009
722325
736584
84968
822162
594121
880872
749419
215593
164521
706189
570523
995520
795411
874143
568993
563019
730883
116727
419767
263600
562784
516548
552263
184976
35077
514660
597337
463380
123540
813855
892400
772602
642133
380848
38991
291446
192243
701236
747617
564774
684967
558736
822203
294264
997530
288099
224323
567905
616932
63366
190573
96592
634875
600992
305058
916092
695307
635157
36553
675354
656237
970501
416027
567843
403165
373340
500509
727099
683933
172805
966513
695977
626458
867049
937254
835384
575770
534780
245105
29297
968681
42704
745454
101399
761876
546498
200726
26204
786260
632632
919140
786575
322567
363255
506077
727557
219932
268692
212366
759280
125623
846714
106348
507664
873453
655004
318909
259744
939825
667063
771551
837679
602860
310848
955372
137499
364428
125531
562798
714455
860628
939062
499521
18611
425997
7928
44545
512557
693306
342915
717301
210093
603110
448754
541873
256580
15524
379322
901670
226365
660764
395680
982822
403320
427912
154163
442525
682682
23995
973751
684258
336692
921910
692975
738068
501083
630639
581282
355815
902734
154062
302803
895722
421837
412941
606710
984316
20902
596274
40069
189546
151055
387711
615818
182665
706912
386103
970024
154868
584059
837790
273118
680356
428353
915249
422316
13878
736212
820246
211175
351431
604607
977753
568574
449034
454247
48957
622124
916309
573560
812760
690466
377137
351071
371934
713688
37453
383592
689440
839991
374516
738055
755331
322803
458697
398160
427336
422452
455301
585709
821345
12888
298353
750406
924763
504212
99505
256199
923205
162445
201227
638862
200261
691906
45110
711037
786153
659778
359733
744991
25967
838398
21122
53215
949226
518292
222020
938723
171362
913116
176464
433573
240617
543285
767789
974318
16610
257443
548154
103499
614908
145889
387403
965730
738675
306556
187194
83295
329989
22989
444562
932768
194334
129904
937992
525845
372188
748837
487585
144403
512540
554243
134020
270228
541539
337606
517076
315155
59039
182820
196135
450487
180397
67931
268682
751275
443786
241634
911794
12968
512452
558959
410545
271177
421926
753854
756369
412720
22507
259940
192269
492937
767210
835011
544516
350476
199924
309780
883393
400367
866361
266363
520899
216583
945690
141693
707973
494363
980052
626987
950744
323495
76549
25283
266868
626024
895113
815015
543918
293824
840971
473845
213831
988932
859312
26216
914626
678607
772369
397139
377600
326383
576973
695885
183786
974571
601006
12193
384088
807407
25011
64423
316036
828677
284296
280304
860677
329112
276619
881267
992388
889841
674369
556481
559202
77158
570175
950084
201897
133033
987344
381756
43939
645187
579290
239032
672110
497311
834973
16138
553681
522385
104019
104989
500455
35357
5683
300202
584663
554972
116737
206532
323207
978816
38822
404636
514439
156353
592483
189047
450726
861993
425248
907268
615039
331690
119497
795623
836722
511798
740947
958457
632109
457819
134171
558855
686755
449682
61020
710093
871279
729113
321880
29683
632362
338971
91095
601073
86608
560912
139766
306126
816327
543335
4144
411522
762294
67905
836932
11866
202034
996255
316624
85888
41339
545616
340759
388465
285467
599086
18892
132922
659420
333517
569965
635726
328287
293166
120569
293404
245039
514680
206515
417134
113758
735232
827917
636833
411564
863215
294871
215214
75777
262775
972282
606580
109787
865392
137202
112837
318862
726456
461572
110361
724112
653588
695324
295445
167601
241038
518664
771636
139166
360600
191002
446587
288575
15187
337376
994104
553184
250700
141175
321571
639021
584270
255662
878839
716654
213533
422919
198304
424063
271214
70541
879040
885296
695713
59882
528616
562511
599126
340622
452951
924607
759838
809572
670250
15658
868373
836157
983643
148970
271171
681890
195125
591930
923804
407330
328878
525812
272407
240861
658194
266220
884266
72642
479189
742045
27564
88642
864726
417985
907735
823010
949877
448111
801998
78601
241572
497544
853611
63113
970269
904750
914951
241051
259473
844031
145594
825374
470775
40910
947351
218310
505265
836016
796963
485461
85969
134762
556505
319701
861123
349301
229832
381080
699668
457067
506521
152771
915848
959226
746409
986115
997873
310954
406212
835334
946212
425661
919981
10867
716115
697
362204
72
47181
633697
249002
17092
895878
101691
719696
37639
274589
771968
190446
843059
402035
820350
787091
385990
900283
547666
860155
552994
695744
450109
586311
662398
522380
107440
283822
706036
161576
359367
316815
134357
757166
835941
581176
777639
330301
624660
965232
428782
915411
799347
764449
348669
652255
709378
871217
774906
846673
10096
299416
93569
713502
936697
82978
615180
293767
807312
128181
970148
159233
935978
136370
147371
673129
273699
456123
245442
594769
672938
113
704082
911348
933126
757076
40172
33503
751080
126452
500049
859773
398114
433861
590490
603088
159220
643193
764859
635682
800117
3118
544576
136508
564207
535147
625315
568562
286724
999120
380068
95343
649014
30009
641849
942934
181734
694827
785745
281152
467257
123637
76044
749917
491657
487337
669960
295627
346552
614566
813717
58152
693581
409334
234504
699096
467918
618591
851583
318645
509905
224077
447913
933536
377359
920850
773556
239557
66534
360039
896711
976980
392899
813541
422497
440764
162506
555740
525035
894336
634890
946699
503940
745528
624444
696878
80764
881549
409793
517974
112683
157476
488959
833396
465000
513969
510570
713548
745595
96397
130885
207260
299373
246675
216586
263836
734106
523597
300670
303807
961716
982634
987399
413121
124541
741176
442113
659143
829622
855082
286373
424364
782278
830771
438860
659502
166944
376106
874007
999879
609453
468951
36248
904821
194043
919885
768255
484492
576257
704604
109472
55489
577031
255739
984547
143162
377487
272073
622387
321017
564288
581393
265451
20642
265255
24383
335473
387859
644723
2335
982469
399880
172902
559564
225399
492321
222976
16617
504796
122964
237591
974155
555121
661066
19020
603169
840240
954031
508996
308824
957655
830523
253269
714437
704049
18316
541418
120746
227135
115183
133713
270635
605747
947080
46172
862804
204059
927426
833145
275339
515168
99140
635909
192557
665963
954491
296740
363188
117929
907456
57788
69029
104576
589442
193717
419745
434222
674739
996827
147635
936354
963379
992468
808688
657586
379775
612033
668354
913268
884526
698557
810044
636717
533314
35099
708918
54400
849652
38450
315458
932766
62008
227255
954964
467015
448638
828303
338573
81709
466325
472845
957240
338662
931367
483952
545561
527980
562895
705703
245452
303492
813320
53938
393184
115366
471720
301780
336213
472203
261516
352663
614703
444593
630508
90715
527568
507691
116771
103197
537230
383719
696003
939790
851792
553619
699392
351422
145720
996402
381800
545096
831274
26172
769068
47331
852582
134272
647606
975034
310694
238090
484904
185692
266664
26161
435622
40061
882921
235550
366017
428992
434814
163646
611043
78756
117138
627415
836261
558795
940905
981850
698434
429946
286689
369729
675181
43667
741733
307499
721156
972599
841212
662029
149311
804255
638208
836546
859940
302650
542814
398551
245181
178291
236374
81413
794236
606220
860805
334118
283200
930087
314402
29126
983696
111084
676421
801840
576104
766744
944561
80514
583719
642559
178444
628035
58208
305212
336500
144967
824494
557672
284234
718878
441116
294996
203357
720548
72537
838446
639547
921630
504861
59441
466928
827987
713900
607940
276771
780044
643105
150838
751133
357062
708976
765829
4379
238550
518518
897607
471822
722657
907479
771341
738619
630025
426793
821730
400994
816075
91175
420953
865368
153049
950289
981735
717926
842619
48526
935506
529080
620974
674662
328554
894047
682003
519362
630660
968643
860595
925184
379540
198541
657133
98270
164891
885657
391996
630094
949864
395835
973755
621425
304123
280548
888328
475038
228364
585509
947755
909707
475897
617647
135115
795483
502604
871337
487242
508618
600587
493182
334328
305668
150126
945585
297550
995798
446625
839839
970125
893515
184393
926186
287862
708615
641056
172671
480551
470933
777288
512489
393358
644458
992534
95958
832726
503815
647904
411586
890496
314733
182083
13664
194750
261721
499739
385819
906173
812487
342657
90585
720191
311854
371040
359130
554628
950288
89458
969142
493579
507190
31896
638633
123812
778090
448369
655787
854428
25530
846282
211525
430775
536941
542087
952912
726050
488418
632894
76863
138588
81381
331709
655246
292126
478599
787533
638732
843691
941975
877529
225881
909019
218364
920436
598067
900040
853196
291263
635512
648670
64234
53721
350962
958652
233141
590141
362444
98240
575234
837124
781086
251918
177779
278970
108774
619054
733140
629311
208094
189484
843610
2416
709256
658671
358718
659347
625529
150594
683620
635357
438665
240725
877756
756810
514080
369682
911179
433661
327947
752441
939723
315257
454547
460787
655073
30467
118600
504035
998390
743614
507022
989491
798653
928971
875647
912268
969219
602355
188342
429382
673732
315351
274179
407196
153834
833819
159763
602580
515333
516098
223500
353667
390155
709496
182733
531639
805219
461402
839185
662374
429783
587554
467538
43769
735449
932441
745507
956909
651444
215463
260205
211258
850815
470753
764561
368086
725554
316381
266919
190719
966095
883900
115966
543110
939695
588852
387680
5747
435699
691061
306625
498430
3834
780911
940684
219627
362803
423017
149632
611530
645314
250763
927385
128719
641515
91826
700028
142651
168306
617081
619529
659270
454938
721052
768808
899830
715091
911566
554886
370865
838415
643300
371366
539128
937882
402644
397263
124209
380147
773421
303848
164966
104103
151771
810775
874938
67761
866085
748630
21288
814258
554390
691859
215723
125878
543422
510915
580243
822435
549454
420385
535405
722397
790140
814983
212931
33473
202441
627893
930706
85933
380885
55675
458657
768597
208035
665339
371440
255026
917763
757935
16803
437802
111866
370347
380538
68136
766820
505941
159429
730367
728657
405259
338659
190251
551777
382293
299361
190839
500080
333421
437827
514556
910548
582963
165444
45189
392531
811797
523721
346865
494858
98560
655350
662552
360401
496634
932725
535238
138502
455074
138257
769835
143871
964366
940523
302158
163059
901014
617649
826311
925752
709858
508605
912004
194926
95647
410286
101264
141229
785403
885169
223927
294096
81999
266187
48238
821371
500864
159970
140559
242518
292063
524812
679600
285990
250368
198891
328128
744768
266071
890263
424642
228724
35520
648863
544253
156471
122502
372256
591267
916970
761974
639099
360260
458181
139848
388793
252788
310858
627078
140375
334588
179536
961686
797416
703635
853960
790240
256178
705055
423400
495645
133444
832842
40014
169106
983576
577934
448291
88312
599307
168285
185624
861608
225325
796147
874314
453834
535072
971420
423920
821511
318411
795924
650630
776847
612858
683117
185599
617418
963492
333789
387109
876317
488528
351889
723664
316573
401486
861519
316833
867134
962725
867947
377329
276339
943935
780436
248517
6618
265641
384164
403152
492309
717891
791207
139873
934081
801033
37798
418428
300168
728215
895359
304182
925790
637547
88318
864578
735441
42396
431325
113736
727471
191148
226366
653600
500915
221644
558631
573625
778180
197846
534220
175405
483698
242333
897331
31191
411839
124065
452415
658038
974699
97631
891674
704574
253844
401299
769418
235911
424607
225304
773988
96872
634127
337409
901905
510117
686205
731387
425245
534840
73350
17988
611648
905507
393838
166924
282567
106719
104837
870656
552442
330650
745203
429776
640700
177434
262214
236863
386547
392698
363682
21415
403028
51654
585736
246652
217820
813147
118132
922606
538648
310943
812704
163551
240224
466388
277841
937984
570287
317569
633259
739152
525316
318829
629342
302763
599916
771492
860082
667315
224483
380124
294808
287892
739693
963190
604296
908486
284819
694719
545181
634129
293156
185590
480817
85013
948137
847774
129821
908300
239290
391672
116581
94820
110731
137317
936367
978522
416771
390671
561697
959432
420580
686726
633748
694154
629899
148475
332280
650315
732774
62977
680487
661614
431262
535369
201406
535053
492553
466604
733326
182013
418269
803512
101047
852693
237286
32969
187216
606569
772218
866972
179887
405627
296902
513436
546144
918642
412443
396691
912114
813741
961564
627932
546135
541882
562967
752583
559205
559310
451239
428987
159189
158760
459990
511957
65241
443205
646057
650705
1297
587868
373015
841481
375373
321997
520514
498818
686302
544776
336764
352166
369737
593739
886385
855839
508263
816102
984818
24507
467489
507049
280734
213939
62883
238285
110833
647247
52685
656947
992477
476986
924987
919979
997226
349845
545723
211813
19666
657144
733175
317988
217525
582016
363011
54908
467348
974551
699378
308590
955140
220712
690613
104305
653097
636740
420308
212903
761746
382151
756759
566896
605996
451606
410269
737443
623323
259458
402393
777037
89273
721444
826130
416614
208871
438316
569066
191010
74487
27246
829551
325313
829889
166143
594230
712585
150682
248256
396530
759255
405818
351516
299729
995123
423669
619151
104741
104362
189426
900367
913181
335281
695265
414264
371920
418195
36239
428357
242372
964336
935428
286050
151213
524111
999363
160995
146636
724885
600744
167800
623393
119829
537663
520943
218768
334959
293920
242948
528415
456750
365868
243014
345609
234245
192428
809278
347494
389165
477660
126722
300664
190709
209813
575549
179939
89836
271297
633873
697875
908865
976418
35081
160360
182023
603274
866475
243907
958685
835803
78904
187341
810185
559253
912548
101472
603784
35307
674626
909647
382258
568006
644007
138563
923184
586246
695379
214523
927693
905516
380754
865993
925482
985495
139716
561512
600827
741233
57242
37707
712815
977734
349219
911174
899215
967151
660567
73075
564695
743633
282391
899322
333
11906
711869
455029
184707
658174
972397
287814
951563
742010
461067
329616
892007
925422
697346
808293
850229
525374
112270
661002
95569
752793
41866
422365
684458
301010
461326
435243
1658
583472
965122
916092
806752
564593
770356
301032
386678
424578
945316
482227
120832
37349
832368
644117
403674
696687
447075
905095
517490
37943
821143
297113
19605
974889
525980
543463
700998
334244
173837
293044
336953
970331
446350
490559
776047
469707
33836
810972
126186
240917
327752
40780
323303
21741
752991
50474
502729
932434
707568
30833
798449
222624
55830
469759
107571
733819
407243
202035
448716
668925
714533
383528
995373
511788
969307
50225
105811
576159
297666
613412
898481
574119
140086
485228
697733
265926
5176
258489
464895
753369
938162
255549
740771
775189
475108
778185
599771
649355
895921
618363
868019
518708
391834
183705
13919
676518
58957
278434
668116
501082
691665
493619
648463
681252
300381
314601
916319
295059
579274
95260
473232
781610
139422
259446
866952
737474
578130
89806
268742
514677
608665
50433
934873
977899
368196
420144
826145
634893
161052
287715
840956
654501
970333
169583
782216
851164
204076
48703
435533
273291
88644
685355
782539
723205
505515
444479
336454
77613
278578
379614
82625
64586
168592
605099
565384
999283
594541
820427
524781
196719
786569
113771
960686
165924
516487
708382
418480
329229
182980
322907
584129
959661
242298
941690
107848
404815
377020
487304
323280
281324
649776
836627
17265
317712
115383
133757
83974
513128
619154
885638
803760
459273
840496
414678
304327
280839
413914
645588
480210
320989
292337
812270
451064
892267
241831
588389
959561
570568
50295
147859
3592
153655
829461
230986
322046
760056
973625
998457
56277
786436
577253
267628
93754
597769
637186
788
504741
479870
329734
458300
547022
149232
62766
600997
767168
188839
481268
974971
238097
111096
145941
6990
216787
965713
41916
798686
140534
68216
244016
497786
204200
973029
857171
975064
187968
603307
574003
951870
893413
581344
387187
230809
965314
739757
862454
568110
620501
365517
253026
549842
832775
595053
947734
38559
842947
687957
224981
296085
800409
820364
119597
269210
365877
441520
789685
937093
635345
559235
538954
523991
328528
645399
70251
978495
767639
403071
337844
337583
986754
267230
694433
501431
561063
617548
190590
386400
490349
443822
31143
291154
328928
308209
785122
868274
989622
462252
314861
179979
821372
747083
861848
119593
358592
542492
765784
645429
393240
714989
910743
820872
408778
450068
215771
660735
914565
732500
766274
969745
818442
299812
183162
758745
934028
905186
931441
474221
665742
719081
767685
288644
272232
629183
903012
495095
952567
6747
654350
580931
947156
123056
847283
889295
348539
548488
69338
700330
369238
35291
116973
304998
714302
848005
469013
708974
33987
228060
685244
915572
103650
325002
199888
276439
564213
304517
129257
278309
726588
253137
888539
633171
859791
527623
45588
884938
822264
146369
734130
40316
139591
163887
550053
873327
558700
611919
305245
987107
208121
864406
892776
747193
351182
209888
227414
9831
574235
566874
773215
791418
586116
628402
107906
619001
752311
613150
716136
92509
894758
581858
721254
348866
171061
699767
251711
96268
670806
915085
234465
112823
13075
877409
941913
668211
395277
481999
497825
613401
555528
791529
289782
324666
177675
641170
312408
431459
494596
294181
885282
88528
315017
152973
782393
297809
749756
770990
156523
409706
975026
849713
205864
213580
645027
911528
268955
536642
117686
240441
855724
720778
879904
824787
290416
714660
827387
186462
369699
982706
225994
200377
961018
80920
600774
645821
752622
877809
177499
527562
959465
235104
975048
803184
819084
246254
91175
889101
787118
851982
59824
889173
353626
247769
170949
954533
623294
160347
114612
888021
528068
520558
382933
906943
121635
578270
793944
144087
598276
561544
353403
495079
971009
710947
601290
928538
351767
907932
292491
146831
954543
827578
475949
498729
728843
388820
193354
328523
39339
163766
183253
148775
704183
347979
813367
992496
413580
177913
341009
216358
504999
280019
171219
710810
372999
792779
927266
362087
402669
89063
722632
495863
299338
73311
313492
105863
966623
365775
564650
521527
129953
507766
185019
908852
151982
223150
265317
235091
322737
97276
684057
711815
112687
335130
726668
731869
324810
827535
144068
272974
267943
939435
79959
839678
614257
448658
914392
628295
169971
915019
817817
739114
924348
10974
406268
355019
733366
757069
211685
456439
552126
854399
590050
778542
180725
331534
675931
325058
163868
336544
249742
128905
989328
774709
937830
696287
953081
653404
410107
104260
486364
862428
425523
987423
326376
597551
387876
412034
874193
911698
632969
880623
13389
322924
121879
481916
441008
719942
814181
750111
965916
216248
382076
528623
115592
916827
394915
331044
303968
674503
417185
529462
673646
362412
201501
306695
364358
25852
436522
772835
130197
499408
832779
707020
169936
728112
465203
229885
556963
809284
147876
392639
996062
127920
543681
789484
402475
206349
651429
703738
751175
649614
492096
829605
277881
696721
72673
70547
342045
384615
277892
441768
488000
800358
824699
863509
633618
49362
271506
367989
5062
668778
107283
772785
486264
508315
261386
549124
33478
868300
349819
35686
260733
988247
535850
995556
340796
989164
862486
817181
361567
906163
508991
436926
757941
388009
251780
899173
676578
321377
713700
785542
453760
531895
808112
45330
187218
629956
199225
835915
884272
100664
917492
500614
23810
351352
205074
887889
650676
188501
322414
181056
724275
328804
923309
756864
453456
394231
613010
424118
647206
761522
546441
558806
841556
443306
929987
254487
261234
809539
80316
596119
737237
67456
52638
108590
293724
24763
611423
222228
851184
231172
842012
408012
322980
400285
676347
359273
940809
769574
734458
926352
863885
640907
57197
660330
777860
203788
550024
871741
304703
983121
336039
975535
243877
655521
288312
985981
108981
663506
152426
421497
139832
382878
764241
399214
494736
592908
920466
890082
255694
607398
604086
933766
316839
286604
873082
373832
158615
454896
228634
24866
252681
310972
232212
575339
524172
21376
220024
578658
534254
882543
740822
545005
404395
2105
818378
841771
195924
823392
593529
477726
399301
41423
173061
276711
851486
345739
371790
837465
694717
702712
267146
447663
712760
695435
623080
297542
492203
996521
937057
27137
993908
412730
80853
969861
849946
589104
74254
720278
596899
270697
5689
772483
830054
609804
451915
709683
695783
924630
757649
456219
791344
611353
380602
623307
603717
612638
689615
640155
952613
112565
376985
227768
615602
890408
285609
553264
351438
700415
734866
157441
357564
434559
732677
221152
139355
538085
672534
35658
761076
112341
11867
480147
302610
853377
581871
569050
903438
861538
528932
966223
776071
755598
930823
613377
299063
70440
591194
527774
266431
815956
999273
950345
81683
343107
876919
92376
480037
220326
866360
298154
454253
556878
679885
862228
319340
307219
920618
266514
923157
445528
760781
80731
56408
106952
296738
497138
746186
20796
210213
368532
927735
997613
780744
455529
763034
679516
411160
701086
698760
873785
483514
776437
706396
555631
904399
665457
439486
172411
232008
156890
604190
53601
925910
62795
740439
120000
219286
370697
546342
244858
659839
371700
972240
345676
110365
655412
147440
408431
901238
770790
428096
956146
946986
782388
724012
592286
588532
819811
427159
134718
699008
401959
93916
550964
919289
695735
719337
891370
391285
92326
134294
576596
911701
559252
513195
174023
977630
255890
122804
412261
371024
391316
118696
892779
662745
434571
320614
327031
415028
219817
35656
755180
461055
276024
939518
723583
482866
676627
888826
92133
414587
604257
732338
297621
113063
664638
957698
578289
16330
296557
898073
16951
451022
568473
655067
836801
610701
706045
182011
667068
388796
337347
380643
364319
805652
717904
661332
721269
89358
989284
814803
545219
273695
805647
657742
35474
786255
181412
972686
365391
299214
210783
977441
303072
944528
448342
453576
406637
818453
473611
867875
182433
767222
818325
711893
138217
447595
660799
714002
619736
941191
77478
688990
940571
812463
583163
748170
404068
836531
465309
321846
282098
426305
465315
366739
76962
442149
811396
295465
333626
720408
712437
380546
733499
862363
21515
804980
731335
249513
697627
693333
577387
430854
145695
274732
618521
626500
781421
585015
536346
684392
622431
358138
704958
671639
125601
828234
883720
641061
382416
790037
228735
810668
422263
754788
338656
382820
50641
721346
813533
724748
684331
862756
894102
885119
982105
541435
683324
922319
420112
286649
784125
708181
274696
415007
373332
535727
792217
400759
784945
902577
943038
161093
453047
620006
155467
443657
313822
757280
957130
916052
680502
861431
363483
113288
335520
295875
619422
367837
698089
85558
88881
32121
141245
738659
101697
761756
625139
401909
369214
97913
5826
529096
953481
419629
342497
320933
386049
96348
676235
599362
280285
592118
573015
826024
570695
388531
812111
760017
958290
491108
419648
679663
737882
321201
908646
577867
130584
368044
855005
149657
264082
515106
876951
367872
205894
300415
512337
974672
399511
734523
61671
933149
124396
134356
99536
32901
893357
5694
437319
713489
360652
179126
352095
752777
118013
787039
206552
181243
851861
951501
701342
766646
538981
470446
775678
671235
19841
54552
654731
610106
250121
361761
460502
93975
799737
235362
541975
369485
98588
283020
983625
656897
769473
15880
827006
531159
16406
861747
546680
370660
193684
439785
309506
500642
164630
129205
809212
624992
94294
375704
411572
488786
570202
349524
203474
534366
339594
684549
551953
857117
379425
842004
418765
264465
325326
350293
635145
685643
364586
449249
872929
969620
663810
805336
333645
684451
206394
369572
816129
799336
387775
845325
683035
893504
197775
518180
812156
599325
614942
331962
49677
771494
339321
498988
890179
857158
331170
391838
392193
3149
785604
742216
536152
312543
608317
436986
321472
201566
41907
50020
425872
958909
280834
31685
258834
574451
364869
869638
16945
27954
39006
651684
431332
895922
222060
433268
186871
76555
677030
569199
529133
711430
322706
767943
735515
994090
933634
799097
925628
962180
581634
528761
470902
429728
616249
837594
719781
745911
765667
968311
15612
720763
193442
602556
208365
783501
964737
68597
460223
944284
515750
551293
7991
387632
906440
843827
518262
189342
247083
502633
666331
674006
117077
15526
180773
628830
465869
961760
422058
367658
892200
454118
891455
138424
270758
869213
333783
716973
404036
468986
760046
902574
476960
511102
568188
780619
451856
228833
616953
369459
872137
197982
722144
831087
220489
677782
572116
696446
786408
567711
253145
381477
938711
894791
918636
218271
4882
435018
976264
936130
60889
807160
175026
734784
418377
274464
784642
454989
691074
429130
572545
816108
543421
984577
904755
346859
539269
721878
60043
2130
494136
549183
768539
458418
719996
486076
365401
524943
561597
771691
101268
431139
631713
260412
288496
362350
609426
173544
542193
512000
761726
579860
604471
120731
48507
885034
772266
6999
421462
882721
373532
40328
255273
571261
639293
205456
863615
96103
603391
209387
538411
305926
528328
693022
124430
211681
921619
242231
823666
758170
399266
387600
561631
181715
471041
609086
53470
24793
995411
446936
875799
71422
549430
600793
674393
741731
160531
282053
685831
654684
905516
680563
753037
834137
101435
708367
75100
447432
297888
588379
165818
300576
776825
324498
635595
276045
931281
470864
593561
293586
606046
382273
701600
946491
116601
172084
560620
741651
86039
308407
802886
967573
709601
921402
150581
593019
697747
905927
756623
185910
130999
720667
37363
749888
904056
292997
319733
957022
807904
119112
212756
288561
583660
247091
751687
195265
431766
880524
857463
650780
358756
419568
2014
890707
116932
161719
838830
705676
241302
711114
246804
619768
483446
802109
535354
645999
709487
515215
385427
432311
381883
976359
438799
574618
80502
526556
80856
138259
244392
444402
358384
387836
460434
698333
82576
852630
726577
880014
8842
863741
601544
345885
183373
907881
508248
970468
918314
561638
791051
863904
695647
983430
44906
142505
351837
624708
582962
441611
168589
990515
227226
204489
60880
829055
27887
827986
618350
782731
529336
244286
683415
43208
496239
744058
517784
578926
847897
508988
965343
783344
560808
362163
502308
427947
834200
497145
470648
975768
501102
189291
759280
57202
56118
367
745666
146945
396942
441845
907921
346083
919527
511148
468975
50139
930733
677735
267227
734206
728042
232331
312685
71244
996158
809565
257309
492441
933695
870131
859638
631205
372563
675380
339652
167159
391448
248811
956237
412340
67998
331415
37186
341203
969198
785857
558541
60041
886284
657989
503770
320649
135809
835331
157204
26405
898495
289376
227844
506884
241460
474979
640959
525855
613738
898711
786024
101443
443084
988469
466659
522432
486157
881904
654816
61122
260723
883269
698616
672897
503755
512892
928679
87797
347192
582291
240393
839422
585154
257659
76031
763224
814221
505664
349425
743813
938044
658782
407722
422934
947388
584075
453759
884574
315033
103981
498754
659732
908041
900727
729905
906889
495064
1105
595577
491825
435752
411102
594967
227126
245521
342952
272883
561780
115737
19830
128110
125807
142354
317378
592104
944360
163148
100368
642294
576118
300441
20533
993060
158536
723224
422375
877999
542492
35369
390426
12820
459063
833521
754872
826420
31534
109708
562644
752615
241856
949188
602621
176389
791125
404466
45768
892059
299967
347076
590115
590447
64381
355086
967575
878431
229732
474553
526412
794860
950108
399611
226838
863360
996861
744919
530903
637746
149846
286768
345212
420629
49953
986266
956246
478193
721343
795136
926384
826144
886829
89957
441045
488093
457963
382689
546439
332728
965346
837715
802117
292493
292784
401394
454137
88741
520179
944956
740691
36460
317803
264851
75385
144138
432829
860267
67012
354659
269749
930949
764338
212935
70258
41801
713500
318300
162397
332162
630468
227561
415170
798564
731396
713472
355164
894862
956380
282669
629656
730159
731658
74663
91247
353305
376226
561216
22572
428205
986214
95351
456869
132324
623436
619803
225719
86189
186522
607765
262526
78987
552090
984863
64598
40452
173343
161003
113800
576918
788147
104196
67518
841162
278180
473131
315862
283916
895640
559545
717039
595322
192983
939350
511272
436787
73537
344633
76520
590112
60248
143886
445306
937278
821436
758271
8358
69365
785782
20345
913843
982171
580162
507557
225216
331125
924279
318816
181285
759406
330460
792775
210519
372542
615284
143531
750642
219012
966704
34386
586917
600958
519838
506059
962892
829895
710417
933927
54030
521516
126507
326790
465939
628522
814207
583301
612846
273842
629046
784144
973900
58398
159296
278556
604558
95039
267597
617398
284875
122969
396647
133094
777093
526497
533342
919954
125019
565769
968000
729812
232469
873367
891560
210270
228435
844482
635586
832218
256591
380606
720462
684655
83721
742012
611564
93410
688700
123322
482292
475347
885449
971930
997652
78675
652614
661394
564592
108634
30491
449751
674055
86109
566879
293202
126483
888408
302457
801964
638040
669390
250850
755130
147280
962049
500380
431609
439866
212539
904420
748472
16168
186759
127442
317048
472459
959407
727164
54767
720021
493400
6596
428739
135322
579793
914892
478865
625367
280228
20004
214405
634103
785823
693746
183311
323488
243344
110304
996321
792942
345391
703750
768324
874206
231483
465395
271516
248338
626335
572770
682942
695409
203386
659418
34271
797327
159178
764394
191790
466239
663418
702222
639806
473465
112753
570618
969019
399287
851785
37311
66969
618424
803915
39960
223442
589605
264514
989892
503474
334415
139935
436567
711802
28724
336169
839775
471913
893140
53243
340249
249954
422254
157185
79702
18005
135258
580211
105737
338132
832686
344018
545193
136604
115032
696794
519175
72286
136226
887978
562681
191394
55787
482554
168248
361547
226604
39542
320823
509041
957565
854432
54219
798828
165935
456086
696140
454650
596991
182687
457563
221137
66874
702054
852816
635888
948009
965401
286449
190028
124101
99941
51518
587935
519370
294927
462013
210544
397228
847724
997706
843001
197262
917412
283182
878193
848837
575207
483880
718664
934339
312743
308342
898920
346487
27186
234794
288798
904356
55783
989482
815343
493583
63780
407351
113949
691995
764614
189348
929059
905811
523870
463196
227223
907134
131809
152066
448114
152454
452383
183617
977272
46956
111798
503234
827829
40322
611216
741602
915283
293646
367901
113594
890278
364261
311208
376195
396639
517479
218703
811624
790241
695248
684147
379307
378007
20655
413470
5535
392063
120974
743304
36385
113343
612523
395059
715555
869353
700472
91545
970617
614858
626354
207460
661164
780841
501343
143859
585755
509290
154288
258438
214632
773444
781131
342356
111993
64128
437591
43196
953993
578497
742185
299907
206238
897505
113574
242330
518771
139793
657658
124653
187877
257998
931125
55229
907908
893397
930365
627379
529249
637244
76776
348520
359464
141629
486315
617256
582339
759091
622745
994475
580833
403726
383430
640368
989900
494439
16689
173598
921363
285872
20682
329431
318089
957931
218423
100052
905712
61049
305515
86957
448433
491344
838604
282193
957520
992160
266406
779585
636755
668416
948759
128842
398321
764855
187207
168002
82170
97910
305234
193084
611540
35330
630538
752149
414253
701075
962186
253480
52663
661587
941594
534297
628605
451649
376349
475710
719735
545290
618448
811962
26187
797313
880159
739176
150576
774126
223431
901149
24353
44241
44565
163468
350330
498782
324444
809062
990065
517511
817123
1438
724420
159950
332478
68264
246028
347426
525842
93422
37639
268114
368936
897174
950889
478697
860810
198798
237498
755033
969867
726786
787830
627217
128522
595342
780862
887285
805404
158780
15635
265931
829022
96593
263674
228171
211507
939068
90094
657490
44911
995727
527900
155067
102858
490833
331309
834440
168421
696731
435439
363350
925386
834015
392371
582828
684040
605993
635054
706676
402729
435016
776440
498749
770485
127755
813874
938863
438873
770078
426222
197555
913154
840298
737736
953103
420020
897072
818535
490792
77248
791531
769979
845188
76643
180256
103986
65806
325761
968684
422318
925931
574978
118748
361345
785908
131259
552821
611357
693840
269908
512418
841672
473579
916734
561559
77849
973687
939806
211532
180275
156943
908788
183285
842621
81931
360582
750984
993091
946290
395090
771569
64250
436792
289788
116784
621790
455088
220606
14767
619564
115880
582462
506140
349501
861679
904245
74830
653972
632494
624045
55351
430796
550069
694509
800543
239867
537479
657098
493987
837213
796368
760866
715513
758471
339481
964528
440093
236197
342414
987388
215213
671179
677399
15860
155838
298487
865142
532828
87264
613251
15064
582114
475109
909972
454644
28301
484580
631165
941919
698066
563930
559824
769640
899784
538754
329031
72028
441557
166734
168690
269816
614227
302381
102840
649037
408559
184260
80842
939753
975819
39290
701672
253561
497376
240086
751360
302386
909446
288635
85513
708529
990354
980091
713487
158489
747947
876870
959095
30811
109444
353630
765750
433828
810699
136966
650617
61092
524059
774789
599158
4540
931103
234570
382939
396087
814669
644072
883920
785768
912057
448674
145110
366717
517028
872373
368454
658669
852734
794660
237677
959261
599171
112439
599745
339533
961796
766984
427080
852683
712484
743779
86184
337502
796949
818236
302715
149833
894327
270253
468721
677522
315078
265420
131037
233144
935589
813041
251328
229310
43163
63226
669943
382459
516298
866264
958169
955640
866006
215385
801077
627651
81701
613230
774062
937439
821465
245335
361928
752742
751679
392802
175091
817911
187247
437126
129033
841001
35931
967738
121213
194626
822054
249215
332192
734923
673852
357200
840319
808135
297113
142947
457654
242525
675446
274781
22021
431279
95130
714721
866841
781708
947117
399337
542476
507221
762250
206843
677988
687169
367891
660577
551628
928301
966043
375625
704828
649385
792164
264275
301697
64356
212910
515551
476659
814949
95775
369899
353734
963424
779577
484420
707900
738552
164075
855396
473241
397311
691385
664288
728510
876264
909454
785015
637176
271702
904351
308052
103051
761386
767305
579725
563483
615082
765120
804280
389401
117987
83150
220960
255413
325494
462664
35292
945861
570544
280047
525608
69994
842629
1987
761773
680714
427094
53319
332856
912242
287610
260828
857581
530063
586355
973071
856325
29375
890826
182776
793700
632733
422283
410269
605914
588467
452230
882115
537911
671519
839241
58465
848006
812205
681206
524691
240358
257547
874320
781662
965937
522694
605370
804087
895195
201580
577543
499933
383141
308536
382239
348628
198286
105478
720245
559213
886800
432715
828626
425452
703455
628126
314188
267757
935106
548475
193498
717248
925870
593875
147469
137787
426114
910305
943958
352355
982131
372338
419195
97971
426968
408456
843150
153032
427874
589392
129333
264167
438592
875508
801609
996833
51389
632247
664958
243963
194908
1457
502964
131022
442686
879816
492212
841921
816428
354660
50316
375431
42985
990994
706052
88268
853667
833085
974540
336824
946032
46000
402776
144581
716432
474096
610503
734838
487285
270086
707627
383139
220143
309110
406614
95346
927191
974317
564267
925073
155915
933017
405914
62051
803242
855337
355702
833336
151635
851631
193892
22176
701904
502479
247808
835191
651799
905148
870108
608178
663768
539302
650860
275808
475826
877594
736039
194236
299758
31612
996443
984656
22185
845049
254119
388236
822368
362712
873518
387279
977942
107469
375911
508148
373983
981405
727522
653535
403235
965856
614249
40340
48332
606057
772840
181347
435313
462180
628667
87318
764929
707042
702923
979314
164386
489249
561332
177780
99836
543772
672591
347898
341312
129946
767865
891299
539978
864998
470455
105183
979707
603017
469799
850406
680795
699715
942494
604130
948747
311959
116879
272307
124076
247698
427330
515181
580365
813360
4715
804438
374190
984801
103846
746569
509582
229633
893291
138018
422759
396801
511387
91279
916874
323759
298252
842462
438748
128014
879029
349588
399711
979585
966807
543739
411915
362876
201000
990955
347694
333075
246532
749614
284542
895215
738652
13495
423189
643441
219658
41475
430909
447030
435387
567379
100699
173843
752785
489089
924418
641146
551743
814822
663234
307963
272551
718806
928408
193205
180277
952059
300693
151659
416221
728706
968302
174171
846681
817155
92068
914821
371397
839834
806865
160073
209450
547152
925822
849686
881743
780898
263819
418662
172353
832532
951067
724956
797882
133803
695322
254895
770260
130386
592690
349761
869057
888652
214347
686341
103730
791887
894963
796923
342877
141398
924601
545256
711677
930396
780751
153715
400078
764256
629156
500018
433763
594171
368932
933460
276532
533773
499690
413359
869226
165110
630949
720370
443486
175514
356416
219139
460777
960273
541690
452539
285248
86068
58739
807641
564020
810045
470077
56250
840461
331551
96052
187336
686704
743850
729643
999362
113137
967209
14044
668967
826899
454231
279172
67594
960488
530128
962490
70827
290978
974292
271786
141820
148376
97623
868458
657588
249927
713349
242064
738221
525978
442102
704680
359479
717551
884695
398133
842177
601729
919489
756768
764802
738
148766
289182
548465
674391
301529
93499
330695
573220
451838
586334
982268
472256
339347
161513
271838
953327
839861
842475
883437
508351
701251
904268
946190
60136
389621
52996
995809
889853
517355
82973
142348
299365
508463
380489
138592
645459
308190
284521
156725
267430
514757
619860
33467
812396
665091
411057
19075
128254
251005
78787
700915
135995
406468
780550
182388
271465
402686
438106
376549
435291
701502
6121
179765
474737
722965
830287
462842
483633
565123
133161
522583
699548
637502
868
770806
856912
976553
179536
746351
71363
410046
64281
766582
638175
273473
480251
86474
388206
927269
358719
653406
334587
716149
29673
845490
963738
123155
987850
73236
509592
763292
67177
587893
128635
910641
20496
690124
392360
879034
10103
806440
791101
3984
688708
656791
596348
33126
726790
429748
329472
616342
533406
37188
940488
843584
400354
540672
841488
760208
63770
265338
553272
657433
869886
377641
258056
585850
834369
540910
124834
150987
499467
303195
475359
847090
670133
651053
975011
581631
532202
851783
254603
107885
85474
774240
389943
97224
299985
46911
789020
476031
832811
397131
333031
761165
569549
280652
337554
689628
159134
919469
308665
560865
513502
572393
85942
869189
111465
176418
670336
254250
823221
155648
163259
721687
276476
311141
285879
733315
738673
172851
300957
853807
39919
157397
483432
777767
835555
242305
510364
113405
816291
696078
875568
188759
584881
868908
746221
274674
570284
496303
305758
705748
802754
43351
889337
165327
476626
953684
816465
952731
481895
28624
461499
544063
121900
316936
393787
664810
494233
257351
82203
787433
717976
756448
524309
646942
486533
298519
362380
375370
49541
476793
509209
107691
73737
819033
400510
968015
81995
110149
57652
161599
784523
478495
983957
617987
863540
92559
823321
907888
173858
140181
940135
329298
717213
481651
54705
756814
717216
213933
712659
9620
907526
887349
647057
761706
447010
397623
58924
856999
702572
393546
423011
212616
273672
613496
351606
544288
773486
993870
38634
911746
582168
762907
857159
778335
784899
187348
141641
294997
803829
618732
80904
704348
844374
413051
711641
284099
80233
721414
117811
702808
455536
338398
866976
826811
173981
290809
865040
179885
289379
362102
514480
260102
436959
728355
32463
778319
602902
488306
126373
640650
581654
406
119164
12046
824574
293863
606307
608895
537935
308101
552357
458066
912856
139717
608314
748078
803956
707343
733198
652363
715153
314003
220694
764888
620221
81989
173383
72449
197810
535477
536426
419875
672853
396056
740963
101445
441473
854717
364062
6751
903495
39604
600771
45381
721620
133562
475951
229719
924284
209019
722561
4145
697217
537789
537292
222771
576230
927222
815112
417386
172945
353617
887454
214248
746212
212952
649731
202045
906815
567829
145417
687686
651554
746178
404078
585380
968889
845964
825399
448691
268263
532202
739263
37137
72286
542525
960832
484625
454704
35433
48100
217817
540337
302129
466926
417336
195627
478224
290025
628682
648209
44398
506980
389223
106734
892313
282991
997066
996516
432941
176986
617250
471184
804069
33773
753758
732288
748863
434219
469061
356465
3670
901669
632423
526413
623011
257293
46918
306764
116097
896565
666317
854242
801573
776588
842039
118196
172351
182258
341442
419454
661400
511909
903322
14809
769689
763462
886518
533190
993457
895390
486101
920413
625330
691622
156218
691339
326368
372314
215672
729951
518366
329342
202662
207563
477579
61987
502103
749515
703506
751601
99048
223817
225319
299105
388188
395758
17684
692356
340737
258302
904484
187078
127585
551928
776850
456394
282208
591551
586003
279729
531409
988208
134812
434097
330079
55268
668407
857222
305654
605603
398837
337762
713056
841155
324831
73899
450979
225659
366477
35146
959058
994444
679818
560922
61685
222350
196240
781316
97375
126685
319037
336067
550804
102729
990959
682523
686360
265109
109520
129125
748522
136494
259547
668083
345641
436805
576312
341359
828259
996638
622247
147165
65540
101117
807447
586193
325737
750540
942740
87169
312200
926821
981664
524255
899569
702656
285281
319365
960825
111300
820114
784739
408691
555119
755768
13992
625809
811472
68093
318069
121408
908567
341087
631834
799653
721338
153239
224626
743010
276762
829019
633619
370551
34968
745395
137844
147116
430628
410741
125303
724483
988576
266458
474978
300595
772372
403664
555744
32832
51961
996981
969209
652532
111566
598928
688166
398964
769224
673813
774235
573562
658208
470327
37532
238471
410259
843707
171359
847931
803620
664651
258554
175531
872678
79528
787806
700555
301935
560336
948378
655808
117166
39280
657278
95880
594383
255473
70934
476508
535431
82368
605639
553198
262593
869458
782104
594634
189538
235983
299475
420017
873204
373599
404753
981247
772556
603077
886717
358539
817353
250894
67460
702400
904280
201407
228756
982111
769646
463521
337687
996329
961396
757786
601792
125123
69332
780934
847914
495390
851748
786909
278627
528265
343977
664157
764346
836137
699058
561554
189994
246240
10949
169476
203395
878317
773319
632786
876723
62145
891353
52094
787922
386070
102491
510599
173802
221671
423760
857908
144590
510515
702282
419633
666358
232796
790685
941170
406583
952411
328696
427967
643613
735215
124925
700530
805505
524674
339304
801311
897994
595948
340334
683876
696503
74809
962620
258152
578504
383692
473482
156118
850768
399080
352559
403095
884722
929402
508634
671044
482352
26183
561207
537644
166376
380982
833082
226751
386854
352509
576126
395054
485922
360713
89566
77839
239988
482130
704240
103678
399890
644749
67663
567651
857546
369729
79411
97462
976609
256482
544821
822826
609369
823557
426268
608778
85921
838035
816033
743415
628296
520359
542311
102507
649130
380966
950519
786318
876991
615222
715953
946353
346171
338053
403235
448376
701500
973893
598183
959530
395834
580260
355991
99887
531339
930568
202618
433345
97578
361105
650160
974016
316736
402865
173102
754316
773101
198162
610365
912747
281274
936236
549056
138604
835241
778009
518127
570350
581933
873073
95788
818818
425141
205903
448719
953287
620382
243189
266484
334871
637543
136108
705693
804874
906551
796702
164894
279458
326646
255415
712525
108053
752820
354365
862080
606637
173756
914974
392992
411340
301768
426787
811876
743863
2314
254163
888559
144107
799876
86867
19574
976999
388949
508310
957564
382690
443115
22415
853203
507336
6037
407076
472358
528443
807282
617132
645022
573951
818063
264525
426718
848999
612397
934384
459689
192316
198291
441166
249966
824348
444096
641302
438367
883491
345846
109015
197294
205864
969631
612852
979312
316146
377096
751855
895922
421250
551303
119832
64479
444340
75944
110617
918350
445060
49977
286857
600516
390198
580168
283779
914668
209750
671641
692148
103110
510767
889525
353639
658010
231139
941425
441932
613230
930580
76006
405096
60835
123338
942971
992048
878038
252861
787178
508437
86491
459592
980751
440682
129656
49667
804904
610442
728071
64257
728465
734376
62058
729185
743874
397472
753463
948046
881214
246296
428483
916064
10397
775160
668649
240870
205978
986551
995567
440484
366932
197944
873363
794099
787065
168999
413690
281902
515131
343042
476940
251960
158456
258656
944391
38300
638728
999793
426821
148428
902614
604318
75555
367545
491441
698962
367903
272243
480832
100139
171580
704104
443290
547781
67490
776996
459526
63387
658738
532229
743243
151474
250641
466032
612404
781117
441965
525827
171234
310933
876049
208749
586066
755972
532694
840826
284947
372496
940518
817945
152633
712844
749729
295475
668465
459207
79641
463119
94376
931325
777459
970049
796021
681292
231850
256986
260546
803697
292674
720691
285210
868338
858103
485082
601831
177017
821166
4591
113792
169522
428572
388211
408803
926867
934890
333078
626354
483308
873656
208897
32528
536805
21714
567251
568025
511320
463558
842584
322334
28197
310870
23034
495374
879778
667058
53106
588031
624998
559064
981335
996196
640978
909285
474976
442959
273545
841010
664994
140219
480846
792216
96998
222236
863646
727655
405399
640944
881920
494617
248131
371450
66290
205954
210583
259269
166445
532733
4793
263264
80093
528902
741062
208792
624767
238734
858358
556541
452420
170835
287401
137422
707741
558562
573455
757809
337074
83473
300280
194307
460451
737867
959695
656094
615817
395063
164780
714889
43607
450762
615134
177631
817711
395517
665013
805507
899622
435789
193589
334242
722739
309048
549321
643593
568466
825636
366899
852949
853179
912358
926981
819301
299660
521595
884751
367118
837845
572161
434392
535753
917834
234713
488168
736958
172883
956315
943189
656329
796581
338076
310876
534529
470613
21467
651316
848940
351038
511640
128457
244879
73957
965990
779916
278798
969920
666024
896063
297930
155806
498515
159636
125319
169317
382142
362907
688152
605319
34247
213675
152481
975068
71454
526314
663640
864101
887354
307824
827248
184160
83777
343107
179464
382228
54445
535168
155458
226348
588677
861440
8655
615241
429772
301527
857208
346755
28296
484425
146622
956942
705317
288431
785249
756283
855955
917595
986631
520687
16621
867216
241652
515378
503268
676860
731589
173482
914472
490065
60496
820507
450988
629878
149415
962039
539248
894867
641271
612146
34368
329112
463037
426691
237261
577772
566004
768555
492006
743572
8054
954366
474163
644562
625249
546979
114001
317096
467760
589859
957493
179572
163000
779425
66577
455667
183099
158203
696837
183406
699512
994230
124616
666674
69707
36513
973982
258440
129410
671572
556041
567002
559496
810848
84955
876253
255754
876585
410654
331117
594084
235363
67434
595780
136464
225222
664176
668465
38968
556129
880144
681046
659746
752024
659929
472156
576832
651440
556387
483950
894973
173426
85030
955023
844448
103081
740994
864012
277885
952920
957955
100972
257949
886037
384607
239664
612051
924742
851444
552461
178348
796274
156434
564598
447530
663202
566616
938671
22266
598261
100524
743439
988941
354108
629506
642270
731744
788725
945111
591096
410959
357649
412616
139361
638052
854067
652696
973551
642756
263343
759928
467328
349317
714523
415341
685407
916444
471224
119234
150979
218004
923603
235835
793853
163237
308381
564281
166521
198358
976759
847449
623131
851593
72930
821854
985788
661763
715647
563609
125162
721302
42734
627245
656351
978118
806097
491788
666176
23859
15827
936507
512299
608502
720964
388374
554468
976917
765143
665697
187413
500465
568918
993450
498927
467005
246448
709800
954695
215076
693167
718818
269169
506726
333105
531988
645987
880131
648490
380070
317036
195140
453371
624203
438642
661978
711263
822692
392741
102090
520242
379257
959540
545222
820107
455532
435359
38324
512633
754758
265540
247563
862669
426547
108767
948761
744863
919492
219789
58039
733261
818381
847262
34178
197207
576973
85194
765611
565351
634647
725010
237849
418284
576870
348685
288753
831066
522279
28309
362396
932258
319116
925473
772651
745797
245582
611276
225933
793739
86692
496778
494900
952997
612078
426127
2710
308691
121309
238469
720638
726129
781273
163583
32280
223270
116060
466848
976650
997540
197057
113214
154166
994668
536904
668971
188160
480805
497367
29524
164392
665764
824649
911004
574170
221912
142671
267409
827628
997091
68611
242569
853371
122547
4409
581557
614966
794019
247488
640986
522282
324801
575662
444829
224861
744502
925307
930522
662818
351121
716821
248997
267147
729647
834125
363125
221696
635023
324583
498556
657723
644060
726087
74138
71168
549971
967416
825518
298381
133092
168190
169398
680248
528516
610601
959998
643848
695036
962322
905745
949350
351347
477441
88206
592134
251636
813550
572906
282790
548019
558870
580409
644397
789626
86400
707353
791826
153666
161501
293792
664753
872991
741907
484988
451989
760160
86268
638937
718169
432947
529926
743833
424362
353155
346917
797316
367803
923571
290818
326861
579732
397671
279427
818307
262099
449765
829118
464564
188713
500039
73407
887737
125405
351599
515322
289077
861750
431458
191775
881700
440100
898043
719812
289299
965142
583695
897058
683114
568949
420037
416020
80013
501852
880521
765915
279253
298273
676294
907050
282947
238898
312182
119470
878699
96458
151455
568395
77213
719964
927361
103928
336232
824304
727132
538010
97826
803150
732566
971809
608683
250528
697781
705212
613763
367081
517591
888041
216662
612154
951531
520043
469439
406009
983069
656729
388766
86413
783411
521596
346021
324219
952682
366342
719079
999068
235442
843262
409357
104529
642764
816221
632709
272899
427111
814751
856481
649433
33191
751895
464638
177650
957963
159881
638637
497247
860017
441254
123402
242285
332625
994672
787722
619284
790620
831677
766481
974963
584087
487774
492636
752729
588791
719173
76626
808546
443747
528620
4760
464888
971288
52199
256315
426503
451290
869376
116667
500632
903408
447533
874447
767161
457081
189025
91690
554390
144954
647941
852940
411205
590950
495185
391574
502691
895478
959310
99624
14
529102
204876
356851
999744
573535
949941
792959
317488
229346
185147
937372
955695
308531
591214
853618
940857
132856
161736
822827
221408
565186
686274
648977
278812
221443
947647
60454
943522
851129
116319
578035
394720
922561
684714
824957
908147
620766
641575
923415
780504
26120
595645
695055
80631
155630
455290
717033
123103
629093
737380
871370
371995
369091
127700
450544
300545
352555
681332
122355
96964
480233
409036
169370
695671
583793
544641
143146
275640
929578
675505
168664
707870
378318
996369
255577
709794
806311
819672
123970
455248
927284
794466
829803
177538
200953
632487
30889
929417
873021
216598
767130
104344
347151
367122
470056
979059
316668
811425
733957
543343
335732
176586
22276
321635
833477
409690
17398
286313
764113
628174
269607
920461
555172
29896
737717
356829
88389
324693
712818
942750
824311
760123
853680
461742
671219
791609
598603
519391
106443
454940
29291
415910
243653
704188
24683
626134
499457
459033
451823
530055
195143
771161
20490
322718
645811
677568
366315
37490
401522
191069
665774
192863
555846
671435
403661
284618
277752
375698
99143
399624
22499
995176
586348
124839
613516
231990
989661
411518
920960
543246
294352
401473
515539
480783
386539
262936
715772
551885
848804
854552
90841
516379
21485
775954
189328
335808
86389
922729
800502
354789
704278
712308
107909
829428
330497
211424
962254
143072
675244
901605
258429
913511
381441
296382
292504
311062
565679
123051
605986
562849
498501
886755
687434
800955
238922
430477
624473
937309
555461
316248
811796
301108
824935
325175
955611
198831
800299
360859
439544
916531
723378
814085
897961
694491
429159
345703
575373
189979
217800
582100
584099
25507
563915
428100
520252
565084
734108
823865
938568
242540
423430
355149
899443
947499
157715
23884
530527
531314
564374
868150
904210
376464
368184
766275
559860
95803
795531
776573
163692
283509
233430
894772
759522
445000
689614
684135
439232
599367
666733
370299
2629
324664
345256
896270
784654
241913
865770
199761
576305
68080
230969
179075
70223
80152
312411
261651
634148
786733
736425
699606
918586
78919
281083
935119
780705
923168
456200
760847
37447
755820
506623
734569
311125
833924
740943
241116
416467
654523
390076
906946
829207
704093
183796
814108
399151
501093
57731
761486
261388
476633
730297
759520
714600
527593
44429
52352
66571
376916
985513
78232
656704
90808
42683
739917
986193
307875
783418
523706
605194
901201
936810
631239
451357
851559
526266
121670
939534
435891
158809
235105
405371
208671
631469
758379
122193
432864
757967
9819
662907
929824
48202
284611
820578
498109
361726
139012
235682
430824
295762
125107
630450
131092
798023
812381
950500
747081
434144
775626
995452
193450
968568
700935
236153
961259
601465
471933
917576
39071
472005
558547
494060
421896
214012
306528
159043
410526
145194
189791
366622
238450
54355
610927
877721
143733
593530
546985
578084
700619
505460
977042
356312
391694
298389
635470
991609
221361
178421
497648
464798
262224
602569
756180
36424
209414
573586
480164
197213
12079
366550
154086
198778
110130
821465
261767
688768
13544
323244
495462
53360
778493
419552
756267
876342
534855
915141
942848
271143
81516
630768
549164
127231
187380
320847
548303
654122
112822
34676
883261
81
603278
201727
653901
684161
882757
596798
268784
300634
837721
648899
581213
322288
395142
963336
367363
546029
553894
867806
708992
511868
390790
613329
209153
34521
986946
304228
333303
62738
52328
376812
330634
988487
488211
535773
952660
246164
537785
586055
703023
544748
878748
1730
68957
386698
762486
461738
1914
763207
944568
926436
18017
595388
491863
608081
796296
734168
258112
314489
605098
812789
731458
116090
339994
684778
342547
397666
501273
320461
699709
485700
264150
681734
693456
821066
268431
460915
285258
295268
275079
575587
539694
820878
901153
871062
150978
9716
934687
599916
984378
193696
963604
84181
708172
642342
903435
892727
736715
692104
439918
883551
628367
950385
958767
764918
983002
351484
719781
227098
469256
296010
275060
184471
590432
540013
41038
655378
135244
242354
705582
767755
584990
273203
345898
393037
510310
886182
397321
98417
904244
245635
92354
524041
552395
912746
124793
845970
89594
609416
760098
913872
530492
707176
843061
709576
610102
201261
865075
838296
736958
418662
334861
82728
727150
931036
344654
308892
551289
758930
751021
537923
12880
223662
141649
387995
770225
464334
36212
958762
196569
533807
802631
479898
388770
174348
599720
563464
673512
951106
294613
733310
300741
270822
618317
160253
673975
451406
426054
56175
33838
625378
415561
34452
750347
631740
22992
786064
761902
292372
73908
851331
614015
978529
999371
309637
13688
210369
564188
496099
435886
57615
647255
540902
95636
314149
465281
433507
523579
187850
913297
241694
738594
356921
85729
774549
764864
976840
257986
331668
525541
924543
308747
649030
889493
69029
357053
933964
167353
695761
438121
350201
395658
430344
943086
27297
238840
641906
798760
322207
267305
325927
84896
842267
534884
290663
788403
866739
302498
594169
946474
696187
412712
784628
874337
934752
389106
939841
654193
869505
131501
424509
466701
703786
971417
727799
445164
261838
172124
405197
963322
810473
159420
375715
474088
608729
464713
253395
144456
20070
17251
897823
715866
924891
774110
206884
469968
963715
625697
956866
431865
251712
293975
636129
167472
210590
850004
285012
40072
351805
914801
663847
43805
338018
747510
929258
437657
910340
651836
859211
33245
611002
606516
670390
53667
148044
248315
968308
947634
113063
741793
398196
918932
196790
969917
942415
828977
186707
985478
11989
454042
614286
772754
704074
726450
211322
202376
543210
988983
925532
223412
406496
530398
234006
920900
624935
742469
261080
344298
756095
261108
251450
941134
759576
706270
961066
694038
769457
685726
260776
56494
677719
164617
106637
981766
251320
965781
940195
276494
885331
220545
79221
938803
175338
180902
49290
340167
977424
942694
986292
702456
375493
562055
46927
914249
827564
831035
496840
993959
837716
310226
621157
504770
832869
585153
993461
35914
721376
703113
959724
563047
637564
873153
65784
661085
113860
752116
769814
104192
368468
249010
543720
532863
198513
553297
293208
586676
246121
841360
426555
545894
124767
989533
591782
513800
72534
74148
452331
527967
383293
470068
343137
349006
565098
792464
100344
183479
762560
836138
245037
397992
348983
238496
766958
908556
693207
404502
962058
930284
966002
611776
57763
839328
581219
997555
117639
282091
209986
369381
448000
349646
604393
423946
111751
45734
750643
634108
455389
938147
245615
541538
574005
307441
78027
244308
848333
169999
183265
855874
882756
619517
636724
34131
856083
593096
778719
303252
389208
515855
476247
644811
312676
775694
392919
858897
17365
48892
909390
130021
424557
591080
17735
73479
418120
194731
527063
881465
993263
878997
706517
153699
342155
214125
388486
547713
622798
38712
858312
609410
994746
711490
69310
769996
691278
357088
21420
707154
286956
213928
120960
548802
17430
818017
185293
812296
900499
173501
361790
678884
986964
195535
136285
870955
267783
390282
965426
101103
871044
87140
22453
829271
8429
769105
978699
78357
503777
115914
894921
807828
348941
638118
903761
460579
990341
465344
973181
378351
991030
625970
702137
349015
698553
798103
461299
694147
201260
598100
813222
269612
568943
907084
391413
522580
730865
947540
824620
553349
743800
150437
157166
805202
838176
199573
688110
852082
64880
571637
67887
928554
943077
415207
978364
578570
411533
741540
945918
503180
522309
357288
77286
536455
478870
716908
313299
71735
203019
917152
611208
820263
370986
758812
314879
642966
313802
669999
126473
391416
405720
403898
391477
323628
163136
303200
139032
676366
584243
347834
250201
13825
652862
971572
845245
925868
822453
916010
562214
186555
888762
535098
878509
74503
860793
404862
826633
463854
841424
216896
863879
959477
485703
880164
391865
222049
718365
671739
498966
126177
709747
584065
73699
195962
402408
953234
871481
591728
45177
236440
121396
669020
795409
368800
604054
830598
195515
807415
314076
950311
454857
885924
431070
713574
144780
571816
590507
697513
813957
706722
874742
821060
619693
277315
991073
327707
287961
210832
797095
291592
713803
379799
899630
656663
426126
195217
374536
936802
813536
309525
569701
623383
884238
424228
577543
178636
458131
239560
311216
996681
801482
345229
882808
63282
127071
973422
178265
723736
483054
259852
930363
192075
779594
221311
708764
98862
230920
126587
477711
394973
735449
723294
417153
296282
20625
357215
123381
771966
954988
554261
58564
892829
573248
994519
601765
867914
462087
984648
15529
327162
783349
54332
229911
980199
479952
160287
714564
97332
641985
882390
564374
395645
554329
730012
527131
420510
186747
651912
864704
473426
470903
935792
174319
1989
837594
594360
765942
530201
392254
90784
916886
133178
846494
759912
895133
407982
620243
675289
163593
840622
528359
240111
996832
477693
374114
887554
264669
449224
247165
537548
810229
541324
347702
102624
381468
531104
125942
705762
141340
691355
516263
800508
886197
244553
882374
145680
197163
172006
614328
219865
865998
775496
626175
343845
201074
146173
160471
774046
472372
51031
283207
523409
441665
529656
845626
904689
666691
37486
936026
598882
4705
593242
401266
118173
311056
568318
800535
803276
872825
286076
641993
920288
428858
205685
914546
439573
490458
283523
722710
96043
557474
3665
954696
774482
504710
895523
911862
409011
318331
672961
962074
343234
112908
55787
796910
410627
870569
342694
266267
500178
9297
5617
96581
400327
209385
405281
386318
399847
66796
778202
500991
729215
796582
740963
504281
933101
601579
172905
388587
200529
374122
123595
225030
917756
236189
270997
911194
221347
832522
423423
592612
223529
727849
886522
267619
178860
149164
766580
726642
209895
696145
272221
624350
179811
352991
895044
743269
20519
405563
686332
196922
529709
427204
768861
683141
173799
767296
771572
217104
975269
778776
200973
948294
760792
407180
113282
523487
645796
545344
139050
759051
359621
411371
371874
809575
761282
249204
831302
955197
21587
70792
854564
532386
690171
854325
352133
89696
776869
989380
502315
512735
561581
432943
411978
496196
6565
333894
887959
203530
222881
669280
147569
77998
307424
344929
893693
426510
199367
320582
448089
825467
987518
420236
531934
844216
635927
778494
443808
78398
466175
97432
906383
601866
521664
881354
105411
724059
872064
490832
631345
17058
511911
663304
484704
69228
448562
470471
251465
858996
522070
437598
991354
597216
973097
895641
923152
962519
832461
385258
615135
419132
6026
254169
970304
434071
338728
754542
428564
687366
207645
763935
153364
937358
701464
678781
730776
346535
913098
474959
16759
5364
302623
833029
478087
217886
372135
430878
299370
999807
392863
982277
528651
710830
684134
956305
562749
666548
683980
604088
221117
308626
977770
804195
8379
219192
602861
85312
834517
302417
470895
780864
135831
588711
127724
752272
763171
663904
833028
686082
210603
141812
361899
685572
808508
439229
135519
818557
91544
378785
634862
509753
416704
994098
473878
823739
319836
293375
384634
497532
321344
622676
548006
941696
80320
266381
121972
743049
487355
98080
565103
174633
428537
689294
807952
175343
94941
322587
949714
967542
620891
702086
258439
766210
933035
597417
364572
446478
388333
480164
129723
822020
415495
409249
76486
106097
599310
734394
293050
720693
727553
943311
752835
376408
164397
388245
566018
473111
328466
137046
847748
70694
99080
278449
600693
492510
70069
439926
137010
163759
524173
353497
971165
912305
107152
712822
401592
686493
120240
407927
350712
66498
800995
136448
946706
998953
315601
550310
787458
895408
897077
501265
336879
174293
310733
770375
849150
660944
976444
459119
345528
224445
665537
269151
422290
335132
627282
37138
382659
534324
981008
30958
176768
366905
731416
565254
444365
312593
392568
351857
531657
821497
543155
136392
770943
725918
641716
8975
841706
217500
773970
306705
380952
843890
662983
424859
350145
833457
424056
343725
352460
898929
575266
31566
249986
88662
115963
106175
656428
44081
986987
607404
987702
469087
936372
242108
976639
94638
222306
427131
380251
753110
741807
741880
139438
309862
409147
356703
794448
362245
107452
695155
639073
103276
794328
694224
254437
637283
267050
582950
759070
418894
113831
742272
528210
338952
209269
538214
606434
77834
652644
970242
264256
415460
888699
621167
581386
683151
130226
660577
411406
960313
67130
429294
258570
413400
774179
923162
944355
971914
344995
617585
790025
590100
264375
570044
101523
281215
886645
827956
477577
546163
378623
657767
347932
426890
759736
120808
257349
84187
690959
938113
89003
428523
790313
714945
83771
120321
610923
530481
910011
255862
632215
431703
470950
590269
413625
830104
287933
100974
915989
771167
523344
409505
542082
523737
572072
261850
272193
675681
185136
795479
100312
706459
929673
29905
444709
518435
747636
803993
249929
292059
417920
927875
920498
363084
922573
550090
164081
229149
108966
904678
536752
357375
856238
539859
270515
807418
624112
342668
233250
396511
220102
774410
448048
145524
523495
424926
297077
217608
930555
192346
396406
338229
683883
15596
449103
624541
420315
758388
206427
472969
767246
349624
515119
831137
977253
92233
499794
229448
106549
812923
942412
879186
125797
917008
710015
974431
280590
751926
135296
32530
410992
181499
68825
498336
288915
855489
575995
260595
671345
292146
302828
773358
987151
960245
664320
345860
773475
600054
343850
625150
753191
580266
401785
907036
115705
417861
787793
955601
915245
230769
230388
829955
220662
769579
918006
324174
345409
90375
493991
645623
820159
726240
785034
948745
438275
676417
140490
255743
773736
994634
597214
175557
778086
934408
25291
943245
350590
951343
670447
402134
40857
332053
769160
584485
863573
89176
681781
795539
294753
30421
122811
272731
262877
160476
374110
305290
494665
652076
31063
509844
55740
189035
907957
518942
19207
95920
747788
509183
933438
438929
609013
206475
121712
194392
143456
492161
924981
633154
301844
151861
260058
555905
983246
610754
19524
995626
786968
543206
268081
429327
452045
593835
751141
789022
749735
571035
979248
36744
156198
410479
755404
456325
940075
546768
841574
828942
911151
794765
866043
982524
966234
982842
747687
9824
690839
992827
214544
973227
438115
817916
935702
649990
658979
595340
75010
168864
702170
418612
40979
434514
82372
49181
309063
880166
687947
802396
661062
461409
278004
239688
727838
69915
671903
888430
298811
697015
805812
849122
812885
651752
102562
204098
219500
820173
112506
223808
484806
541188
864881
773968
309465
279260
718282
825090
5231
705211
965007
587791
419175
888850
6181
604485
9886
962274
334159
118736
344098
108054
575093
755377
24424
664854
268404
52975
943754
457933
302293
764518
472649
500929
299595
919482
968983
651221
870897
704017
392285
126101
93597
260094
81183
605611
207305
380706
129616
84981
629791
647925
745813
387998
805416
558328
382458
88437
642847
974394
758398
157885
277556
685265
846589
824184
779451
299164
957408
251954
538677
512714
334906
55386
7736
157925
69492
194349
893774
655117
456973
281575
187053
663024
392805
729769
271573
922598
754727
634950
570587
697750
485295
51157
221022
203972
546312
403549
98078
366492
42421
458
301553
88868
514938
188125
278677
230111
58740
399452
681408
350198
838063
614832
506889
359036
497257
220126
131079
976086
267534
704687
362032
580612
632940
754153
332196
666137
224124
213760
225239
154420
18847
380271
311269
115543
880923
636838
586413
575763
683113
784926
563357
232624
983046
450587
109683
259586
756605
548243
277007
87858
707342
861119
397803
743232
239122
957108
825711
159672
690127
774580
193613
223243
948743
984102
347602
980815
742163
89052
762065
610626
332752
683616
330386
850087
170553
950926
991709
655488
572243
210453
65220
244534
603350
65635
837886
623703
269129
523544
544660
339122
799895
575532
528532
916245
975127
321030
659401
209110
642434
879578
900665
824680
35404
585918
756397
446924
337166
616251
631478
623200
187604
201866
599555
412541
142610
942198
719280
609217
986739
618181
59597
843155
822742
863465
735092
328385
377875
93871
942247
939887
183710
572219
508121
344551
266804
343193
925589
572388
906505
343317
654195
336559
100294
289583
635327
649144
551699
852863
940831
453748
901999
662555
662447
364361
820760
442807
813841
88927
513143
191744
934591
826032
557591
653713
682135
670444
416255
391476
437610
175116
226391
867831
822735
724098
451408
830956
803163
686051
203741
412340
51167
560528
89308
442267
926001
243183
790857
634517
576852
974983
822562
330370
799880
299721
624212
524351
279413
61785
700229
102228
530559
43672
95578
639017
709716
391270
545796
946849
95993
432180
682765
463400
935391
942084
491917
317677
237961
240959
833641
842986
151573
528153
908220
745642
547941
500538
17338
951212
338352
384746
172438
872857
284300
680909
598513
392355
950115
921171
955451
932783
336901
493824
387084
214145
836597
745389
323233
785106
751351
416773
241226
576665
563529
10169
301281
640827
133311
550933
829735
198979
862412
279041
510841
396313
321235
89949
451419
809438
113697
482629
232641
961968
354723
651216
515616
364593
458487
645109
84683
948428
473966
939907
307747
232159
775929
362339
664193
475086
865112
749772
934669
334960
90956
136674
20521
201921
494717
326370
543588
219324
987868
245674
786558
79602
842775
343265
89346
706700
387618
162756
298474
962104
500285
898905
94393
912652
337438
310976
308987
241632
483754
582681
814255
344318
471127
751075
276904
772730
152021
716213
778184
175207
402983
660179
547252
712822
979345
949790
795368
186451
789358
35543
881642
726691
632511
692118
616352
6777
515077
397884
906322
640598
243128
798369
676443
766388
842542
638764
494210
385734
739740
261874
68278
772326
257974
580706
542054
178571
241076
355524
73583
873138
419452
204812
463809
70649
932205
959365
150257
587638
860034
785269
638896
104553
208765
982806
213030
402625
594703
101178
855328
62405
167949
882826
753050
331546
275506
536994
826382
72647
956358
487205
265502
633737
892120
764676
857739
602556
221548
546808
845147
85680
221349
464192
90021
143392
127938
982904
466068
637377
686267
95023
848112
355852
516239
140456
166847
905991
293054
954374
366024
642716
809860
143623
593538
233397
943579
920620
305279
366056
535614
631750
663135
589295
356946
36320
384268
826155
155277
558094
314177
105999
139978
323074
622775
877933
942322
69927
749624
276014
364324
327559
587651
325277
687220
787033
825022
16087
432498
212056
226521
752389
431546
305744
488548
397997
979058
279272
147232
204968
742219
250216
847837
335364
146944
685952
828342
591705
898534
515211
831779
378012
189850
242599
110200
95727
479401
74376
467565
537996
582952
636174
409647
922026
565669
263364
761876
29685
525339
543496
447193
812974
792685
259975
319623
32074
373105
611745
931956
432539
692670
577165
700728
735649
571478
564556
714921
477211
906081
819834
514377
771415
927512
477589
37968
808213
807902
404596
67266
327812
83551
73169
394561
15165
372906
61995
415612
21420
998577
232981
308143
18120
126563
276036
551198
159372
196130
145411
83897
999582
390516
677004
472403
327916
374398
466084
193139
850324
9664
696396
39600
516159
362506
879255
795922
69078
658833
109661
203056
729749
266617
693867
738
710708
173077
833247
510730
830705
245435
815391
840199
643801
819163
772416
88992
571952
734594
160043
193809
532242
659334
334349
721759
115847
382219
628024
336711
973925
837245
602470
968113
655338
992777
222280
196411
223277
356061
910209
348166
738644
440401
928725
618483
546240
101095
1522
848628
197154
997714
511917
54977
899518
656097
147751
42733
935115
108773
144888
825067
66702
894807
344600
955908
32613
919306
957986
563544
485
480354
617758
773867
837442
929900
942234
329424
602017
965154
873107
866598
410834
579098
311781
848883
452172
953517
821215
856066
324227
173291
425086
813173
920200
581449
332069
674576
344085
54176
55270
1875
389916
864525
846600
129536
765456
945016
710640
297165
144528
839353
456770
706435
961777
848387
372273
953505
451737
226844
292279
780998
154610
946095
981640
745543
553800
569008
599776
476582
828891
468223
335763
964486
488118
823185
621328
544256
383744
967116
706133
366321
277308
79061
808003
942740
760157
7971
19728
319768
743817
197104
3794
389265
3338
190888
861119
56640
616663
701116
622479
575988
13836
810873
131926
174637
793409
298398
120102
183072
838026
1548
427261
841731
841680
543512
920648
483970
581884
426111
83833
144098
649015
263975
858038
892682
291169
219033
976603
289617
181048
351994
69844
120142
751823
772283
352417
941392
24725
427220
380187
892631
505548
79547
899748
749119
954185
404872
909162
711105
870503
70598
519493
211039
380253
998126
125388
309633
227593
492024
176714
386365
308160
237142
227384
456125
500155
12881
552072
502250
216932
895087
25528
903875
802053
767729
938979
432272
920634
753169
764502
570417
549383
492341
910210
33225
673398
809289
670505
759284
228748
550754
991605
520681
403982
645241
64684
608903
926332
966509
663741
101996
760067
236523
894181
728486
711031
328454
758212
410949
279096
533037
75915
597759
69227
750648
767107
528186
531597
495325
794421
628373
426148
142885
369726
701236
506681
490701
915234
944491
214751
460271
221951
762045
369975
77384
813312
509504
593965
393591
186599
369321
819390
744410
931174
844801
905246
690873
384722
715239
484778
254522
855824
975065
350350
585502
380062
981228
304899
87206
727981
462407
799299
376461
306967
753607
458810
185269
225570
739717
33485
296031
699668
118952
50442
780534
405749
535193
300805
809990
513429
197246
66608
725421
669496
413061
584273
578751
332282
227084
174182
680655
52407
549450
313432
838283
583932
884005
66215
239850
190350
506376
589573
643248
39617
370770
681634
620776
735167
237452
70196
596485
950403
246586
505211
286301
863176
624195
754218
610848
803763
315238
824855
443232
976392
641943
637658
85263
32375
46428
975774
382261
733635
832230
294369
221930
80249
702127
232811
70574
420001
246681
72935
701223
259660
592505
306837
37238
389752
293278
746292
851378
12190
974517
220959
764112
146911
260439
120057
140362
622825
291645
196659
664397
616206
422160
256725
394045
235201
518280
606041
767100
699453
3322
552961
612298
636560
618040
646759
869583
653859
524607
755711
142848
363831
73758
980817
485004
738693
559316
408575
345536
780860
881337
220044
939707
983651
813840
569322
632619
145978
951927
555454
23144
889681
513542
102133
814058
110362
662437
626158
580722
512535
854465
658581
225994
815458
70680
514833
905152
352871
333710
919287
866923
111240
29899
979781
696327
825916
404869
849266
767374
57859
902787
521254
876102
451197
657913
541573
222755
177174
286380
109586
36354
979090
934732
911201
321866
412851
909684
857591
843230
719238
308792
375029
669532
530783
565138
423191
28898
48549
913190
318195
237281
36743
917714
108570
596250
481030
116190
798350
72607
645566
284725
528978
820908
504970
114288
823173
945075
584028
50454
154232
242780
821006
196532
203275
561736
461205
840653
112775
944831
697325
39541
922937
405920
637842
52746
299374
830581
814197
84885
637344
961813
343857
709626
611914
468954
725234
958244
716752
522032
37812
179697
429074
382313
578199
207928
216483
703149
485716
802476
159177
864641
97363
97152
944234
865962
524046
342740
660498
80968
217451
442305
15036
862093
975350
770314
135013
564227
471386
911179
106156
65449
706600
681219
19504
107507
693647
908330
68672
244247
75523
680493
564627
835583
119370
34385
757444
741007
251377
767103
344184
408835
865486
863414
667520
254190
350555
669057
315326
783904
846001
391051
877829
597625
391832
57999
367017
248025
265148
788743
153038
658727
500432
928021
271854
271229
264106
947553
714182
117582
509249
15518
188025
651877
643214
570471
524402
632873
927071
966718
936878
205717
514647
900912
967563
889229
449745
30769
184584
250583
704962
187176
926364
477902
637465
602744
627218
53905
367743
685532
148472
272594
265388
808869
479016
226019
368597
820391
61887
167745
409813
796255
844501
155157
367683
759683
348975
713785
111514
134517
242886
667666
688074
458010
988239
46191
710774
725418
618265
736639
199812
787473
982151
241504
778535
677387
249215
868291
732143
824478
746069
917527
229032
28506
898413
573010
238377
726382
115506
290140
267938
703942
59141
353335
143853
352285
168193
981722
704404
891683
917643
962020
524710
754796
951415
310993
21194
812788
665422
591791
552503
575623
996275
490490
819757
730464
114435
538563
996993
697492
133367
667559
296046
797915
883545
56949
953108
467111
197111
415096
462220
47300
604306
894332
892901
402581
332668
105044
626644
818699
72107
306131
684101
786919
798798
33563
802593
182914
591603
890118
648942
720870
750440
547277
89926
825568
259631
194365
803243
267928
711651
895518
875535
144437
729419
254133
36916
920518
923785
544102
640184
923431
930346
492414
146603
687717
411362
7572
303850
733534
54007
199228
759681
525908
35910
4011
707656
248011
425268
821815
783879
555990
887077
125538
485968
657820
335620
436796
501691
899868
892119
207131
422053
94429
15733
157949
252213
503578
270401
383162
704715
134347
337076
779013
307176
191916
209755
764555
297585
492616
5116
640374
640174
390100
857406
419029
487047
773784
285576
771018
226765
670327
666802
561980
503690
155262
867106
50099
799826
396322
494284
913530
871728
109759
29082
936492
586993
696523
150050
709720
457085
424512
344182
662590
215036
178123
608767
738979
300559
790545
863579
2836
944007
598581
452570
837745
525501
768069
997300
838051
578899
850819
764287
451499
820987
219020
130398
24602
764549
604871
539215
579861
941606
168362
34782
496866
177252
887583
923290
219234
278430
643086
614576
906060
191178
404203
123686
360285
414688
748032
221477
65804
34411
988356
908391
76857
614893
577514
18365
748444
996989
35380
101573
997286
769610
499778
473513
398604
520669
843740
392434
764381
410841
631573
297099
842967
590925
862421
891385
62132
476902
892523
440074
898740
495355
98462
402775
424035
276908
955780
63983
548983
886493
747441
871281
825183
354880
91552
828911
301343
9885
964845
27623
902268
59338
649405
716882
398874
84891
737388
458881
577677
593944
937947
296355
636583
780720
328588
952438
792448
378051
904137
153620
478456
986257
784124
381439
6781
119029
144583
78534
610362
341280
749019
88215
648063
13580
488520
732242
281023
257227
295011
902205
398971
910493
488942
275427
308263
73323
441669
689581
390611
671274
814187
301666
581498
297781
159003
175931
682295
428171
632273
682943
426326
386514
44573
824494
363093
148346
538711
806679
198800
883101
548425
143209
203160
498255
114175
472276
953087
61628
205634
441040
450905
785988
127490
102434
190366
264858
660632
365175
251473
490361
916094
921866
716645
762203
3742
759145
372117
202922
511819
212035
68881
60073
994311
380519
880171
467005
237741
816069
508684
22794
995772
90072
296662
324365
355701
633598
323419
849140
39975
252277
788466
648372
280875
241827
565310
569179
684013
373000
345008
365039
460399
527933
517542
465342
153733
200520
248260
102636
199871
418755
319052
755058
153728
933009
840193
440102
426881
326755
440349
579021
352294
113274
364112
275582
20669
950369
801724
298618
607711
983333
806591
400728
784469
429634
363174
528977
889779
236880
933030
7546
613071
399446
274676
97613
690854
294754
70959
44819
51786
14931
603481
157777
889311
41822
495191
437779
501393
44229
259751
346943
270571
460459
27268
369800
12133
835269
110686
470875
22452
517809
215574
678627
20140
491765
843580
379477
221465
318835
220341
339401
657183
915621
897615
193169
713606
104370
492273
520025
439287
84701
151386
729932
55636
626841
542957
475304
446728
675682
874656
347508
193134
361501
310257
930557
479827
449423
112317
131045
793609
734179
88052
602289
712120
249772
352757
423234
626286
784306
313121
374949
7952
474967
439489
947204
257606
753960
993282
525089
332630
339411
664086
315423
548020
550034
982310
870171
540530
405607
662998
268475
28140
793928
261521
287209
389524
68995
739870
102041
28080
658316
761998
801034
47015
561292
564572
952053
820449
408290
68881
607356
498243
840990
817972
317771
507802
44936
461168
964693
431872
694056
939600
62696
646016
140427
491341
301224
879825
526229
275050
181054
970305
306025
906428
747390
468003
684929
71527
782044
88986
147574
719118
633743
592653
127171
146463
882382
675725
328596
983947
93998
133471
70809
452534
124126
703447
42927
299685
644138
741911
226598
248496
185690
586813
811418
592193
420070
545257
232859
690414
205458
631781
294227
702138
281373
976384
969458
860104
888104
839994
353282
359908
822986
88213
720605
989150
594152
809069
274442
250527
411413
984907
615043
102542
251356
870955
24737
274337
701225
516539
161054
361107
322302
709726
210219
699704
853902
9489
768115
189110
451967
106595
144576
158202
759470
992505
403331
900434
276820
580199
533715
818302
559068
729661
704147
349101
140481
248247
87329
58332
520932
65205
168057
752962
395398
400459
312099
883882
837292
164150
81940
792980
969275
3981
111385
330507
239648
82244
425970
845236
399455
489829
91667
492430
247691
423253
318755
423276
499594
414428
824124
741429
673478
782177
713118
762573
102835
224877
711058
1718
965906
229357
824644
811657
774751
838360
218687
284418
148735
767291
355807
288479
576060
102628
553753
14574
994101
474306
626449
493789
159797
484406
453429
966542
483257
956189
16861
256210
350151
427730
459852
621586
89330
273853
448540
473510
130892
399638
75615
411235
755735
284472
87491
608430
511720
467517
291330
875072
279965
220591
293043
346172
157432
887923
809913
318636
737325
622125
43803
674683
585046
691827
155306
338458
774564
703054
257365
849148
417064
44228
882928
401353
80768
280453
37484
399092
572212
287365
968896
412146
690289
772520
910834
217403
77706
911306
376783
885513
684700
298476
436039
703463
285662
630355
410994
992211
408621
978380
277565
355766
980261
913939
749324
451970
841912
494037
906199
391141
270334
412439
586933
246348
393491
401531
987251
370618
510181
347983
679146
758473
371954
701117
318265
136498
263645
614629
92103
628812
44132
439180
171706
280831
242970
839192
455115
762961
277542
785895
199651
525668
604903
869357
409845
220297
430456
412484
896996
302366
817239
628205
463953
668018
384593
410807
544336
204910
817054
201759
488930
45250
697794
151161
774084
636071
479038
252664
318817
469544
352671
5804
675198
862318
913799
43370
702268
287908
676220
1386
947664
418954
796426
750982
894532
708643
681225
641147
630332
443113
997938
351738
268020
624639
665490
213674
284069
201122
546655
369467
764096
52616
703097
868361
900248
128190
281259
876429
420360
570814
619679
575082
480339
244935
73607
308020
36642
651432
467731
858634
588378
89497
794392
602509
475387
895089
631506
695235
132647
948252
593175
992841
900926
366316
409077
954608
787953
301055
71839
295362
810849
276577
657383
220694
966039
165794
410957
193301
531387
122752
231963
258856
275671
88587
134183
375066
284225
182667
334314
988466
595814
80838
348289
337321
293673
681129
12374
337662
270657
319940
840780
403411
28131
959177
737557
145246
598796
895083
801255
704528
537442
610405
927204
501054
262434
483483
76443
335665
183927
248623
36362
775927
571235
663003
72781
350812
263000
571769
721858
472416
847096
462410
910365
820660
789756
862441
894464
562534
60126
389230
750527
501358
846692
44846
538407
18244
953199
532460
166198
369478
231887
159266
933498
198302
993864
963712
581616
596626
506561
108650
126360
521770
909753
73392
304329
212226
321905
319071
136909
646307
512069
134166
669281
531409
529593
927169
900065
236146
130682
211808
941895
13089
517133
420585
279252
810308
722243
535459
561665
307832
985664
963029
211607
113172
782941
302775
977935
117754
407170
977269
864270
871166
912831
791223
716242
516823
961584
139003
654904
317140
217479
506842
411375
445989
141524
948512
278560
454565
283483
360045
729044
910794
891631
459129
722687
700395
751092
820950
540406
698036
516206
606364
509546
216691
915432
124231
871858
78491
949462
562421
796183
288383
322015
247514
989797
218515
512726
669788
134495
163598
191580
805998
690912
892420
52581
841174
616027
128357
67539
406459
361503
571303
678963
219595
308965
608155
298399
138100
987899
768526
132200
328746
606790
367301
111158
586947
63675
513008
770466
385746
597527
531303
383202
965514
405720
519170
245787
938119
168318
47322
922139
957544
128507
811521
99564
87527
52341
524034
193143
753865
545475
135284
732196
330027
804294
543392
933164
687901
60923
1754
922911
10054
310951
299594
588595
410076
81026
464533
912369
757130
579240
240223
544011
627748
245014
491797
291384
175922
982891
159924
343570
273351
678666
416181
600201
169041
844525
153438
242876
757369
948591
854283
990284
412900
244242
611062
346742
193409
632381
205067
154604
610714
333452
595650
765725
342877
903155
484227
153522
138994
719215
222267
743487
275185
46352
602973
804754
628604
512910
825248
90662
272916
625599
909662
988575
53503
827132
209165
896046
543801
750895
626973
266633
931623
758445
184579
915292
7597
942542
385454
503691
183627
117379
761833
4644
450985
246381
454634
786169
632171
100016
819014
221083
703660
477592
665368
421063
747137
483783
644303
953134
274083
311682
178037
975908
110608
551301
696777
399818
413723
894182
992038
772998
325353
326626
579146
263872
604953
883615
328893
804917
915026
798818
309465
74977
217172
964066
547946
614721
507635
190919
49025
232607
657336
232832
928746
669155
760243
145046
808046
555268
456627
203275
234051
946879
321330
627365
350270
156033
907455
263062
635576
837181
220819
603260
284469
948780
754877
412963
383014
183111
204740
444581
43595
605685
184454
736511
167418
692647
424801
607178
182979
323917
927021
280761
207121
775484
860910
807311
994597
227040
678991
347222
815270
884156
633163
899915
482269
644345
413278
673133
583493
250473
981467
68680
785287
266187
601052
687866
945390
447561
184448
76929
180317
614495
740257
381978
131914
716383
489650
599431
610761
33709
857676
262182
751354
806217
50550
314759
204828
76052
278593
745201
228049
858478
743362
932901
944337
910779
816310
42416
107987
726828
529610
276200
489943
568355
92358
542802
653418
838395
956564
382452
133750
112775
865206
467529
95280
526650
128225
260544
198419
596503
525691
998728
443257
908048
368072
968459
188777
407539
246491
215028
577266
934584
709717
317593
962845
336393
4020
724633
411601
691967
113446
891196
362712
262926
846768
413161
991642
154169
180018
864588
475842
667530
431474
595711
520899
293334
148627
431137
931339
976116
445736
301758
775664
773200
173755
333382
977843
817478
109951
444210
486519
601069
529040
950751
910307
616617
728990
723497
281363
433999
694311
267765
760390
783063
419207
968696
927334
697402
610693
927784
910362
601733
907873
261822
778134
156671
215413
555959
899298
637454
599619
173662
246739
98407
678329
797082
664112
639490
265482
588207
177987
949383
249409
287389
117179
376290
415637
684706
405570
308185
260417
777677
864224
438441
562017
349785
65768
409824
324996
891070
338090
221820
910860
886498
538884
116523
248073
167278
935373
6925
158834
283685
765837
868453
24479
994600
792166
225623
972133
870285
49302
802833
833536
982971
809790
838695
355927
860229
408375
743107
580354
26303
969973
655903
375075
659089
276366
587237
39730
337630
586431
566851
409089
69810
475121
907504
166112
12771
17293
771921
437513
843034
205647
828191
669026
746741
154433
113952
477620
653819
452350
736040
529121
415467
99976
480468
857391
122844
518067
241872
344565
524083
534845
711112
302781
586064
74687
921181
481885
296152
816509
656376
260119
324575
407606
706364
872005
491500
747154
696497
889006
136594
972924
649950
964252
159950
945154
175373
304188
395186
771494
918523
281442
794354
369191
609909
460818
565627
175603
352624
353607
611893
268684
199448
184502
753844
337001
835598
685941
150835
424375
849563
741196
3798
275984
770070
742863
146332
711479
714559
780927
917581
405861
941915
8935
974640
74582
511868
896317
928834
951778
488204
978843
846289
236164
394723
950427
355618
374737
642579
438454
128753
196643
543141
24589
651850
162061
740956
544203
885070
991575
710273
436281
38100
371692
730585
555826
394617
189011
264798
516711
809520
806305
109410
408120
134329
503338
307541
739267
477475
296867
730313
994027
282005
259034
983339
548969
570145
771073
81126
621028
573328
747719
718881
91515
967132
411778
241436
396955
119874
962185
649572
427308
621331
80194
708602
776122
550758
461572
179340
943605
930361
517689
321812
902511
835364
204614
588749
790416
278327
883936
640312
230021
44835
893692
261643
262516
24420
95760
257075
468837
869284
909237
307459
838644
836641
672380
555167
59252
209281
654301
672732
797996
906722
503490
640299
509679
874813
538205
866357
708563
185390
191690
672025
15768
547668
149203
456350
35399
99763
514975
393163
684575
11731
897849
391076
422261
112027
49527
604500
39697
830724
364015
725449
912008
937129
251378
875269
24562
78845
812657
383241
65461
188408
843418
601536
920294
783862
644601
885358
820438
134181
775651
582904
453652
457025
376814
541658
630682
513906
6340
285912
953344
651946
403902
402315
781872
544775
471313
693758
955967
405701
960039
657884
737633
643534
363864
446311
656169
301028
443329
683529
967191
155312
704980
637314
443556
420339
104503
662980
492681
500768
350663
805936
988737
934185
35947
100669
504824
728509
425122
941395
526738
398978
206601
27521
91234
484887
724615
610010
183152
23213
804743
620617
599788
731505
225358
616947
968200
194020
232151
28841
872876
267995
36656
875331
181714
404121
788462
197453
732533
823156
161084
904749
366364
723374
498876
723254
374610
582453
115813
800758
653111
373558
976964
605027
341065
773905
118215
603339
278316
36686
712561
103891
262296
660884
210860
416400
248376
677724
766076
768124
882391
211898
989231
598855
669286
94369
950408
165537
339337
131832
107417
251643
498900
246056
106828
115139
484208
633777
233194
760375
684938
683833
199289
279235
383093
553766
526994
688327
256283
984197
146850
201007
512603
173022
762013
362427
497503
736324
615034
599200
356276
982653
186877
61188
151441
265561
265420
830306
595868
910972
687487
543880
546973
378446
799462
627088
848730
589071
925991
745981
411738
137670
644391
427231
80300
298053
13748
709588
460428
273099
895418
103593
95034
826597
853860
721570
377044
950314
943761
679693
201713
699635
175852
996141
96806
472976
958148
639638
257884
761155
502286
313368
224728
282418
375875
453729
854539
181527
847451
89174
887330
826426
946656
217067
249372
734079
391885
230702
614147
177403
276064
512467
602337
130551
269612
566279
828706
254787
72266
238234
442113
358332
185501
270618
89387
73090
24475
696195
232028
8261
523847
48236
872932
956743
362725
831028
108934
96515
479218
614960
89575
227158
980562
703255
521428
925867
173112
427363
912792
368166
31874
862044
313452
815070
991769
23607
483008
425932
643295
397187
347969
374329
511089
215022
698257
275426
103645
796049
796362
717866
854760
429448
316834
241757
505780
826349
692111
547761
9267
871968
426198
730862
234301
692692
327027
950999
486492
391924
704492
819253
705299
6459
860344
72089
963011
244767
480432
703858
408947
186110
309043
503920
912589
822706
46423
827514
112287
156417
511206
998942
713020
991071
377619
124984
870107
136415
486585
777224
283304
708464
442768
513693
278248
314008
587269
19595
102397
745238
392486
2554
924951
936670
677126
354647
327917
428240
692178
507000
508516
982521
221322
522409
214307
486698
179772
687
411735
190088
475835
585784
906539
161156
366613
175541
762173
224695
322674
85027
970813
268690
941313
293038
10088
749175
391460
106210
373846
677939
575025
408601
427579
418974
239201
659321
743370
289777
221164
839574
609056
235920
169923
199750
101515
226801
735251
389040
757554
680300
879359
747730
277171
41932
109123
963508
771753
548538
629746
484245
651073
762895
91879
520375
866076
912060
846736
839270
78063
536863
640426
851208
802018
543657
705512
454801
938602
138633
359347
841808
125469
947816
494241
714474
305119
560202
142228
482394
55166
599643
319672
45294
881309
270187
734601
239527
642809
80296
980587
554732
601515
620880
608701
380699
450663
151720
916445
554920
166292
829640
417718
670976
162296
930814
434921
520966
812167
240306
706505
89385
857798
55139
409875
569034
779278
560767
469568
946698
500626
340628
723654
75207
879908
44818
792091
735122
483444
491634
417264
927839
818520
73674
207613
112014
826087
841781
643343
364313
408551
47797
41442
908097
241973
475244
633207
501077
945042
986608
396583
404433
179103
335516
233087
371584
571950
644857
755553
5533
883268
79280
578945
795340
57358
117749
642271
887020
410808
473857
697490
447468
643308
580726
407486
774304
771353
732644
314050
560738
609980
773252
661889
614323
284925
18581
374703
843002
800378
470785
609280
349751
287010
747912
287722
10171
617348
212233
839183
636343
327598
700476
123809
786289
667194
677420
721784
857533
405430
551845
701126
161852
546544
795795
730493
490525
781626
35807
788266
486749
60711
388219
716687
130098
161334
116272
236781
425053
270904
417728
675924
18082
696197
412332
97765
606704
996542
583678
591429
614511
688341
93508
581294
232341
997187
567682
392620
640972
285631
626932
266183
353128
293919
487626
573147
280328
34887
136000
439238
78382
896858
441753
323067
370523
308001
795597
485330
297806
683634
398939
24417
858528
586306
298707
675918
93346
501268
195085
141469
844637
116643
140668
762624
930173
807128
338578
187012
875600
347876
632981
693664
628010
733299
178340
795740
846623
485387
738260
782980
792747
932527
139298
264738
678721
701004
99196
377166
511797
277221
654896
997792
787892
383304
513903
251830
490956
99424
161363
149315
420482
922741
68233
556959
595317
353590
249545
622980
261295
402815
609251
776780
745388
336138
625928
465236
167929
399494
271055
501206
273619
404860
510780
321611
495060
167837
493666
157545
58166
5755
83680
960205
352305
84827
268431
970715
378253
119123
66987
245848
889929
904528
620874
905437
609976
273886
914267
69393
659064
674313
598021
716992
122607
363149
9375
833411
99134
523749
762401
8632
606648
993786
870997
104394
26037
981119
286954
375084
12005
914922
42605
76602
709227
841617
602450
699514
805415
656464
821757
770860
179884
159023
901094
760398
917527
386255
192237
397998
265754
592830
708914
614864
273499
922282
81985
534711
458703
648403
847360
727217
799138
947657
544287
355508
33552
32388
557909
423075
702961
799055
357313
743474
397749
958014
286068
177746
735494
253048
859867
932087
150451
68026
261150
184904
541963
175003
849226
9024
628281
386929
553170
228929
855413
703024
759784
938780
563131
464039
357566
196886
637424
304814
395371
280199
419465
329978
993967
906262
784734
559752
961859
877243
141655
73841
797842
849715
22964
700070
569346
894150
559741
185946
949131
442784
559998
446418
67893
920974
960085
43088
264334
737373
993833
412009
183167
776138
138246
183090
301256
928159
271296
455910
22975
29320
996775
790737
393244
650187
732075
960220
670687
674053
249826
608920
819061
409015
699929
589190
522182
817026
461912
998783
954076
177326
810536
561010
475485
17318
703955
186914
933939
501867
167509
882190
638458
623637
467832
243360
310427
422475
174683
608002
676194
142841
812458
956688
165590
626374
850668
952429
14380
827845
195446
322745
114558
363670
521542
672655
164692
673228
1376
284000
102634
984584
368607
320144
129128
597921
35665
331235
579061
587169
25226
691292
92132
765615
192013
34396
307879
932827
569551
223434
701533
15403
130317
458327
167627
489306
583695
787269
349572
121360
95055
741892
488686
951913
834508
898766
882563
225121
24356
907227
710835
439198
451307
173175
139055
529955
961646
103129
136255
929621
854020
519276
434609
469626
380783
479620
825952
980829
597516
624303
937885
811050
520716
259624
453998
936986
102615
204410
291095
648262
228517
911674
109611
826805
765951
644269
803607
298595
443233
242995
78596
749832
296568
279315
740317
183603
85645
939535
832641
395279
708600
971063
319827
609021
972374
310770
692478
578635
633851
462883
547040
147012
276790
725737
446054
244255
132720
998421
808750
976153
74579
671763
620400
311001
472359
347455
303541
593001
638258
980279
272441
656918
307471
356202
973553
47782
946193
461345
119118
141410
520628
916648
93206
676880
936731
483902
352139
961532
197932
717166
414895
786395
158627
781241
189428
542096
930962
278015
870991
696240
318849
603668
444495
171857
518744
371876
989902
19293
723635
211392
601007
345986
379495
640712
55435
39373
508269
377432
218687
479778
169144
203683
389323
79771
902512
987979
50129
68734
684604
237424
807747
830234
263508
635112
618491
494095
783994
305571
571063
935102
515536
746823
837900
884990
447361
793516
222027
660404
10737
301276
921828
814132
174856
162281
759129
879832
321860
725892
691797
902355
984550
235617
688039
833174
89316
662594
394159
544919
714143
825079
859101
812357
375296
74056
460307
775512
293412
802021
760677
350600
552245
355685
271428
379401
702814
865032
461310
629761
303242
37333
199382
132432
422737
912647
235869
285184
714065
975314
821090
254150
4215
938177
529606
115521
335230
864575
545581
211132
784376
725745
64793
496794
803829
786923
35140
548581
336860
590736
884931
971970
825559
674705
8589
659762
583388
889794
583095
391813
801926
719440
14993
73068
877879
596568
487176
181105
128198
278155
636548
474266
664687
929414
486980
312491
355424
63497
737529
100967
316712
564581
817106
446543
26404
786154
631556
323911
793771
194891
858314
144613
375181
658574
217727
788114
277359
380470
412594
348504
173869
699727
120118
87240
153684
952619
916842
902080
140008
589616
693897
755081
127327
278369
317350
271402
31040
995266
135469
104345
712007
504975
671344
359336
720198
402134
594839
182221
385305
796623
946006
740576
28841
253060
21294
221871
233255
968255
39030
396606
623610
869673
8308
696470
428719
633962
586536
2588
368235
153915
347241
853095
310659
505021
344879
150197
78377
996734
745765
29062
237532
943166
881634
145368
644090
935061
468836
230144
960495
943026
643851
627383
374705
449437
617198
952535
684429
9825
748630
330839
960393
489981
461810
225999
202806
14890
1264
758248
537095
912394
83346
792848
179792
697831
857473
808275
80075
370634
892248
97855
617768
944062
332489
624783
357892
430064
478871
212964
218950
333603
165223
408507
136942
935085
866632
937253
94894
846420
808508
32425
440342
905348
942675
678839
464759
571024
297758
886098
101226
475899
760867
832767
702129
204668
64484
238961
851253
757680
704479
41289
267297
67717
467919
936142
722102
155131
472025
945967
301578
363128
99097
290622
76567
161564
815900
443165
684047
311166
285130
864855
541324
307144
736143
943077
610520
708874
153436
903571
327519
485547
747235
732789
646625
820831
968020
723341
24877
355338
10528
61892
839092
791947
594868
941660
119677
806783
675619
285149
463744
807029
97532
80867
550685
103775
286234
415283
448076
175470
933097
487497
838206
177696
478284
944308
983853
225780
600313
275038
523580
721430
984143
961531
958757
690405
308281
74865
559438
575452
671532
973329
672461
997319
341891
195614
523112
991195
880427
589119
165233
606903
373004
248825
846132
919729
610915
254666
391709
4860
522927
703198
351391
886152
643080
997292
737889
488214
903739
330407
892417
133692
953360
167804
287030
153332
914017
211156
639339
66675
479214
205106
340578
381313
720314
700093
195700
221952
576756
42021
541474
289223
847591
858552
500482
527123
627253
829744
739479
498786
838060
980059
836845
957219
270371
290007
573424
60431
518437
439504
931963
353091
59162
971013
3068
368917
660230
682130
810231
492982
142933
554692
116722
890832
417523
439334
52972
782313
961496
258230
31120
291054
7764
27110
568258
516613
765941
263305
680134
635334
547458
946642
915126
941607
967123
610049
31564
460991
796125
547054
284065
91852
188304
598806
377852
958599
259663
66921
238101
323224
640697
817241
423960
218564
550506
256730
698865
419154
82186
848395
456187
723021
290386
825983
307959
937525
434991
293676
395307
286318
348720
281959
637468
974868
689311
817860
943577
60243
113031
789606
849856
45552
376309
929760
954180
831377
418658
89469
697158
645342
327332
370680
595572
556190
716820
319189
335684
56765
359492
859461
187462
152805
733903
215250
914298
253644
223663
819404
810176
510156
737178
804101
342258
568183
39624
751548
966790
165217
161249
773505
802262
530359
650175
888126
195117
644375
495186
945680
307271
662707
791149
873950
973683
844043
170295
181456
673974
482560
85043
708277
807415
663844
887574
906975
130265
868770
334502
743161
322547
655698
560089
199050
823401
956560
191452
428567
752331
2115
441625
382841
226082
641862
640582
784464
953802
141874
567798
503253
183413
739724
991755
324399
810471
616760
570922
277747
994872
271582
775866
751792
730127
888242
42236
142082
933042
573718
283310
266593
367112
489134
640110
425710
360739
572122
120054
59407
656331
579074
206867
136816
767553
120646
56100
832150
165444
602488
497793
128894
9804
430257
942426
321691
187459
865054
398854
517595
920725
589280
801552
125318
449683
507347
926853
476124
80296
809417
444293
636105
326505
707348
517161
49011
655657
677585
458997
119554
943082
844400
954756
379833
566550
992375
427094
197937
604146
945679
21814
19044
404681
966727
609334
656632
371999
493572
343449
390952
885235
851892
571511
661024
779035
447035
703406
108496
564150
679996
926888
337735
720363
571517
246716
599257
744279
647319
300873
72184
92826
187730
26946
381484
929552
419079
585240
580151
461592
639336
762738
438533
373631
913990
509368
523578
680011
535718
791356
595685
432796
874638
574852
64499
42015
971961
356325
530135
374272
265998
247407
832163
526069
173437
916874
474720
525681
360970
563456
708447
373858
322461
635132
538603
205104
721113
818297
59362
982273
581270
254709
949069
962664
37951
996244
723909
668605
815010
492574
1133
665397
421032
932586
545545
109312
11578
751563
81226
140192
531051
647448
591504
769928
560474
222100
281176
940240
895892
235665
571674
29251
510047
740430
866044
763169
726648
19768
747066
803385
984534
336000
688837
500196
443953
613893
479314
335443
818585
845291
437456
797444
627643
640710
247974
507784
685339
397570
702584
651686
967208
236022
659827
64465
260367
44942
971745
483768
785926
347530
810183
851852
99975
758790
792127
162242
420940
550333
393069
347917
690409
676576
451448
516151
903660
510539
118943
564067
742114
2324
726105
844825
137903
60867
493650
858528
619829
813086
972378
599998
333280
163568
12015
537858
765081
440990
179120
32465
398813
525945
134948
244766
208896
211510
187512
476975
492707
599028
589384
475009
77591
285697
515557
862926
567964
708449
227343
604589
176038
49068
520628
782421
442634
775931
749873
223384
862683
589884
593295
455952
807507
371267
292387
932597
957010
72071
798463
831546
729976
225710
703945
885291
805718
634178
981808
525942
2399
727183
751873
868227
82470
732114
328480
266714
625635
24947
359521
580741
322637
834155
701653
48348
191036
562417
748478
127947
464583
483782
589798
556094
455320
387246
219692
507303
394849
146225
862961
681278
715287
20357
93309
508765
886255
226086
639711
194063
49062
625335
375022
888949
454364
870349
277780
172565
210509
241049
707299
654997
248074
752776
905286
209814
350497
291541
9889
445734
697615
660109
900288
369651
951409
352200
849451
825906
43240
172909
45164
238829
126871
685880
342125
435846
938019
461082
481473
958307
359822
296805
69103
814241
782162
78585
355836
698899
121543
300377
431473
706103
395323
89880
488137
451867
638053
300149
256321
731404
669064
449084
452993
899466
908509
868687
910240
159257
63064
837090
964878
655830
327129
967635
690617
508501
775770
900559
120992
835255
644605
131174
460475
886151
723245
824261
705295
570960
34140
37095
103524
536019
497955
353676
204990
636353
379131
913915
358931
999435
568193
297374
170599
984399
360689
844119
620390
969348
683718
434329
310906
674917
414483
568016
37031
162307
818980
611640
359096
736150
269923
242126
15673
505338
864852
417693
269046
198234
627235
605870
677676
88032
545335
221277
495620
859997
155480
201327
981115
730947
179259
339121
306352
724159
405520
407284
769497
817124
427721
983614
822268
639339
753259
183727
864419
353002
856627
434542
743138
687546
178899
282670
150221
303528
885270
697543
167501
352821
390157
134892
84629
167108
762284
381485
779882
388759
910586
314226
567813
124328
77810
397174
736553
152164
53799
8759
183598
430032
691604
454966
894455
893677
414438
28613
95933
106237
952718
374420
146213
914384
161153
165828
144221
563512
248442
28124
817953
218724
400655
751905
447122
191580
271234
338510
824088
383606
76267
2424
532072
584977
541613
480654
344270
745818
311757
510327
741411
181341
99872
568722
795484
525898
204836
221402
432660
547694
192226
60639
252324
797411
217615
133509
318132
870546
798442
892413
989714
126733
432230
22914
657703
362379
726732
246938
416649
698999
907389
789271
126177
429221
546714
618108
284628
563664
387566
925674
866204
828707
564182
289197
747515
178900
683366
698732
239480
955460
592932
18854
511927
875197
744933
303111
88916
909080
910526
745520
227569
792111
437557
229753
124062
5271
935930
974930
381819
848835
258434
236987
713744
939976
513646
363776
701317
875220
630157
872447
66201
922087
887997
401292
976902
277353
397358
868460
699056
66776
685775
15126
99527
758821
671684
293183
266999
853123
450939
253161
739992
182857
886920
474992
670228
687570
326409
749717
155942
475424
212899
568645
764752
290969
385752
314756
389353
919981
78071
615620
539820
379475
173181
599930
531015
107901
285148
923915
910439
969387
595999
535746
525956
399384
724733
259487
62654
859945
524481
198768
668923
899511
613936
773735
748493
792452
830079
925097
248178
311006
306041
208327
131133
761035
878948
962870
137895
868036
426308
844523
666652
9054
113432
116159
499359
513778
310807
49477
123787
545998
192443
59953
179123
748914
677853
699840
317915
618853
620472
627850
619340
502688
145533
517269
522627
296462
534004
631855
675765
696421
687422
698798
137754
628444
693617
508389
793338
627290
379755
685531
874754
487936
822322
179260
160736
955021
966347
419440
711246
115783
250917
537487
357002
767722
348810
954804
917585
721888
227440
245620
811681
169174
419672
467952
660714
382912
141257
988471
693831
696928
452230
101551
646903
593135
432965
119879
384235
635246
676120
951710
304760
876211
831234
355960
986086
115562
493580
795196
460567
232189
830690
373011
966569
881351
25189
853796
291336
732902
713692
500082
71148
713996
310915
597573
729322
122866
833170
946253
854364
362332
222799
272741
330676
644313
616503
416660
392324
949290
302755
675092
259034
536248
436483
294668
779428
374675
469489
714589
103520
747458
683669
404551
171480
654800
399844
298792
932067
688228
230095
281132
643616
401277
111038
218860
801942
694677
625460
350175
462100
464263
257693
778990
170046
372340
481943
191568
538698
234905
490632
88167
373738
846872
865760
4390
890146
983250
698781
872467
614147
876948
72521
154774
698964
943320
867851
153824
133746
607076
172740
606499
260031
426990
467420
814515
940954
294341
507632
728502
201936
743953
684230
868694
814622
38162
135184
766178
473364
50969
613140
8003
87496
238193
711282
771021
378496
498420
487748
755776
343965
980326
936837
519884
877263
619258
754163
9713
723930
409256
265452
795544
561979
467170
847618
620505
286667
695562
929780
874762
697573
603773
822686
575059
492217
842071
837338
450366
13572
927281
97122
745802
887413
856050
496839
47188
58903
53235
354573
122287
364604
917790
977916
444510
511350
83550
145209
448528
628573
906896
50116
733558
792771
977653
741936
391251
228844
162704
282370
1063
693673
251689
419259
669251
925750
87060
864816
991296
519231
288847
869725
911577
142083
882306
718227
332297
784481
523260
646416
461410
192262
639228
898966
392328
445806
247309
466345
118121
483264
775987
461493
322006
791300
770121
851069
543832
239550
819387
442911
27380
202114
685444
807191
388647
531081
750233
294490
286464
949169
342104
519199
278126
484897
909709
261033
488797
282498
875591
690351
559795
872925
478653
158127
872688
418826
601290
627498
342507
192951
759532
372906
262342
509526
611385
917017
765722
138036
382166
242907
237167
344987
7699
460477
935993
254288
957217
796407
377960
522038
101973
707107
965728
643342
201009
19971
958250
292915
920007
499842
725812
906348
111705
565752
465699
803892
302643
701086
170578
599029
370889
721273
905900
268773
930890
43670
198110
762562
568282
571076
581799
936056
291271
750406
635667
962068
75912
882814
330834
28304
733545
574463
841853
280164
793656
933072
904276
160128
746120
914190
526999
83009
409313
667379
938669
96768
643181
313510
727769
653426
752666
708213
976715
252702
385149
567845
947027
261741
613754
54297
961179
435247
69265
214727
960411
892616
103411
335010
82478
230853
904391
320190
206536
76997
507975
970893
958071
733434
278209
284744
126136
709512
395122
681216
152781
80827
526567
730462
123540
188172
464573
182817
344029
478659
579193
728305
486181
473502
500739
182847
741715
8942
510686
669138
377924
808144
601483
678769
143878
76138
220298
821397
454469
996681
927985
857515
77848
715581
284848
714083
399983
155600
45642
386880
67989
403487
677781
861790
112477
392718
699119
866229
898268
940434
629020
628797
208010
732741
15024
812822
118539
646924
683773
640901
217492
715185
106304
844428
958410
745029
810692
115252
432081
483962
983535
115068
159189
494558
105917
671558
456619
475258
864871
757954
146324
662215
288032
302204
418829
964567
797513
17583
981015
740767
43588
218095
937505
676382
151038
387692
722435
833073
203837
38185
246332
910767
896005
660928
94326
474934
678319
962513
376757
769915
769922
316009
643269
734836
597893
702357
59831
664640
138524
215169
926191
457103
59699
737456
127809
647602
737942
565390
344989
348563
892666
959111
173240
533580
721968
110808
216529
409983
74922
477321
723644
142409
9679
347089
935908
855582
656428
143778
571864
843124
978722
994538
858036
133583
691001
288601
449523
440396
720197
814762
642083
615292
680558
867222
94420
605297
953243
977879
685900
59705
859100
452728
859950
931827
955143
429222
677304
280710
262719
624731
310691
987513
715234
888593
611411
923086
190300
265300
675836
591196
239825
849865
650447
815750
894130
57039
214116
251431
842040
392110
989766
45210
486046
354269
163428
753130
567224
768205
117110
382611
473193
451556
755120
505286
350091
185727
381094
185367
238135
881385
9819
910163
322069
330940
647049
176056
581683
538171
292132
419991
359552
213709
828569
181084
954530
772772
45270
490195
539593
274132
984681
865892
627545
992090
246695
356808
967025
851136
355846
908085
799290
592493
219801
864762
315090
511693
947940
634651
452309
72656
869661
293512
404578
139793
349757
101384
690849
716806
271754
707532
126041
315299
984583
629967
133647
209701
406017
70900
611489
914942
564868
881169
961739
460991
320415
130630
503133
832199
530460
183658
543594
168855
351398
454503
398126
432058
927990
805189
368671
915454
854588
959306
948940
191549
748069
146948
220815
459122
362774
645566
695297
732082
998263
574239
556589
646330
829572
659580
987099
762519
421454
818687
300386
24038
448052
988956
712521
299068
537744
215909
777822
162741
228548
313154
34100
302446
211111
404234
89317
125546
545301
970313
771208
775167
485121
121627
919724
763268
890554
962390
605059
347077
50627
41500
853342
847963
91416
190314
377333
625414
54033
230838
475832
398290
560115
842700
180320
192164
13762
475142
225393
920013
911507
552808
149225
74322
715498
184867
630161
159974
913106
973975
683609
513756
756839
910141
875753
176820
121373
704529
602964
537428
97293
957013
388150
768355
271922
811196
812487
584818
213312
253948
28593
370590
736911
731039
452940
982888
918328
747496
425087
846554
719553
464839
332978
365005
549493
585169
508719
737374
368253
97171
880302
140705
329397
372772
370781
478505
109302
8268
292158
285724
951403
139326
680043
191338
678198
936851
223932
172751
781324
526781
783470
480052
253552
203415
503777
216427
290076
892833
59597
307046
279356
16100
680632
685740
245601
733980
500637
524236
379841
952067
180133
850038
808692
98655
217077
451348
913433
491341
70523
921048
693767
515589
306347
292676
16865
730357
319031
755490
42359
488573
311212
719567
315736
586640
609727
744388
579648
836413
153933
637257
491003
36382
163842
230461
83558
148061
17196
176656
25351
163068
812
317413
352249
143116
695939
134442
325324
115123
322436
597713
115034
660957
67161
231661
360142
613046
497188
588602
204164
442291
379066
231270
559405
698498
227567
603021
514926
459317
576717
380505
968075
859578
963243
754479
400528
823138
418640
33845
403086
382337
945224
704713
94376
382098
825483
308990
598135
445347
332380
928855
629993
310970
532635
610125
168421
918145
953262
57332
387016
784878
462432
316596
804878
408701
178280
358843
891589
762752
511841
598111
771282
180160
99376
157954
177068
419337
399347
334816
474595
759783
882321
232261
2891
40307
794209
387506
989748
619124
464083
104903
374485
332841
578055
444191
377846
835251
398720
91826
207761
963575
944892
182595
171915
854548
869531
272469
104111
801524
574774
723866
473307
395404
935874
866629
168673
51274
221071
35612
160950
924967
293375
829564
996388
995701
621114
461496
471543
814607
963462
758413
988297
667524
11733
226122
162482
616050
539011
173032
196415
874878
829351
453624
80096
58435
600975
430446
939983
608023
709486
376400
746814
850392
202445
385385
654519
803320
397826
788319
142861
574236
304582
287630
19316
270803
232207
849884
231474
731222
714515
686325
607448
703750
787244
819205
300727
363208
73600
135351
261379
94036
631424
333494
93072
623129
41021
404963
451660
175159
219649
883913
641361
324478
261324
61087
101011
781467
223626
713424
529571
68609
758697
661354
557423
739715
421826
155155
648797
445001
601768
663281
855724
739756
248749
863213
121942
222678
798093
58229
265210
687080
63701
194206
45648
667705
676908
168499
17014
268218
211765
551747
721742
868581
11556
529112
287873
52560
785120
545562
222909
697676
588592
573988
868027
450725
44515
2393
318820
914098
248249
476563
471771
663395
372367
201853
648344
331324
296760
208435
706292
835403
659334
194581
63396
334313
881273
702683
732942
921349
675082
465247
757940
557244
737546
117884
914977
898
2785
482930
287214
981701
170113
251030
697100
225548
872600
796567
632813
909262
45125
503531
26228
902797
623227
799169
383984
976553
957142
876853
420288
50778
748543
897359
549900
565270
113159
582152
343936
862235
848284
940684
385277
728297
987464
625170
119993
14925
633079
460330
805699
992117
726833
733604
93428
213919
774299
7279
517685
956367
432499
927920
699042
141317
110619
4861
826699
972940
193596
287759
155453
549541
224036
885419
213035
792902
812352
537040
715500
212745
208378
830875
205454
185138
654779
157791
358776
646549
769507
711815
228132
417728
532002
846712
479980
292180
705888
655627
496485
663436
534806
641130
676531
188969
740127
256971
213462
12663
907530
178575
357885
522438
76882
235598
639131
497141
137244
830697
593620
412802
497734
364885
315089
670030
119500
53597
436722
510651
759151
418472
519258
140466
858669
439928
306132
458715
676228
679126
892321
973361
941023
64566
517163
349915
412293
796919
264516
426118
752619
286795
578945
64677
412875
182901
968585
961791
288285
453024
191682
994397
772841
368624
320640
345292
754839
597838
470461
194163
22421
87699
802244
543049
846243
724561
978866
428205
7899
842508
531092
267491
100414
510893
899305
629331
682696
362331
564286
981512
264847
552568
386668
444570
565698
684135
604734
162180
454175
154750
715987
371944
36389
847507
923283
800329
667639
527684
288199
173915
167838
431066
456233
407973
463534
467240
747635
208500
294209
427317
579284
915223
843161
521001
175408
948592
958889
850073
472217
152018
962356
846536
927696
627552
16040
35279
931901
967884
890320
334628
920656
311976
889764
242494
210369
408797
329369
23299
309234
953599
919123
419974
164204
349893
754093
115059
896294
79331
259722
632202
106577
523970
354110
968781
309966
645572
472586
771467
513286
769258
125823
920988
81707
289909
26318
165190
471687
72364
859467
433797
495048
603309
782201
543223
695440
946467
501959
210315
145156
131582
958860
221937
88214
642340
830469
51386
20916
64097
803077
633809
182591
981887
928647
587133
570556
723824
281385
496523
292446
481382
608221
462925
249702
217432
89125
936607
881313
116037
629349
983397
755870
472522
487808
575858
383459
606564
706988
863824
243043
1272
617861
955470
229180
79244
348528
136298
347405
780481
86239
669219
934621
436112
16130
500393
723142
245491
739322
658263
711922
422092
278936
930561
298950
5866
560207
322377
979921
330472
503006
57711
495787
111263
855262
992592
77865
225697
984020
250813
937535
670554
663046
464588
231889
452918
356677
669036
158793
487833
13950
199779
383661
416110
615756
797120
558541
236678
810621
865722
464708
156373
163099
204661
173537
473813
80853
697749
677382
482671
422825
845646
37077
283606
423012
71060
668959
610127
304088
764117
672000
873051
968376
613086
11517
188392
151440
1384
303784
641043
14057
456812
243194
51638
281129
289062
635174
922529
823977
298355
159710
295450
108737
823459
717947
311692
297383
157578
861325
984060
584611
860008
742469
902538
698347
595549
501412
352131
789452
331122
2025
621452
374210
677988
949433
198290
791103
32502
571463
78635
203771
274911
33914
40690
150705
517429
265602
873291
19384
789059
480500
510692
88512
710822
946109
476818
803675
508191
845461
629783
901813
677360
967670
897268
443806
972433
779099
879600
885364
526040
659189
938841
347689
79919
547671
868985
607326
701304
205786
290888
279159
967733
354667
948623
271254
881182
146267
425384
325642
804358
408327
955167
126267
529575
885552
350930
436130
668512
66238
707033
28542
120663
253349
889897
629453
323563
540543
588762
672815
215749
823902
158599
738086
746704
39166
405062
655802
952283
198137
787823
257817
29170
711830
171057
809348
208485
422419
217858
462915
241663
259078
779467
988436
88816
732204
98942
450358
603170
210530
411432
623529
977988
931003
103775
108856
718958
149168
203747
922821
884443
840288
133926
374735
221488
553234
292627
391034
243591
911261
864398
864862
980421
657533
994628
975695
96114
712098
213425
132686
241033
867605
769497
827760
164102
915520
835620
967129
935851
872225
311511
658665
853748
767568
578073
374457
352599
999999
330904
204951
164304
256449
853586
968381
914733
5312
15895
450666
879219
927997
244740
329760
485391
313963
374013
213209
549566
198262
515256
964152
810627
126066
177079
81814
898519
999763
895392
532999
820959
863516
667361
225156
45428
940468
36742
348629
766448
953809
823661
955795
3448
187161
190741
51622
492178
752983
614114
291051
470002
766849
16247
409570
429104
583616
257814
656358
726920
680225
207332
290275
870431
492529
66801
850644
713659
843014
599547
77504
938820
994089
775312
653943
167244
580752
682704
163548
390753
468444
445628
960439
950834
373356
589949
400876
688600
759000
79117
181885
190484
448922
560369
575524
114135
321301
866357
54979
339555
80654
736759
672715
970797
671770
149251
676208
848062
192600
794172
513040
509573
636219
461784
530557
277219
829809
216253
482301
673030
415234
50717
337067
276157
977203
963463
838044
695613
399095
142396
110370
581481
833860
66790
341583
625900
923102
397974
38968
946498
382377
322634
876827
253543
781442
510394
935483
129993
97107
48399
273208
829845
626893
506770
291829
62505
131495
988987
527148
734962
546989
616974
300167
218175
112527
490194
447803
629501
842847
657693
748500
984889
172858
30863
793417
396373
805812
487209
788256
707036
152011
964844
664343
761118
807759
907883
607057
571981
427101
988085
181088
526908
290817
286974
789899
414996
182744
155915
3135
965658
754253
955333
951861
262673
297168
214890
766359
588603
657257
118887
954000
166440
260482
659243
744844
694619
709258
864366
969320
987819
107767
377833
979077
181686
148183
590800
804563
648650
930766
461573
991202
610761
327577
33041
218672
52293
273944
209226
532485
991216
889185
728776
182528
782178
676069
313060
432271
935558
828256
853021
376668
342787
666088
571435
229733
278523
674100
156032
329381
992430
187125
323335
867006
753508
589360
879344
144569
164863
535785
853237
726171
848719
940380
261710
537622
169310
35103
934748
154316
943878
259112
226287
861404
273220
6093
55434
947586
17213
782619
412936
605531
982656
113160
95656
898726
671084
662017
212131
935837
711732
917213
141090
442049
154619
563998
443080
960801
791851
378467
35941
321260
250496
875633
115518
526443
696974
943798
816752
735172
328165
552077
802804
588432
42647
487799
543807
235330
82479
205267
627150
671358
745456
985717
23660
328103
689983
49178
332062
946061
585860
560526
713060
293823
112443
608054
703275
959320
528369
960678
15080
633996
761523
650015
759767
383556
540853
553529
34406
132008
271383
220238
174707
333146
251562
970948
371469
96259
671357
356954
713100
48052
209698
656515
696652
993811
395777
537020
489849
305127
50106
677883
278967
775968
130866
921930
632736
444251
893916
864012
328330
286119
169133
634150
993023
811759
786888
46487
11829
40127
438789
437817
227704
290961
387181
957135
715932
454405
854776
553411
407233
619786
736666
607909
39576
68749
614371
916327
666996
429119
419673
264049
437746
659830
770936
754147
235052
686864
880616
317693
656211
582949
396015
968336
173832
429732
64200
847941
349188
246195
824234
828658
697909
246514
279045
4600
536730
148784
792470
970482
39190
551988
795285
534280
909168
484432
993657
535919
216559
3315
879666
299924
944905
97805
834377
682999
753683
670267
503873
580902
378100
719853
496552
162506
487278
716053
639417
235132
638962
27481
949486
963435
948384
351675
835889
980196
754363
660873
948916
125813
563439
310014
673280
777
129806
770976
267920
706764
385437
553474
238376
601225
465021
34306
520071
53765
634360
535637
123273
457260
906735
641210
415080
764150
890981
294026
925912
640102
985569
34661
576977
244389
577047
843719
566848
309906
457717
269452
842082
594141
32104
649640
195926
272576
686683
868252
825569
825213
600675
996378
97586
713568
425417
399353
737920
421847
802629
346835
405700
30973
29157
130382
150658
109422
747199
479066
796483
963711
383242
705905
986719
24256
265504
168781
718664
294018
363287
822139
5489
798905
840768
851610
431999
613465
485307
362244
43949
594864
528786
259346
271935
399061
899373
637322
328575
409177
710752
811746
692050
227616
81906
994612
308149
866292
456926
156628
258456
237644
362054
233286
251471
140676
813677
724835
537600
109161
389676
985887
197232
289316
276536
801624
681491
869986
94861
674210
221596
765573
695285
441620
832035
540988
192054
302098
539087
896092
211565
401700
52136
417066
617837
783787
710960
698883
691241
41264
287023
652614
36986
695521
451783
343787
642536
517540
848599
875416
824634
602615
730805
307122
519544
464271
288957
272434
588664
843781
968899
799004
118337
752711
469396
444123
467183
970869
543671
915568
681822
139775
423457
225491
510639
577652
688373
34360
363029
593652
258253
179522
519689
693683
175565
119887
367355
483724
547212
9128
305866
233738
406365
258328
268486
132598
432791
615258
911650
517491
360698
479204
307680
393506
53175
214377
955648
201670
201132
731013
107726
85362
77800
254049
550954
13188
816991
180425
668120
731702
623876
243123
797982
456098
288362
699646
852440
744374
287125
265616
925435
187857
310219
148491
675225
5883
993636
447806
362366
770998
551102
274687
131304
65933
572456
935564
620502
92243
983485
528594
804267
320244
90925
909521
701386
92371
34377
508324
401572
430583
749652
626031
791619
950968
849849
323424
10575
175294
77573
993778
627819
481852
88771
507193
167675
220001
354466
340043
808715
78893
272042
228546
534982
706367
208409
578433
703963
794802
577303
541148
7495
530778
519245
262735
66927
543189
369920
130953
547484
605440
689395
107154
60999
383181
339402
99794
932354
956962
795370
694941
656761
272780
676711
36803
683339
122455
117398
427177
89178
127742
460112
416446
257098
796475
775718
88932
928859
324597
426831
621352
383557
30218
439337
487411
366657
295759
739449
248175
72539
590914
949423
67750
671251
120030
472374
169807
629441
346289
693238
595873
657036
255242
707510
442406
497508
766231
842629
63378
649664
807420
256898
266871
918800
740831
553105
663112
527090
635860
697840
96311
681535
976829
555616
209272
697059
817105
605762
69765
379822
691362
497285
314919
805642
613192
665772
661959
519418
820447
45284
782663
568150
462210
658845
564902
491872
960526
694242
459000
359232
263626
87874
294544
468627
391592
343831
796997
328537
212795
686429
129243
838321
89300
488722
455697
960236
623419
422251
909168
836512
480601
776173
159208
641631
746279
224381
101721
949118
137568
603277
526569
485994
160338
341126
332790
726557
906958
522065
867348
891796
614171
625502
812646
413709
325950
140597
410532
136027
693125
907969
912350
713111
902700
907262
3908
417008
290528
616151
962190
591636
849867
86481
851515
904498
128535
615932
334332
872041
534613
62591
612683
422502
69368
53859
444487
380009
560660
199836
468680
33303
251154
686872
848253
549150
931729
836359
543418
316338
863059
867440
335025
14197
301996
179353
878860
586893
582464
574767
563596
168521
192630
798001
745946
110305
428101
895304
588607
419085
352443
837753
789966
563493
925828
178046
645032
296659
90089
174806
983585
432783
268937
428439
659001
451623
702176
936070
537948
600795
396798
527182
467009
106624
814736
604773
353831
558616
598228
255805
525227
79877
790310
244235
60487
198143
366720
700062
867346
419708
168272
319554
955711
774581
248962
167206
511145
693799
81365
402711
408768
422888
225092
394617
355782
543839
906970
207633
187354
138973
397262
39047
250742
520062
676793
321592
392602
401750
720063
965761
872051
370930
777327
445991
999110
203106
372185
187739
418376
341932
382671
920237
616949
638761
874768
913962
951450
901043
372801
142370
834001
774405
724642
667083
10093
334638
410921
112937
221223
465689
845185
113630
529879
443532
750479
927127
539639
18210
228282
630333
927808
996717
794094
531317
81364
4197
475102
191931
309834
723964
215398
782429
842735
988267
840091
7472
951354
128124
862397
422498
485857
868843
836814
588062
803288
7041
26459
9906
225613
942254
500043
796292
523
769526
714081
16868
996176
244536
508419
48915
583691
474480
510158
884044
273844
379590
235278
466964
799261
952964
277563
703901
248556
721959
282750
463356
779149
113897
739341
884623
682144
594623
124297
861614
788522
516597
847509
836257
408364
850365
759875
754581
778149
183921
265996
769307
19290
812484
513161
942720
683177
110611
502447
935095
895241
509257
751992
45426
372529
742598
951959
689562
697499
523950
19904
52523
292976
827072
622456
545203
683855
47195
865461
667283
370256
70190
638991
176898
385336
971818
768752
260188
103583
529862
808654
830437
473142
547009
363776
740076
259936
101042
303521
799281
945323
832625
817424
72271
840413
575441
924606
439998
326920
707475
448178
710033
475354
69821
445893
991817
439438
775946
361192
600036
986029
457486
743639
316567
441938
17639
743935
64367
714171
677007
360715
21777
507442
339644
366000
215592
696127
90256
176826
907120
650032
501351
920855
298297
686525
399563
490029
483835
610612
381902
759249
806291
254273
340103
862335
576466
377762
720150
217829
586200
834309
122744
778434
408488
969552
751797
4219
205822
31876
701124
128038
167796
896396
513440
231916
72269
605668
831373
361840
565054
569355
464617
864105
157021
101828
483197
613272
29588
558992
184838
542073
600090
905034
676500
192741
772399
556756
639581
608501
611324
811400
594959
940775
75386
962882
690825
473082
383793
913850
701063
564730
737256
367538
439501
650197
570088
583556
894648
350886
699258
724599
937426
528749
814446
903015
788077
636321
359351
965528
437410
53298
516476
711302
565436
332173
62373
833272
87305
374257
111826
610568
738850
888128
332702
527909
968131
308891
281828
723038
741626
779867
765086
144598
372712
618596
80473
459821
136073
159574
429356
754793
711375
691483
499852
229437
605883
642255
719725
531325
571413
874715
894477
793694
583412
153522
70155
65232
446335
778553
532115
448553
364797
688142
144823
650199
689654
397561
284168
172368
562977
203006
793298
689824
173143
233358
460174
881797
5473
882809
66327
58675
53951
805800
492625
355435
550014
99673
917981
21230
234450
104898
463896
856637
857451
549317
367973
283533
174270
532520
717616
136467
45415
932990
143189
623350
819948
574827
562184
593610
179755
122868
873175
42914
599539
791639
161969
446727
185608
645636
938779
949462
718901
645414
256639
750945
471340
313742
876529
145208
134823
952557
471662
207590
996939
198439
661638
562203
532843
688406
145718
418674
537399
2478
997253
742135
427615
193443
606142
133327
665566
140897
126741
583694
625543
103851
157524
208632
303202
670174
379165
510588
636927
316082
577298
103384
527935
886194
312478
292249
574086
700340
846746
413598
770333
676825
535117
460746
398
526851
909360
114431
433841
693399
953261
330901
202077
298408
32316
722099
776231
546489
523333
450008
68669
669456
971539
852892
414910
24062
235430
978067
228884
502922
599903
422238
434392
592488
597956
379844
106871
940439
318780
314623
629061
310110
546406
518607
19096
836419
346770
207725
178090
944432
225864
660260
834418
887950
821995
674644
157260
840909
2311
892050
345096
595751
658992
98184
772255
732780
319380
899919
89177
820476
215036
261460
33928
355330
746281
567431
439803
207070
479443
374995
507850
609891
510974
945614
924801
977816
934783
12710
272211
560914
210364
643583
866527
961597
949023
590198
680487
29386
897092
908120
513202
987341
474223
784824
956834
633191
105781
895750
250678
184985
829497
130649
928266
761545
546366
664382
597362
682037
966183
804859
691763
442023
945330
103014
528258
807879
966226
228730
731719
791625
48066
867806
779199
461274
466976
41159
607500
258785
841077
894621
441056
590898
584817
650459
469073
310383
290587
172760
636955
239397
636083
637096
318497
673593
85832
899509
745902
68657
743140
140300
922034
804439
2391
423825
438385
469604
211878
607976
58541
40796
673876
237843
938183
741577
2478
275992
884667
573217
317041
995313
705665
768693
272352
675533
831434
49699
80642
629827
810064
371436
936463
577157
740109
764381
687694
506480
408793
433600
82611
777354
543376
25820
594316
948959
653647
739862
692617
639096
888974
165826
808357
929056
728403
788732
564021
861531
566071
675471
125829
527604
794022
853314
387366
891110
212906
263527
303722
856223
123758
726509
619940
384732
618502
141649
834155
583748
598191
967845
334197
596504
129174
4704
217620
262761
204940
494126
641989
672356
120892
111217
943521
4231
364026
890587
847237
154023
982486
460921
442081
793591
749455
249938
558437
227544
34337
250169
579073
454475
633063
651067
183256
512765
737415
953040
757941
846761
807743
734589
735139
908772
991940
20524
267699
774811
862321
843107
362219
690384
883172
928316
344947
372179
450357
710559
470231
438260
135265
434797
899453
911474
124968
901384
413316
658607
477673
974912
574747
218017
922689
980101
203466
821003
356427
508524
333166
224286
965906
738315
543277
931052
429747
164620
379280
950871
792858
464189
102872
342548
896645
750052
657384
690627
925695
603942
57048
47941
155814
261893
993396
764917
573852
333078
164434
516040
129701
334863
604260
183719
41734
830339
695542
796571
777519
984306
775377
619368
654930
885312
926409
877342
622343
499361
122760
42436
271570
43739
999251
454042
522616
947072
293527
273247
17526
709721
64807
711371
229859
928091
213676
603557
602018
196139
313473
638772
337470
193816
816248
587627
299136
350727
236466
563732
801068
124778
622050
769588
836294
754745
568942
760940
245836
112970
533498
552516
568675
764077
151561
732417
566495
369990
575472
217020
545667
406363
577504
994561
794162
137389
443894
325577
50688
242187
405246
567621
522825
1977
627901
694810
895848
282150
954558
592970
702304
867090
807488
984724
283130
725161
619286
964169
537696
976118
311539
8288
738375
58967
787586
869405
694010
306710
140024
335498
140413
326714
489792
819636
760624
444047
861737
90107
956925
359122
940260
626704
706015
146836
355185
367974
630181
599201
781109
276870
652043
559553
299997
781066
569768
831203
863435
639864
654461
479060
233464
925881
426273
931582
951581
218783
16437
149902
11729
584619
107306
565649
397255
714688
436616
699617
221581
55977
736057
37808
603079
163560
975263
32434
390244
555261
750218
381893
767812
874065
232515
710260
651445
40908
287241
90448
734393
28824
231916
404484
103031
189419
261619
969374
161783
445164
845619
674770
21251
908097
286445
85595
941015
316781
286778
896611
711585
101793
145705
330055
353857
41324
48808
939397
726783
993288
222037
260035
83923
222996
707341
55414
328219
769439
591749
442325
149318
293799
445172
253103
385061
340707
392462
97036
931530
859270
816612
254625
597879
723924
501812
906518
513506
461133
203117
2320
59604
394287
887539
847212
596838
565817
220675
274484
446022
471942
420645
954162
307517
255965
373921
596872
305262
927577
368741
580265
456522
415217
179956
289378
111585
373457
519688
30663
705190
186910
60690
812684
875263
694786
614865
811211
483250
525638
845515
408111
664483
620495
111351
641847
361515
997946
274706
140681
700245
47253
40110
372990
182073
507
413418
935511
273647
603699
686257
27547
324303
616943
483400
962274
350787
412675
949047
10740
522505
498687
561681
22770
125552
248580
537775
659307
631221
716895
314595
597771
541757
306877
179185
42490
974487
785349
547171
383749
561414
704610
861617
616977
135148
963051
434775
939311
123855
847192
133019
15284
882415
217878
387928
103264
536094
350763
461749
856945
792300
487082
214150
571923
453304
77748
253977
388101
576418
873909
375821
960190
638310
936881
200856
152320
860911
930055
294571
8865
250087
77496
271221
180521
76886
641801
675558
272265
412806
688309
655959
643436
148260
819025
755362
424915
965772
619064
190706
289261
759748
133897
208274
747396
62229
573594
284083
520138
591382
258505
417899
14136
380169
421054
424861
405256
760003
168915
225427
193343
808395
234103
132531
977237
382338
327390
275545
993906
731604
988942
9124
595322
159977
538147
642278
390722
999260
54105
909201
516443
332964
225546
924871
412217
878943
326610
926165
423550
384707
883869
225096
90356
89589
40308
190076
365194
749794
427755
164760
367547
689477
583283
229642
420619
39541
300299
910053
626049
605952
556013
167742
161957
230378
780810
274919
335713
902506
175322
781231
549967
562400
575641
981944
639245
223312
798582
114144
813117
159031
367859
87484
392376
352845
997104
154181
907700
907312
685480
91516
660628
493035
876552
1267
382732
310986
168749
566645
712952
153373
623206
945337
657356
880197
813323
474218
289854
808568
904003
736785
802643
618027
394135
861987
364540
259632
692701
146010
768630
877856
280381
701373
778690
333951
326484
258552
973454
551073
489296
973588
692926
79122
531431
425659
416738
776540
695983
979218
226086
132382
85676
74986
657995
669892
490676
186500
153882
792514
351481
19354
780691
732231
100259
887719
585477
83585
639131
823725
760237
320775
255316
838845
146472
539676
176921
546195
186345
527784
323396
656063
319680
292360
300906
377057
287176
533598
257737
238982
970855
706250
327684
890888
312872
215890
329664
192649
735986
200359
740190
701840
245470
640799
114836
40391
533644
125458
75258
102332
570265
285863
881288
141562
396015
920859
824756
983716
834679
183779
357087
506459
260528
542022
584183
116890
572101
982905
242978
303199
315856
539717
249159
500206
678361
184391
12352
299562
201583
353712
925829
393610
566014
507699
569685
905190
528117
805243
938311
566169
835893
819952
957192
801396
387571
56093
857065
369319
216101
496013
76537
723279
741876
845448
119382
386815
342948
527031
794405
223928
217513
685875
696421
516315
905231
665616
264404
429981
941903
998274
752603
363624
383380
754155
887448
433019
668782
631532
498258
517112
382979
941844
385156
525301
484851
290856
361776
115112
950376
500628
24868
886483
354547
190532
307738
861446
564894
23810
848270
544548
626011
522934
919181
491563
285568
772150
678292
151985
372710
786656
720096
297681
776848
741975
221794
754900
466785
782479
140520
373664
271878
893999
43644
783121
790934
18019
559892
602313
525441
132592
893305
307406
84571
966980
856208
133478
708680
218749
598995
4127
682263
1964
431965
102588
208029
224532
429839
144933
867506
368131
101727
461980
878995
520968
710074
921337
467507
45347
828869
252081
777461
844570
40312
155690
889099
396236
935225
121610
893558
959695
223654
727809
936088
739285
172182
309156
812083
52481
820135
116726
823246
557414
885901
430180
71540
581764
749240
727137
174927
292207
438451
332036
827386
128290
93515
521190
520983
588894
298348
389931
505806
381794
656490
134955
890851
551830
512944
970755
268755
675307
306841
942183
181504
109004
284046
197797
447460
517538
971542
715098
896354
894250
20919
426341
835839
209562
216574
760410
490341
511979
550040
867579
159092
621559
624393
202882
240495
899180
184381
347890
85964
939693
540099
516783
570756
406062
840100
831408
54353
686124
293993
347022
927024
401781
731441
194622
965922
859692
316071
338508
436248
32595
200430
848286
993904
28451
396218
260427
347333
574646
696901
271024
492951
983949
754300
410996
592004
569603
290317
883308
836564
108297
491842
399800
149779
108413
950017
726451
240784
621212
247540
104279
937720
60679
476180
745065
349822
385234
526202
415623
92517
395863
176769
76212
635985
380852
298475
770620
500555
960851
985382
201478
425896
213764
538719
26043
543759
513159
152112
101034
103014
212179
76518
993158
582380
952002
113830
354010
705035
172933
523607
342228
966061
459504
793470
157962
653477
602621
266582
274401
617120
574894
795623
456542
973304
846373
483958
955176
474465
229636
98373
325169
948043
254113
329020
138213
961747
214880
726329
58008
651566
386720
240182
684263
493203
751426
492721
184771
436527
883270
553621
359141
168805
962543
188937
460741
639584
500732
609649
389829
764802
868031
925837
785771
350874
577034
631996
409487
161558
685303
637173
478243
826360
696847
665116
54110
231019
478570
712833
844168
274937
923599
28456
257809
712347
463675
91457
546144
175057
690494
852945
405923
771961
21035
426501
740153
505602
210700
13728
961014
408092
467020
109767
255141
812578
302332
923513
230571
754699
180613
585070
866667
430135
340810
147413
472818
502703
373624
339642
745360
408768
528100
426714
867279
989541
81160
325500
894935
559802
337873
166919
714761
937652
146643
737759
624382
233980
279774
853549
877349
872529
787677
936614
74504
410773
165584
694787
764540
494039
16142
221754
757056
397951
944689
29015
759957
108242
508356
957842
490951
477626
18347
815319
630792
445840
802795
106997
932216
700969
856928
149393
634950
235673
920068
49669
587862
784475
654257
507075
105211
715302
364394
72035
132849
364359
376305
730207
545212
112724
412975
807666
627178
34412
432055
155360
714784
303693
174305
841234
882666
433098
608257
319435
560034
186224
993773
996689
103775
543994
428880
348567
288696
167303
752484
57965
713710
563475
151161
550933
831668
553306
276717
286497
852648
626988
723344
930285
910584
42802
59309
501205
611261
437668
465666
273829
648887
184782
280173
713657
185131
897535
831599
963990
244592
339100
549786
636053
215745
746966
707874
181369
657174
68688
339359
283045
116468
407660
326266
491347
823238
179015
968992
520719
3492
145723
780040
415756
280800
689585
160286
339688
579698
846361
79101
392469
17349
126215
609233
157428
188491
920271
421197
313960
410581
666080
343639
70504
243790
857108
841991
682174
358357
165618
993084
515540
7420
166115
83926
11183
732336
416419
374741
280588
111968
654890
131515
370504
342261
773306
161161
18259
142466
382372
72858
139433
379306
528843
630846
360605
839836
199447
666919
21897
238306
662924
932059
400782
828838
867492
868624
116215
822480
394217
363889
48562
605506
395329
259479
277431
92065
875816
822180
871277
41582
346416
144138
748112
469239
227816
663838
886717
757766
698642
743576
990164
422349
657512
947754
365867
536060
181859
878063
303437
964789
832681
476907
152870
699556
120237
662540
88972
997789
531723
502870
839122
220758
628031
979035
856985
876672
723964
580551
448023
907942
282168
188786
246869
603685
506472
642979
785876
548125
589042
131059
681998
241283
90738
333491
759515
417063
306080
229445
536269
168563
513306
339531
318267
506427
977235
211095
484878
180408
570487
69444
542536
414702
52606
232306
811154
859183
862626
660447
564029
798623
531592
244107
133016
165036
297523
472487
936637
634244
658735
555197
597430
574648
351006
966757
346898
763114
181955
990153
205214
847863
621964
238094
402835
576870
27649
900052
659387
557406
621338
742588
959815
292645
52768
204116
635769
480578
948201
211220
258201
107829
860644
676475
462236
743164
871365
957145
167159
523141
852887
743652
156627
921570
351716
789703
22475
17465
250151
214599
148819
800141
562316
146455
196342
198492
57825
48648
387375
564411
194255
143423
962240
616841
535068
40813
76311
892862
951162
242517
120010
113982
995064
959289
294180
418897
19342
364524
101032
486911
343485
17777
556633
573081
760528
431787
88547
862228
531934
468194
489786
893617
439309
786283
863270
384439
856570
754023
920239
307446
778032
381051
531817
310239
570606
207790
407943
508040
264892
158869
603624
798730
921216
724511
854461
531961
325506
258866
81145
558827
224566
609545
639945
550079
788837
316187
783586
616455
896669
917463
21418
468963
34293
91929
94311
500237
554137
96824
173594
816381
791497
45154
664342
712195
134940
260873
498555
869769
40576
198555
368668
811796
818533
868928
440322
819644
722503
193904
555873
19152
295598
64564
450666
816013
216742
631985
271197
821628
270360
347350
537388
515943
515581
957935
127490
262685
441780
96905
810664
35451
837120
505926
782448
35885
502074
825689
465294
224146
153470
741691
720262
331393
792823
70928
800256
278473
402080
665370
276945
148024
644857
523600
611551
840554
197105
286754
259934
864124
938697
377421
1765
873533
596545
296204
224655
860667
648174
40882
664786
411458
814989
304545
560919
980208
667852
764742
279832
459362
271874
199685
645619
539822
403361
787677
855109
587088
936192
997422
493326
174497
531158
780789
159427
577131
568465
241308
487871
120532
120863
996291
738372
24533
27229
713281
286919
372596
995907
908315
976867
352846
996518
727912
215928
684127
830926
505374
112622
924694
320033
599218
390288
860163
90531
98372
318528
754400
666192
346959
43367
945312
269362
855574
701919
797862
309951
106899
971036
628597
483965
476821
573517
784462
94335
16243
852615
219866
956206
51810
287778
392482
202773
254793
447520
277279
872854
738760
786358
273798
783584
176869
897735
936968
214317
685379
675410
103504
30288
533107
418785
370969
432571
732667
339980
989396
487923
215892
427712
926844
998397
767345
841570
107631
469310
206246
620620
25009
337287
325264
224644
489889
46668
649025
198700
473927
120801
160793
213683
156045
828882
326320
145836
878923
870191
269055
850016
78184
815791
826026
541938
540660
298112
661846
886477
836862
881585
949819
698961
214180
603572
342766
396095
623421
717784
611530
835995
704622
310420
201936
266644
123729
658804
194986
982087
538823
98964
392473
909402
788810
84126
601684
741670
417558
59257
339374
956141
319121
245522
353805
128642
388774
145785
172039
578939
868795
806447
821946
543237
996062
699328
120333
374715
55092
175529
210008
590515
776176
424968
198614
191300
274720
124894
647418
397674
703296
856131
532940
398759
623586
94732
583423
648656
465241
270128
779740
263495
153446
808180
256881
993980
294205
959424
232744
994691
192363
887278
28868
330011
720382
132724
254357
712540
139661
707389
577997
735398
95218
450991
172917
485849
441093
864720
857052
523179
542873
341577
625753
471942
812443
62306
129631
481224
365050
942492
211313
44283
758238
768814
150177
845897
807715
960411
803944
145787
772925
987213
12345
292507
620570
270957
485144
135786
714391
622414
8940
265365
15922
555951
126473
771279
685699
740336
555107
41766
876936
931665
761617
102648
629496
763991
99086
798199
460438
826647
335714
22276
949451
249576
910049
963209
279753
539939
753215
773640
200901
555871
724389
753995
700097
508259
652588
652030
404808
512584
176750
874281
310778
977830
930055
417987
381135
710792
603071
140401
451748
5686
367370
428496
364221
882
81725
44308
834348
471989
917470
320983
76626
711397
410488
446973
24181
819560
663966
244851
800018
101914
457083
899528
950687
563091
347822
517987
504818
243977
834203
487357
145262
315698
960351
997224
722995
539897
879677
255999
866431
920979
639822
983386
880149
474663
267141
934461
783279
184090
153572
547435
79555
735983
421975
830516
812247
137955
689999
625385
915146
388696
169753
280861
883172
561280
465987
90913
968592
858955
279998
928332
890595
973321
40553
125515
378072
265606
868920
75100
67125
698308
690723
963092
894933
170585
830334
493492
239727
59717
753210
798305
612930
107324
460399
747590
630986
568638
875682
543290
284466
388988
137038
839335
149528
950882
62323
455658
815214
627477
812
840592
920916
393995
16468
120411
139866
906642
573832
334687
320231
146209
167022
470003
333794
970464
57338
376333
257321
223107
679581
616289
219264
869923
466317
696308
679258
434774
508084
449678
259044
588049
648740
335252
662529
494045
537202
542910
140543
615921
228851
720085
730704
93422
165194
452023
420005
123679
543751
292236
149566
31979
491419
283858
593161
66252
371902
151513
80655
171608
348964
739537
100619
72830
341110
272079
96182
704281
52632
309441
79140
772917
525101
812950
456137
756907
19469
955936
355271
702080
197519
887503
278077
443716
526186
968128
664555
254641
3462
745109
534157
286880
339211
842093
306228
892755
162602
611169
878195
508464
928879
197887
945194
110462
164640
757878
103577
773805
149645
32819
593286
191671
92211
320216
34677
991985
632941
89826
948850
406417
306778
663221
350605
909111
932217
827889
389545
198082
82781
845290
29064
413406
135230
538473
85737
77377
992895
950321
908322
96299
97471
921271
989541
760509
855031
991998
595502
599541
599296
446658
454956
624870
60496
327663
197126
579622
847866
49394
353422
683908
73996
382652
445478
794327
747058
979499
357901
407388
186146
272857
79935
658169
684575
453073
693791
755384
68232
289464
725008
571073
865414
373456
567145
365051
162444
47421
492267
371812
582757
762473
144270
494083
547131
435029
609665
251396
573805
18205
656357
819547
307577
796913
519220
900436
402959
80540
726121
514596
414789
319441
845549
580975
647324
585077
208243
463469
204798
815318
589177
470443
199549
515261
533814
718051
746578
49722
530621
463233
127777
619726
943725
704419
21589
801493
578144
813482
920927
705110
612993
358716
664540
530957
99567
355780
798983
208617
936601
445603
431625
149495
879368
836817
765337
687527
41293
749712
56311
9341
297125
113263
611539
147058
523030
637603
221463
728565
801561
904860
696364
673367
760299
741366
53803
499808
256147
726509
319496
355351
438546
297113
284819
126513
770026
217846
637769
398740
313065
105739
495382
384863
165113
165449
706327
358886
789274
913389
13646
976840
939115
269089
912403
443891
553750
332319
167951
537434
714251
897899
982708
132676
550407
444825
404438
975405
597523
359511
613184
396147
376690
798807
239523
105277
278524
559191
537305
432153
119495
200910
923267
73345
843381
517749
37546
937176
187412
471764
674878
614430
241843
882893
141090
687016
422210
427202
296147
4416
378197
268277
183728
108738
268423
881266
568531
479599
200281
966437
40745
370626
891683
207541
841978
237165
698441
914385
892385
186030
420512
608828
731698
995469
599459
586412
229357
364214
771676
112788
923399
846023
53018
446892
358235
409804
945180
503371
684442
773513
666290
44150
911402
570706
589980
146374
628553
626484
451468
620630
995321
24597
552108
285364
8703
768761
103098
432827
647409
607393
482749
967098
555985
823235
778663
930424
667244
310532
911884
397947
228711
463948
881075
447494
529099
389478
827550
934052
687558
103726
851501
126629
946605
665558
267054
320641
511544
520701
797126
771003
863259
533715
418538
605354
768132
230657
766474
675688
162746
323955
581245
172399
401934
173761
39288
183987
35043
308356
654399
13455
851370
507847
197147
880157
178674
281531
491782
435316
871889
668520
439012
972577
817464
47159
234672
424277
553716
955064
429604
351875
915507
688083
471138
540094
397206
352360
634551
970898
294317
197608
98372
916182
336601
94598
544849
485635
766902
54214
113124
612769
685846
224253
259928
925079
289869
559764
907805
64113
584057
546061
264816
943369
507139
236257
663111
851899
37766
1848
724379
826799
544004
731108
494606
90537
707205
79330
854336
397941
69854
14151
438893
432480
874541
897899
514902
159410
390109
97378
161316
457584
498616
915257
29007
519375
672494
478295
813909
868481
341416
463336
571447
272196
353035
638130
479993
441731
843230
275431
771880
255911
483153
711770
516525
704167
354587
814335
406465
515839
897348
857581
858573
136738
498412
964360
274973
508228
926197
127360
400551
414907
381749
661718
705505
997739
107932
567215
464380
980958
443017
72298
948922
827423
937391
227841
681430
960864
270475
759954
220721
633417
409719
317691
262739
339640
185911
368037
762505
986217
871112
399047
826830
946629
433983
873760
379836
734284
976299
138332
652247
457008
808612
204783
384854
665444
756796
695289
58889
855636
416632
104461
397043
535385
922736
794125
525194
524182
46517
189589
658603
115701
78194
204424
809330
373031
887863
688065
503464
591278
246632
100124
7586
286958
446602
776259
749623
202069
351003
81392
488772
873211
725739
931152
968137
283180
317332
640283
900604
922340
364240
466420
278366
943076
405810
410097
175785
642867
650309
286733
754235
638519
772584
167907
141582
304716
264738
954872
667971
466574
466668
673033
593475
518386
686593
846365
878137
665213
735972
333484
595895
232383
545166
918297
329612
234786
401542
295465
753985
18602
936499
476608
809807
553874
69276
882988
395437
934881
40451
75223
459873
752021
105578
678679
112762
151591
527523
841091
747776
889469
831072
418434
460519
957553
510434
964040
626726
11246
842795
114614
380827
635454
441155
899093
468972
620908
670813
19904
422153
714977
521188
355753
537374
738044
91418
858925
571201
128108
989928
552066
122675
815111
125175
199701
720653
67557
152991
125466
902807
389117
421685
123693
521937
125865
421825
702919
230790
366318
491587
810346
741578
156288
496283
119427
796946
422250
929199
596923
837002
513358
719984
927946
322274
489289
545943
164727
123569
588993
339337
712922
498714
767814
792397
451919
780336
654341
628344
276421
287094
61287
900361
113065
716761
452604
7729
170836
50951
510659
645273
804812
440243
542936
799245
503945
247609
622265
131306
943370
528900
106913
136930
269044
147937
39169
852552
909510
267835
833098
935100
432934
700742
180922
8611
44183
368017
623821
323140
494724
624864
632764
8150
336694
307542
58237
613927
655740
990428
12696
848949
402055
512460
900199
50151
687692
487017
441338
714621
933913
335519
170458
564468
799944
612256
600718
92806
87571
133223
831562
533858
216653
593543
264670
926630
193014
670174
904438
146185
685720
429937
918411
712445
321970
577473
71345
840060
222396
129793
277497
571047
960076
689149
71152
533413
163926
367573
192400
245827
377512
18368
866745
763666
880914
282518
383046
677705
737226
734009
979281
438656
803683
507935
300885
887197
63516
97534
224210
270500
642576
268603
844069
211378
556791
594835
473088
947626
144921
556727
123408
550669
482673
805559
597428
412853
996127
903206
739789
151228
945072
284018
977114
109829
8601
335427
573916
718845
290339
298321
306127
38340
869780
460412
707628
64856
646045
585412
711630
758574
125434
281509
378781
7133
849986
567666
572410
47687
743611
850050
102072
270144
476323
946368
720585
172228
329670
154169
89085
338783
852692
532454
59146
679504
157556
121572
869392
236901
670655
641193
178466
607267
440300
414046
562283
649955
252133
29301
61367
370768
371274
126562
990386
492679
618012
930118
547328
815026
714394
940285
599374
350580
633979
200955
134511
959054
754667
753865
860970
947479
212174
291850
388044
986239
800017
929983
586444
651588
174017
596382
314961
149860
797696
414023
212687
614159
543142
745330
698093
768362
35278
806611
498433
130717
752654
458522
79884
145804
482270
591778
570605
89961
598336
925788
371810
354497
151967
806273
68219
193231
212348
550026
360796
992981
86649
617940
4403
320684
921295
983189
981541
142909
275337
897833
606647
980166
136000
475634
477804
832290
896234
793143
737562
350148
692964
808010
395399
779048
361025
488951
922761
545076
705854
479266
562746
576651
306212
19058
367185
591906
569504
743965
13609
364036
205718
514560
460680
732585
690245
631562
24207
287332
602412
709562
955586
516651
944647
413952
382808
193827
281672
713686
975702
118358
341955
936851
545472
789112
22315
945236
398952
125917
428890
673939
20333
872090
231391
778821
463734
751770
370751
146202
108397
511006
237948
657377
553684
430786
435184
851137
803863
217810
13414
296926
988119
506389
727327
197059
775114
414623
648679
134734
613253
393281
983502
605941
614519
863817
317672
111217
105887
367311
114361
201661
225476
788861
700184
82286
89922
478222
297507
12790
522378
222841
236822
250822
468294
366461
651095
627454
286516
66655
801075
219570
252961
556156
108113
832048
625899
950334
875481
471292
723208
162735
391377
645108
343332
593267
533297
564061
961298
188817
456997
979739
905288
500874
984511
224512
148429
285709
340856
150723
377483
784731
971364
531014
234262
555403
893063
216606
877101
139160
98389
661838
144071
562819
856128
161062
430853
775005
653572
481558
179414
390588
865703
261688
902573
287869
902184
347216
242100
921486
170720
845283
355550
993715
629039
17718
848613
363527
378170
823872
449134
126583
759620
536444
426312
94617
508458
436982
236073
804540
483017
506153
768629
305099
279619
874626
772820
134984
45394
649508
501979
422688
702670
997880
548792
254332
912140
937365
608008
256363
648275
205634
634388
983235
947480
44205
802791
484523
67126
900329
73734
663029
478791
78975
28923
68569
243003
819399
81150
470701
559851
508324
292735
784766
431473
680017
850350
128741
351240
672538
208966
976621
601430
385953
176823
193599
462434
606717
999939
631858
176480
850257
805094
287549
248083
10818
578153
607768
27692
308135
536059
955921
814023
221390
379625
617015
555778
728852
689299
609497
878399
335096
15007
618449
91482
227859
306084
538540
542759
782151
254157
813791
823406
441621
935533
736239
599112
474822
246968
983815
853600
937532
816198
96398
483886
700104
158364
269888
333607
73679
192855
916935
418527
244250
517551
764519
979133
40449
713680
761462
477748
193031
944144
192948
447653
649006
249960
712368
761936
107258
322809
414250
552547
223352
96947
644804
790771
406435
928842
146427
11543
843954
155166
94124
32753
710010
607612
234199
770256
649973
253481
322699
915265
640514
53001
615528
841684
366713
560610
581619
320451
600644
431497
845245
539768
85678
826970
923520
496843
17365
51801
498357
512006
255496
540486
893801
261704
248293
5987
532459
518710
138051
508384
119289
233222
878233
426168
991073
489400
962577
962956
490226
162475
40865
632502
873125
232915
868653
253211
419393
513048
784875
835180
183984
393694
453985
504028
512362
625630
370372
241550
982592
848041
716686
586362
149967
517036
525401
348275
45539
859729
225024
114533
200412
252663
298170
953618
247053
316148
885678
693465
108414
724234
207790
123747
469782
248682
146000
361648
768419
174356
459523
351755
839770
999231
470286
231172
952304
107255
552776
268304
298985
933756
836202
493486
182483
68393
777857
43200
945970
308994
210991
576398
646215
688918
440505
413190
223768
418175
215974
875502
175083
974238
296350
953547
446173
591715
801937
840591
713008
992198
90146
273368
438918
914330
666211
815575
28937
305425
545112
162214
834755
909925
127999
870680
273976
605072
938098
463181
551868
800035
379861
281504
139096
604642
101503
339680
364542
177594
350992
13144
400869
788784
788977
978187
681678
202580
526518
558689
975457
231252
237990
234588
90874
206119
270317
828902
14133
743524
868782
282369
813742
143855
931396
307112
391469
779509
423471
680843
804749
344249
970716
60381
129200
756179
833787
338803
328833
928408
643314
601584
558225
399238
642046
359219
91183
973003
915755
742921
810056
52657
512008
757232
137177
933889
530085
829139
983992
114767
754776
839792
93830
541351
449189
107128
829266
791360
509668
673904
114521
516944
298258
669640
456163
480260
404895
58564
837563
670778
525631
386938
716347
580332
474472
983842
190732
174812
938629
840590
623900
71318
541765
799888
527523
33723
271531
630860
886923
980054
268462
667470
877058
548245
901851
21443
892944
347879
435156
156380
195546
559145
506818
202007
872767
428602
796009
177102
238486
147067
537114
64562
740466
220788
62187
918504
563100
864206
891374
353238
156228
264804
427934
597014
923956
198392
962184
150592
880407
398020
9137
83203
159838
543950
273679
15983
568540
148619
813375
321902
858696
515217
739767
541975
150098
487447
625028
698591
395850
493974
29516
932047
331891
276497
846970
926448
693253
823808
527036
40546
373892
717342
126557
969642
228188
341145
113052
857101
830636
621133
69406
507440
676417
351212
147840
93032
437909
279539
359462
585826
110438
734010
861319
835732
148211
601584
535051
143946
229598
327016
526198
427749
59326
140236
506427
971834
899233
856733
878829
977194
253481
517717
804343
529196
67014
764273
509210
197631
872340
577530
573680
251312
428048
95801
437754
851634
54655
103951
816770
224214
314041
198104
754558
122569
134975
883227
875718
351146
107150
21099
500150
793832
999026
68149
938567
557663
447773
357004
387467
50432
561478
460682
672070
345452
253523
585791
858503
199091
641830
452045
50861
315553
279182
695767
342055
22938
521714
496992
470882
648604
388222
557610
671706
960094
372142
564188
683932
545812
706529
778918
139353
347662
218149
603805
124835
347284
611195
458431
561777
63848
779472
969839
878663
958737
461497
936371
197270
149610
17327
247642
127716
461258
700231
180855
27339
94058
8492
148397
726554
705097
505691
458825
231578
190906
233856
161978
558786
149048
868390
769489
115135
608210
873252
53850
605650
576209
200469
644195
204548
106999
153247
122965
969407
47519
936236
981307
632038
336997
807220
12184
249774
470198
72099
951094
470982
966555
219097
969362
319970
267422
574284
952966
860693
616343
91861
550549
640668
365586
83506
506702
207590
357935
943561
872472
318303
783461
317810
821348
479247
716264
392990
913811
693822
89032
719357
261950
156049
94106
556138
3813
721888
472171
572568
801126
620944
493173
111709
96839
271876
361016
788735
307806
634142
630679
165625
115596
255559
517869
99137
361626
71715
123264
849985
359502
468278
704559
505103
845052
419389
45797
909419
452832
140697
346489
806373
28037
984988
113956
535753
137341
182276
130271
120423
247932
980552
248845
444912
640407
681504
290242
610548
363062
386409
257497
757613
493308
8346
892448
598814
618526
295268
328741
989772
276887
144387
236197
208312
799905
672895
485477
473287
982269
743672
164533
563564
272800
346035
401047
507213
244349
709703
604875
300952
699135
408047
161552
670305
566930
200520
726958
457328
379131
705852
177876
803594
170949
573343
687208
117346
967702
191696
241317
402812
868816
154359
3831
259628
769128
581463
676889
369112
87809
268995
85204
833115
31442
998128
970043
105925
528426
930823
389993
161577
309278
391885
297013
670104
84998
606088
993862
923107
781289
59762
287256
759671
526916
787881
63686
226500
579096
972878
576214
774663
373737
563783
92437
19230
895114
444675
883085
271830
19638
358231
499144
374238
69986
899141
955700
775201
782943
796075
884028
21941
811012
612335
732940
468821
383289
177674
194252
843867
557274
636305
970201
428299
220753
405473
593409
906761
917499
565610
951739
527429
53226
308729
158727
81971
375021
779952
273109
840915
764492
870578
606439
202967
594558
320765
519241
634161
64556
166833
759685
860863
842912
722409
447322
612117
788436
504370
322730
35527
555069
388201
828063
908182
525844
972388
947106
280583
322195
200779
951359
389927
375833
64598
376581
682737
9339
934965
957417
21390
652854
122673
466821
884434
364560
294266
31459
372789
389883
363516
604739
491948
230096
344587
142446
774350
292560
350613
925789
801897
294241
279239
247222
231121
618614
427989
611023
241710
932465
863952
898413
843970
245125
97463
907882
107034
338772
456787
880259
436404
898934
68650
998408
954203
913061
260972
925740
559640
463227
779152
883957
951477
214285
172273
338358
211328
582693
886586
923010
875041
600980
85012
617609
427644
144052
902468
389634
710433
821
452827
910313
343878
849126
278009
95647
844274
345136
275566
679647
365504
301912
882640
524442
476369
303809
831918
304300
596759
479541
944428
642151
719371
487263
820436
755404
140643
233902
394853
479517
763278
990136
785532
214546
913944
620985
29456
163930
921472
604267
774379
970939
777654
500677
731182
603160
373943
560693
234575
9529
584780
799967
550014
328385
527444
310895
423622
799946
366958
591675
345883
796356
96698
847338
533909
330130
486775
690800
150465
663684
579735
782428
983082
442730
619268
599556
298514
452170
31455
954924
28393
343206
77731
919871
794493
527019
30929
900510
298459
827415
714586
16930
313097
94974
868408
357514
978860
147490
796147
845121
277765
703894
607126
387404
934018
884505
381739
944828
474305
869187
413906
286174
572447
621524
837689
508456
807796
920405
228483
80468
273407
586152
237659
31972
559848
538950
228821
226919
726091
628739
791876
720015
82064
660209
829775
264564
71011
287201
93912
422298
610158
13269
969361
873003
517759
985566
703929
694818
511102
554455
97700
225472
450202
765580
243718
182337
472959
166617
834709
704183
662084
715882
657146
984725
669277
514330
220157
422537
569239
634172
629306
984353
721935
598466
859391
891381
570794
156637
459215
579503
103107
655135
504777
391943
828715
628905
849708
66631
391251
974904
202905
58609
637173
942784
460378
804309
902571
939161
941587
726623
423717
628388
583359
425536
577381
887381
480302
461792
654729
737216
155594
1248
179861
634363
179765
605811
546191
161427
478873
448939
48959
638344
798187
543765
601945
799999
426478
773494
842894
586256
528799
291043
137634
970583
583926
700473
49851
415997
190672
308546
959539
677349
430836
984101
540276
24760
822176
482208
94120
913956
320025
950546
503648
173849
551857
677078
20469
644268
204917
265667
900450
443923
874846
420649
767751
349347
676884
448997
712740
67826
359226
656335
661099
487929
263450
122637
994016
456542
227471
985005
536883
491704
80380
453020
693215
993423
911233
162200
693860
802886
746026
423614
987227
627404
2078
225959
98656
247352
491356
53638
44719
229768
777875
575315
483073
820039
732609
527549
204222
143673
433134
584173
982529
116828
675826
969657
775708
119490
693037
326903
682980
956014
737047
835812
569642
62412
518093
568960
384838
882412
565904
352114
375519
727740
559964
440839
226344
735924
736063
719381
828305
413145
76113
834254
368938
723546
674046
617013
41498
19275
903296
280556
642732
201198
439716
172290
459413
990450
512989
125738
46618
61255
248191
138086
826394
185317
130308
646966
741211
936797
704762
429003
420116
686004
529087
292609
26846
804600
359099
708614
984088
54153
804417
57928
208570
938960
687425
339474
263074
512422
613548
87113
64121
842111
871369
243826
580809
913815
454482
391503
387898
770546
841879
253091
862098
522107
806565
540810
567643
886206
556760
929727
733092
147336
369759
765124
565062
850074
486980
397690
927093
284409
157207
177724
975296
684998
841758
467027
495461
420056
196815
222837
561145
123601
406262
781481
857512
952354
25677
718900
968932
89796
399995
923356
733419
456268
837284
505486
811599
497985
555061
586380
221618
191363
584454
107148
157659
143851
960925
756054
611981
249319
941603
287108
372187
549503
465175
513560
243163
846843
491952
556827
172854
455061
188279
540554
945745
352600
985901
888745
312001
441605
247203
870137
958202
743424
56301
899405
794518
442321
846306
157071
367962
739641
433554
844924
193629
816156
745296
329773
104257
473330
504765
472503
361790
426462
679356
498887
634474
465486
355815
180612
375463
242656
459981
597411
307361
339564
9108
321405
92035
190749
812460
714841
170806
296178
609229
599743
455931
216476
370468
9677
434987
904143
751340
208862
510508
929990
786870
525648
629198
537746
501269
78148
550098
280901
229136
647765
551727
343927
570766
373400
294686
322839
983926
722705
837066
431140
139612
446791
102071
312940
694326
568366
142629
433072
695749
903248
472379
99421
731421
211007
268632
30130
340391
960157
230883
9515
626282
302386
933566
528381
387447
356134
158342
904002
896636
772852
273294
481417
183774
422646
910760
467262
337714
196538
862513
852485
143578
261557
294251
499771
360559
368608
227229
726565
71712
25960
152399
269380
820262
84776
104821
11842
310818
425980
186047
394849
10756
696674
761242
868830
905238
968845
82389
587543
213437
792493
526359
588230
684982
907690
657186
70741
835516
206229
112933
603626
565616
374102
758212
743335
182242
103834
29655
847976
389595
948145
601054
162110
938641
683100
271565
940074
202422
715292
986675
720941
783926
600284
831372
499611
180043
55432
954953
488469
208417
809204
794572
437451
418370
677936
506434
319209
186448
189089
497687
546163
938844
286716
616178
694412
61447
804254
568165
582289
878859
955051
444299
166038
491301
656491
617905
173833
808137
208789
129166
88679
506389
476899
368805
271052
596963
73446
92637
161522
271294
615138
782260
66397
295778
605737
854150
805649
427681
867790
821320
751777
452781
495855
280464
487499
699023
748290
367170
583931
752916
327814
950989
862924
40631
428782
168628
600746
48661
884127
17027
159363
790666
378746
200438
582740
256403
209605
495347
682843
545204
467753
222758
381669
248312
542038
209054
962501
412501
172019
951472
899443
446778
816055
996582
94708
75851
917283
705354
53085
64129
473958
204248
39579
822776
749855
259567
963161
464474
817189
17506
884043
948355
845258
214747
547310
530800
191108
298835
193170
995569
679569
352698
82086
967352
90874
751416
340898
392824
519324
646186
525376
663679
644243
139944
731635
304622
300878
759344
519521
867106
945372
711808
147344
826140
777716
81900
850708
775280
78959
72585
864320
139085
877626
447007
522308
778374
492096
51669
823314
776479
584137
908264
489347
52867
599609
480665
985089
287519
936358
387131
877054
911636
453524
451020
169586
427996
202126
666035
913278
927709
427470
291567
678515
443389
241893
208868
837924
194381
616735
537329
993451
894777
425527
550877
280575
900894
43065
716162
251624
250554
201350
446328
555512
333099
524264
897767
575716
185577
670693
180671
1380
717566
760620
516127
632356
826644
458195
103388
197777
529660
957345
981919
678173
832799
66882
980877
74874
952296
55048
994790
492534
240976
388885
808348
880714
947276
395838
629757
220590
280652
911337
798255
175337
554976
661070
819312
411577
79435
375263
141986
600287
42297
776490
773445
942414
395866
439757
84197
400113
929856
796430
535308
282233
729036
165312
304614
105520
813337
302681
423950
673300
218018
969269
578354
816941
435093
386434
504471
370460
660447
31673
967377
491188
447667
990820
272338
670393
828126
742943
666741
99884
556571
215140
566612
732268
419435
258060
993016
595452
800596
753063
254980
44117
148116
90359
438564
699047
805178
561298
240245
558054
477405
817197
302235
923772
543347
345413
605960
812654
786822
996699
89680
277545
371148
959138
506488
754120
394340
1057
777264
249672
201190
265666
48763
154945
579481
711766
463298
278383
656066
247482
925883
30281
759054
366610
805594
743101
885328
472482
635239
200690
122561
34639
802520
838704
891384
127173
173704
21907
831760
132066
874571
710115
708366
810984
568600
666795
941670
324545
801027
898433
936680
949128
590425
732796
122432
720815
270480
921999
419365
598823
400663
210255
708424
150078
935805
543625
218086
587479
738656
213319
242457
524620
797690
459626
95082
419362
658293
899139
382568
330357
77788
737986
148817
352877
136912
807345
795190
785070
454756
343887
964947
408787
654390
902425
547874
975261
934915
730434
790145
462342
375099
395909
171608
536759
749303
647777
963902
914004
32408
686949
707196
195354
642163
137867
95912
574975
351644
410511
79189
909852
48228
298294
675727
844450
355721
377747
157079
35934
120456
465628
272666
914679
654866
695881
753287
336856
595904
554703
138243
748255
126062
298349
507071
707493
845404
437718
966374
715232
243544
28155
189103
301818
757338
429163
724048
934875
421466
839406
609055
549569
211554
413703
679147
995818
675851
732729
155588
973443
331138
372026
157405
402698
321972
826098
342545
9314
838978
416840
575114
534196
911080
815265
646896
551870
974111
513407
538932
834528
480848
154756
59793
914100
854962
146877
250165
21675
327987
445749
512388
702542
435394
449322
231801
546519
944304
802542
953743
998548
423109
186719
907162
946518
352629
444181
816044
541380
99632
514383
609105
651121
629552
179524
423402
971327
610508
488139
958623
373242
545932
558137
481113
14942
46610
949202
881369
27472
829219
912514
810667
327370
500837
985420
778822
907674
33632
553879
772563
630327
228647
438850
631446
405005
942711
293892
971501
694343
201355
806648
943482
505195
292413
488498
310920
731842
154095
482403
534787
527844
561798
602558
770668
755044
830032
73611
248657
818936
374186
878496
609127
372199
623209
337582
637171
941616
63488
293456
483992
24715
282109
730534
785629
81331
871822
395935
606952
144541
538009
108597
579714
555832
672467
396960
741890
83411
403506
421419
24144
832795
625330
56038
526629
230713
292517
560795
141745
836581
813808
695980
277729
94630
592669
389990
439016
721301
811081
796121
724201
579834
459339
861283
219711
248394
542147
893671
797764
650826
115372
604077
786913
458684
429026
435079
192256
463430
956781
599019
785273
776898
687960
259995
773777
666767
598350
109536
151600
911608
444310
748163
542548
595815
954422
677720
271816
368713
58190
55357
377027
945594
180903
712337
885286
193959
62294
341941
296885
580883
344330
535948
376242
122520
953898
462823
18707
726660
790552
512822
285723
166041
725839
509116
137102
734562
346003
620751
963120
383569
934599
743467
166177
750215
325660
313911
796891
219219
481162
391180
683535
732317
220215
340760
158898
919210
556438
387878
472956
882601
386952
947162
332545
396970
819892
113247
50625
457303
873533
228373
560826
590249
869875
804473
248887
231326
268863
233903
799446
604660
771881
918237
459158
700011
438193
398079
106918
233507
37915
948555
259609
576535
509915
349642
825800
457535
470343
732726
35481
499976
641831
485506
444785
426172
197766
758042
88797
164634
435635
806426
3619
430664
470382
849855
942384
309553
866193
756379
366043
920290
113250
701617
279160
278989
608887
193893
86569
741301
616806
763205
297405
347122
110221
762659
73945
18367
158279
334785
617606
96588
442170
819601
237171
498564
903089
798408
455126
947653
295823
822220
677596
501183
62758
99204
38840
199893
676483
265059
481278
242284
946120
869106
607384
426077
576801
660427
67302
532404
622331
276605
463870
115998
756156
413379
864631
361010
172955
505010
779333
747654
967942
35204
327417
17879
179251
513523
489540
602692
921753
768135
323221
999422
515012
702350
671072
569087
573840
93333
197632
246145
706678
190808
853544
183336
162719
743092
879898
50803
176265
585668
201248
258219
659835
394742
543407
277091
132356
538308
676720
386971
981785
484126
442842
417107
489735
291480
298362
546553
673500
845867
154373
719540
491560
372030
616605
260078
894643
517682
285881
645358
643271
128594
131605
525688
458285
461609
130449
555641
603162
771759
734285
715757
543901
213551
513565
194611
5516
981559
956663
46818
118522
553660
969533
791005
334639
316584
946370
808602
110319
336765
202076
474196
529830
181905
757209
699621
837627
362737
226772
710460
667618
250401
582961
671228
94413
740377
970465
995420
178891
525573
955682
321152
235014
451985
620776
537326
965901
166047
336813
673976
470575
864216
87095
809296
446787
330020
426879
77587
536807
462411
42245
281251
506785
150041
809065
846694
183659
278482
322603
763296
350962
381282
160385
361832
683913
857015
899660
665581
255343
659944
524698
147749
864809
995634
523536
520605
153141
640303
654654
975477
78132
445231
173336
252929
679310
206405
654342
358734
876617
925821
260198
100091
866689
316527
805906
664612
386320
659072
317170
384410
791883
455636
993950
186768
596057
9450
811594
301268
57531
581309
183094
624355
654271
665414
276812
537630
441799
292301
104118
161940
959831
325901
276254
932593
700865
705826
731984
611878
960060
661272
158337
252915
815286
765251
330775
159693
387015
119764
315331
774745
357569
261053
510278
332356
565891
930973
2321
764708
4601
917800
448636
51054
456083
356139
3416
918594
480997
866562
115975
382572
153262
302046
890912
752593
889812
911742
11775
335673
730524
286812
215634
189865
537003
433344
468560
651959
75120
678968
158046
66446
525007
330392
172274
506164
497807
111185
272925
474725
875737
808169
220257
644690
184519
667847
536027
673420
307342
420818
283523
360698
729236
222892
155004
371775
67684
523494
43670
308258
251756
412998
30825
681210
614498
78323
898914
500537
876355
514396
475417
641097
581008
628273
72781
134305
462463
903570
179561
805579
924617
300445
386568
920833
94918
149106
481465
981226
810570
509129
814136
243604
195535
898476
248537
696529
46281
156299
209590
800577
685212
996212
301131
451260
866386
418130
568017
662756
437145
467005
402744
126622
841698
851222
929277
108845
36775
560792
231569
171432
533910
459638
358787
607464
899528
751742
935789
162461
848110
228123
75931
91910
85397
895771
935393
349094
362081
798715
319072
468462
713049
745973
18241
563421
910022
332171
295294
136501
481215
62447
709740
489954
609030
957800
912620
448904
271830
743681
404738
442451
748662
212169
505986
152552
71941
370400
837423
867466
954952
915725
68513
544033
349321
6430
259099
968138
104518
888019
110406
947282
678733
112028
133299
416139
869283
866926
591986
305420
552139
692695
574443
991321
613208
799065
247239
827217
327789
391898
554692
566107
233586
606431
3538
651468
649823
766657
778496
829158
116974
88251
819792
362007
762589
820113
935645
796093
723143
334406
559906
883779
278548
567790
107991
301520
658468
832996
394570
220404
213757
510063
879640
22794
658048
341914
835417
114622
744776
165201
773754
325503
533168
310812
360520
284253
292057
992236
946775
576817
705219
677002
921342
326409
157818
638411
291526
115528
955438
872238
10122
725795
404772
803525
61010
226711
750600
240712
642497
957869
261292
165327
923637
518333
661843
818716
939176
683645
134214
295098
887188
879622
793140
204815
169169
196555
788032
163157
459032
436885
357396
825780
283502
486462
268090
453328
868325
333423
566834
44825
451987
599683
688056
19451
284042
917192
479005
493997
788333
419564
149614
52556
960899
113558
634689
827724
756186
756246
674159
355164
861604
823795
90572
993477
992869
27916
762039
963797
191425
43577
688193
430054
501290
413675
455402
490083
87514
229807
535758
27340
491389
913551
353989
419907
904235
897178
536077
61832
645323
462551
10454
555183
523697
446731
904455
297062
303354
55752
448844
924712
922004
889808
23003
558071
465550
332609
426173
475519
921044
946791
56608
60941
831226
172620
637502
664282
244658
760955
655983
364217
493136
61001
378008
19809
167735
33799
721794
711406
21109
674957
171209
247573
782914
179092
713869
722732
370162
700778
842472
115530
496202
658737
792318
199891
76120
506746
198348
720279
541771
908835
278413
378791
142406
626959
213362
140282
347148
198986
712421
671623
525900
725662
74032
881149
157611
958993
593849
888888
539007
527522
304159
878058
796078
718587
149009
611122
114048
488345
189921
574586
793700
452160
411991
892976
926738
837425
111503
576914
381810
938606
900712
672200
219818
957774
363980
148953
306920
800717
980798
857080
564535
517505
382279
24786
327358
493665
143098
148568
793815
725898
357737
927842
881357
893158
102821
367757
337917
728953
584493
765561
236778
889837
97171
52743
568481
980896
364620
636020
100659
590367
921295
592027
949109
639346
218543
22492
934531
439214
425628
367880
80814
912443
571958
287642
376350
209719
527678
165655
530950
696331
590269
480316
638734
429410
293769
204423
932230
698408
78222
131432
682355
144128
434844
451093
532939
541337
784920
73733
603576
649146
832505
909907
160298
47889
473838
837138
448634
987195
943585
409999
560172
601251
233155
742350
572933
543357
203088
420238
119585
52894
7516
995188
923313
399449
141596
598129
905494
481092
785875
584979
776546
386337
228868
951640
91653
507705
839273
113472
838898
179987
990009
498569
215732
688116
21078
681498
846931
324705
518307
1325
181014
677620
507122
667176
370675
908203
894435
288590
541892
647537
386739
818296
526862
672661
503576
390422
932339
871269
41809
739655
149654
730662
521918
900439
882473
704855
291160
684814
788933
423678
247119
856577
444466
608079
125960
213296
505214
210884
268635
825581
563488
279529
180293
135760
218984
388051
164899
344170
221238
588700
228655
988256
544491
241523
142077
94023
170520
543095
828218
527255
971874
358558
401135
152827
806091
290808
476017
630682
629411
230465
903451
717451
880071
626655
867136
425630
60728
660122
23606
14854
8698
63527
491223
6931
196359
676715
546028
27757
979955
506150
459248
926348
975121
572054
676391
738460
144243
29112
896173
159294
753146
631786
150122
948915
281551
588589
134920
643046
508734
542723
97979
122928
418640
938443
565324
712615
845504
321554
394533
46955
620327
112690
179704
722906
895612
141846
316018
698037
403921
824418
536600
532773
850868
802407
60540
673080
915685
88802
479482
503639
938368
267620
595726
363482
258248
388473
56928
189185
700754
648420
358982
651847
393217
545545
195930
383337
751888
278052
876153
630702
739257
961184
320651
413458
17459
296209
145952
404802
407751
183379
362
955555
129582
110615
235538
383635
199024
945837
449077
328812
509993
575250
939207
334542
709239
660127
444335
565075
861195
302006
147359
983806
37604
414600
948179
494275
416243
312503
101660
132653
37751
303436
605913
767923
211811
821792
202954
657597
848211
29820
726984
410332
546678
296528
37022
536412
469482
242719
145231
14585
400537
217060
494100
716338
222081
382496
507932
776903
31796
260243
229769
629462
160479
727442
767313
303376
532928
388821
347734
94025
580142
352879
914936
276781
72572
929301
242456
514648
645048
448348
309595
614557
986991
598713
797527
681696
117694
944148
383859
653230
803907
230359
757033
70484
319869
563025
41658
22198
412765
869132
802601
758252
474286
646698
780842
617129
889855
310936
287418
810943
732002
713037
635393
818255
341574
257358
661690
678825
901476
229919
290012
444491
317060
883752
538326
855678
201379
641646
860135
825737
174086
20518
443743
500960
836245
638691
312541
41990
391843
675958
140929
520115
370534
949340
511021
568932
87398
267877
128092
296926
236010
192158
858331
704347
958943
131593
122266
833818
488804
82727
62588
297204
534907
552930
972304
933200
750853
688251
867738
872825
840949
354695
31379
216081
259369
675957
802919
223684
385942
865527
586492
238008
813231
276338
656083
941941
895725
98035
351129
94364
909771
604038
775597
638281
122140
380902
653809
549630
261420
982606
172670
311115
974624
624902
81228
175822
590844
188702
552289
790095
40836
298285
485493
609912
84412
960332
851760
317886
941671
735362
100734
556379
254174
245166
286441
424642
458498
453318
33099
681511
890830
839154
283926
602946
389070
420660
121797
289501
783220
219158
99210
304597
681052
353204
34852
396101
543700
267845
350681
135876
765293
335137
695746
912926
85099
637549
853592
289709
175615
7031
62016
232904
288350
137287
169816
432768
673424
542812
816428
715325
521359
270346
1174
693149
452001
696775
577375
13949
414230
815364
559999
847295
912236
701155
357673
412139
940762
969920
77224
402112
184376
143208
217467
364774
118583
335498
208641
508426
116041
399611
500683
933516
544609
243846
118521
870293
463992
586262
531661
233535
776804
331767
933212
113787
532027
964861
473633
173169
55125
605101
539487
962290
188625
216851
203660
517093
831316
845991
686449
388651
832438
865640
144039
50565
926565
955796
68884
454392
87708
984543
749756
800130
274625
336533
940581
221837
441164
375922
836442
226017
951535
490171
667794
210121
560665
290178
261802
943722
947693
514357
896949
558678
831386
20530
373642
850334
460902
178029
851401
260460
651122
960871
168490
382016
510261
998702
70537
109954
899232
176590
782515
35283
613545
644597
314730
968241
291156
445779
266736
236127
358157
234798
586838
334502
6396
420055
256844
117020
482787
168199
1830
854380
936316
721083
52716
573016
569282
632221
786306
887478
435229
465603
78505
271178
257173
590228
101868
548745
426520
170393
334034
876460
346453
584783
459436
816188
14820
416728
731543
993638
424988
4268
747555
928823
443268
268765
936053
61420
321440
786706
436295
634762
712412
539897
266315
512252
838515
64351
987860
34222
787488
93673
635621
957025
990969
929433
273160
715331
624292
134108
445731
547111
619838
55302
916821
137007
378297
604865
935972
389810
764215
366169
677415
30091
422819
731591
617615
166370
271397
164514
7962
460777
817448
974828
516981
510938
919854
738825
972863
493573
213837
802413
734277
955285
258481
546403
804036
258866
859548
711869
596715
866526
446189
563907
229751
166948
847791
718608
608582
962878
681325
983595
545720
686395
986306
137055
38297
176217
25116
373801
47068
857256
863557
190950
974618
590623
746755
896813
731929
655443
922035
101397
372190
238299
557679
856996
337559
830780
145467
187027
509971
181555
373330
169344
887532
138151
9933
675373
828282
494053
651928
689138
869738
772417
119624
664831
324964
89086
64357
27751
696625
323424
654809
957083
115841
284047
900148
660438
50569
4797
457335
573054
812421
946059
600294
870637
960219
855970
379607
869951
320877
532667
723938
19490
440041
907099
885856
670349
423515
605636
310078
58156
448993
445719
238223
809704
504438
544478
348853
442114
626941
994320
538434
12388
115837
426928
332816
109055
766258
290613
72126
95722
101823
70304
666661
92446
718553
281692
995923
350636
531773
326166
2803
351705
213421
911395
762114
461493
949417
312887
88986
739392
877447
888988
951589
103869
117391
111848
387282
259569
732191
689383
571022
1621
711251
521195
4131
282727
418049
407796
862590
199007
654584
116115
944221
239263
294680
63625
918994
833441
171316
672875
132371
615368
419082
353372
543206
24687
163293
346567
328725
404278
496484
465647
692423
368474
165464
277277
44680
848633
480648
148258
704261
986218
612334
315395
509953
124782
989636
939951
59205
905975
68305
792942
170358
951212
214263
122957
33481
798208
371891
467115
211242
321159
227541
215151
565178
966797
781484
50281
614560
73518
497645
498905
774956
391400
866838
881378
900942
573592
969011
911394
305009
638647
183977
965930
519433
800830
638363
942993
682515
226630
965189
195633
975625
250086
262490
267538
160166
295957
269637
162579
629325
463143
315
53191
133701
721430
465936
93821
132970
698001
763175
432735
945780
395456
227685
867966
79901
658908
744395
862436
351740
113576
964020
221738
616405
942718
483055
548903
318758
834156
531078
453959
760344
546734
379536
476141
86532
626281
791293
996470
820072
676528
497900
908459
860096
187338
796292
224522
795161
651767
410257
773621
867370
960536
22498
444769
34601
728591
66743
138169
370273
1766
318502
769704
497281
13266
82912
345882
846546
262163
172243
511092
338977
666745
419963
604848
627372
252279
825107
383867
246107
494975
679086
966342
436088
519944
898564
931124
462535
191347
770095
151956
734303
975411
700491
595043
198053
43131
736966
299864
256949
751609
573442
320228
889692
333076
786160
5468
131334
463691
134724
68965
758472
241040
609485
897639
80798
490360
438923
511530
508790
203579
943024
369625
811935
865459
387328
333668
121295
190398
477578
827551
886566
162841
967185
658747
712992
252515
94870
158751
104525
685322
517698
69513
901489
716294
526907
913114
337090
839895
634215
898452
935323
674062
419433
222120
41938
539622
996348
339644
801929
184214
697862
252828
171529
391251
113002
76819
73358
838043
346775
407602
857652
745766
526345
106354
654451
967699
496283
38762
476727
170438
617431
701465
717097
518454
625096
264821
639226
5467
406593
244945
635467
465510
732240
838026
977075
438399
510594
771603
193218
269527
129383
463012
568344
842372
801618
407580
249376
246537
215838
625795
117765
862786
710509
774164
555335
890915
31422
224623
808220
317924
196001
874846
98749
223231
949130
35894
743598
539080
69269
336049
366031
124952
216917
76378
600015
137291
169192
997299
104058
734396
831662
237684
311431
213069
385186
246418
204605
4128
487177
66671
50825
558632
710265
397899
285130
677743
715088
57146
290260
765983
360299
713082
932032
39940
360924
695515
348365
909382
975935
803982
434909
405878
704454
607671
204367
341995
227245
989097
540701
443674
160116
897532
242048
665404
282165
231635
174925
457684
303316
744494
640326
504890
70339
954739
417107
475083
746452
428410
994627
525417
425368
597095
67376
114020
12783
107293
42621
603057
438542
436473
373397
885057
954031
727751
237337
142986
432133
956196
405607
563385
490480
607098
419564
819589
843763
60941
701525
623288
231436
560465
420238
824453
513959
298298
495339
164374
236037
381955
428592
521293
477485
559646
78342
575944
659406
393543
759425
934424
561956
623477
557694
230268
771501
711851
520066
562974
26167
90246
553114
964014
654610
673233
512434
924841
780908
864466
796731
721719
143208
936906
203879
47121
265914
801434
537568
674568
908165
285366
211204
242396
575262
94520
669685
15958
348135
872124
998704
962921
583218
153094
507115
319861
480203
336590
554861
205706
749367
224286
812222
297766
921960
614328
357080
6215
189788
364019
284671
859417
268658
843620
636008
150339
430398
716683
761256
3981
67764
961054
680829
372315
901166
58684
294167
892242
806686
51033
177970
423622
601588
790947
522437
52645
467746
44978
576112
817715
594517
726677
784803
920947
341479
598949
44524
319136
468859
303545
755344
673907
355132
729671
249467
202957
297455
30711
64543
460881
373625
250036
949328
43729
827144
524727
340243
667398
9048
492524
715551
551917
82271
133644
478733
899796
855130
949687
554864
699649
514046
492201
432416
627398
67842
519002
21696
850019
594938
953631
90073
10420
566471
203292
1978
259091
997618
969962
237115
770358
621702
631677
113127
309484
300334
869944
910285
622489
889317
970815
416203
969873
929321
158714
784744
719141
720310
86791
982938
90685
175915
491827
748499
72306
262802
893
230415
462986
565381
326426
396879
980355
931570
735653
432498
194232
786797
539457
115217
521070
496318
567030
234090
800541
737568
616047
944111
607124
196122
379716
463387
61991
951291
755948
246260
716921
670347
684508
29688
881247
197302
423178
295269
674272
271083
143062
869719
295968
809856
462704
775506
642239
902929
741424
863087
454638
221656
900005
801561
266108
904999
331108
704185
413027
281786
485102
644732
408296
714732
768703
875678
114059
592799
595745
483959
167481
22239
29758
986485
681136
887525
475729
995177
299789
192027
706213
76094
438672
212477
950152
6099
293100
328271
902292
59931
24032
721670
530731
200062
473744
598499
200933
977224
183793
260417
892406
61830
700131
442766
18125
248790
334458
777491
852964
208849
379310
572272
565517
529775
75252
73031
589339
954286
332493
892410
773165
865120
487326
548084
487103
812294
853750
34266
284006
461019
588728
512053
756619
450382
542088
128143
392832
569442
191324
127124
682551
838434
22112
801355
849729
140104
132462
138797
509539
775955
223190
682514
55997
568094
667785
476598
172121
903896
399470
483118
6232
443864
853438
399958
631265
702884
531311
197348
357434
412722
142415
590811
975101
131557
423776
985894
620902
115384
266636
598662
529768
174225
660596
998514
997799
530143
507802
878292
288988
308486
139981
765088
292583
308281
128204
961228
950173
246030
128957
763920
584423
231174
528905
928386
991030
490174
316376
411743
30569
190439
210359
404636
985801
29825
674795
453523
409509
922986
621604
60047
704881
901337
85356
931966
550146
78571
295435
52577
956527
174088
614932
25386
96856
766667
347853
546986
454531
267566
429444
456800
685645
393147
275012
649121
892937
59617
337240
101018
613905
795374
943188
169723
726055
777274
953918
602195
443622
162470
942709
442288
603537
81897
831826
288110
844715
505327
109984
430161
676123
970916
344538
413237
631643
205308
168106
719308
655823
934400
738561
739953
963245
976150
36286
733294
255550
399222
923695
538863
404386
182876
101294
93537
891038
699036
276710
545972
945033
175041
391833
344502
403065
916946
334605
469070
866547
853895
706602
804010
634546
435131
59880
193489
464153
945552
441154
45199
734481
640365
554205
122755
164805
870369
397986
600975
631676
645795
448022
383545
217459
595317
4124
52350
523683
29594
433607
3016
744639
195292
609243
341138
481867
106401
365032
649997
619743
344635
219113
969006
365055
454459
114600
25607
278881
505669
346154
235701
875309
235291
838930
748705
583508
524997
148422
193049
480525
743420
680386
393734
888387
679982
346903
893734
330256
107968
379583
340107
627150
670006
790542
402587
151038
126531
586878
612417
570721
168479
230362
997485
370545
982237
915742
17558
954713
204849
576153
185818
975771
889074
923569
290423
786177
355017
398199
868150
952472
512476
191838
633172
963792
215844
162733
116950
566548
8124
28129
79818
836132
889495
638328
65620
804365
697781
893455
558899
455305
690299
767208
223473
202971
846856
826617
806428
924778
519428
60742
927248
829816
762080
153373
567622
784619
481189
326932
506893
837226
692853
755712
21972
885770
613506
859525
710512
502529
758920
666428
296187
322399
618773
574617
228007
801541
980425
651057
543489
439155
232702
849011
193305
608067
603215
719338
65403
407190
863495
745768
105775
652325
770497
35204
561343
970216
222293
830644
344986
946648
470689
293085
513735
993393
568916
145024
619824
966243
730793
250199
427418
271884
616997
834829
655318
950043
166094
519475
851609
638716
805051
31269
343763
10155
771263
23155
412705
17299
316213
763871
13622
852303
38833
468285
170954
783270
834773
183947
398849
838828
647899
599124
586911
536432
497409
58132
947386
66112
68941
75413
195981
238295
389764
661945
138749
61244
997649
970689
654291
507943
102684
593632
693187
990818
316080
483063
584055
464182
487453
796408
3081
317130
951014
615284
348139
973766
727102
368605
736358
684327
944145
713325
777943
842485
328753
68018
645910
370407
133116
183045
284241
555100
329742
718225
469501
990189
893230
77309
587531
68706
974234
794518
105942
962825
162
953210
967198
46484
247297
545892
367038
288224
833112
666789
340859
369619
367238
465997
790488
958524
627965
633632
863847
281868
978010
341216
579240
338111
830827
536625
256741
714840
140447
601982
107872
518227
88049
652682
623103
135263
976944
22885
149813
141415
551225
540684
345201
90603
671273
229190
743013
649193
635672
324690
441837
695017
774934
524132
634435
36197
487387
656254
948603
214161
373349
231966
241694
612056
574581
731808
963475
569916
722034
821329
124743
99015
33695
125172
910683
740812
19973
942816
399556
591759
988168
102999
663302
270455
186223
590798
276289
570152
919523
26916
331291
498492
159271
336004
760558
157401
266447
673831
604339
182299
173795
964732
606887
372161
350592
868577
79257
788680
434172
180011
368939
503288
528797
340569
497723
306335
179571
986700
482302
467005
359490
297747
529617
848103
627984
760796
995929
274207
624540
550296
905504
33283
278513
762077
722522
380278
585063
884015
102736
542927
885305
413175
468506
132426
163458
311533
971637
171596
633793
583556
595239
692673
73096
450700
216382
36877
175923
997383
5923
172601
724434
143585
96789
427231
433250
197544
781244
136458
414877
586852
527836
518450
181638
536681
604383
705701
332851
90596
418380
358295
387668
180473
394646
298489
44160
609542
193984
742405
470023
827793
611450
429446
429905
470794
133996
124715
346388
995524
850061
579567
774097
585084
984450
843428
488807
460786
853817
114364
417222
731958
462772
512927
466163
574632
424770
108044
829015
412535
31133
572324
871026
325385
217278
916024
827748
566384
788230
967321
134702
833203
885552
406771
386866
837274
276349
210852
608543
503314
961848
300624
674776
620391
649374
345416
111755
390013
366675
317490
537864
457053
437644
261469
812174
745423
20719
259671
401437
765264
330152
773524
800397
914509
397873
753115
852634
165562
735088
80521
325770
104321
979493
579318
739060
939847
865952
212706
68
815602
479611
568126
97760
210421
813659
445234
671375
707816
939090
540052
458995
20922
353947
999627
282039
289505
168604
344222
571466
203404
941247
119561
279464
300360
610692
366036
460315
295154
41957
538131
830084
536645
14901
924709
988555
685460
988774
462075
982966
900851
723636
800879
903229
571696
595639
706872
807143
533849
106392
547566
278705
171730
133827
510056
812090
453823
78416
375037
297864
603270
436761
829989
175908
81869
833892
572020
485413
233192
887367
238559
857556
221309
126286
186888
464042
167595
178018
385005
261081
315733
78434
250691
252495
446755
474460
282471
756155
662133
507909
433413
803078
981756
428504
803094
121974
594398
184655
980187
316047
933926
909545
476159
825118
255161
898621
748965
761063
372064
601034
786874
564493
147833
921188
281691
954545
672228
694482
790532
775983
777435
192312
763107
825481
322600
156117
378470
560653
781700
411051
460365
57820
905086
14652
254929
932519
186696
127430
849664
21606
690459
448481
564639
179109
173355
50284
685624
165988
814338
12767
830452
360297
82236
115358
589745
718908
596751
82279
340464
252905
761144
604084
919450
376366
916889
360777
258214
252298
947762
301397
25077
938958
547157
982315
733548
205621
964033
798943
205025
685068
256130
212709
346089
400198
180106
155337
296883
387626
420401
442827
752909
486294
4620
738390
432342
394991
419563
984408
247064
700548
257353
582232
327288
207656
324019
989768
535268
773870
121671
11934
402652
51913
399798
452533
648242
733631
1660
15763
711942
664022
179783
235522
190670
37252
202960
298806
181756
278400
884938
416083
243783
126129
946778
363228
188750
3894
218894
856720
153617
430358
97163
446042
45494
998443
510622
914110
277655
157976
879209
724004
164501
723440
179049
82305
863972
634939
198800
507203
691811
387817
703225
342702
582899
395558
491111
497841
340050
214722
881364
404751
158863
954023
272115
362715
332055
689162
893256
399845
142554
260656
990208
764535
668678
927012
24218
339964
822717
25995
397132
984269
189072
857533
732085
726563
662892
311764
462270
481800
928475
526326
502412
18700
263450
484242
896736
188347
878436
685816
951860
684565
574910
998894
916973
720928
882863
17022
221747
964627
532331
31392
83105
999466
273236
222265
50533
156515
81457
7562
677460
187342
520861
941410
462316
766574
987789
630600
421523
611121
316188
462568
422784
348621
550983
100439
709088
527725
214450
211618
865111
988695
365730
208578
751922
866860
870782
436826
677818
103652
624052
702607
424258
143796
686502
510618
596375
507386
929351
507450
416349
725836
60290
920006
430214
223333
757116
130972
120381
866212
80098
751486
683466
418519
287852
132296
253259
665600
500790
789717
768058
617616
495157
890457
550733
863256
860631
612951
992446
226665
572925
914574
261592
568777
592766
679731
405660
399401
420470
714594
52599
886358
707197
325352
932844
518215
827130
887593
630626
657898
871433
222814
606453
479751
378139
30549
263634
522018
351222
825312
328566
29563
480748
839695
545396
747322
638781
228613
107397
87211
519767
513735
939956
337143
369432
747609
687310
441446
337148
344456
853915
676277
387465
102628
245759
707969
838935
222188
239195
151429
83586
610960
122570
487104
792641
94299
688193
879245
215384
74922
211784
636795
898911
425429
956918
888947
196348
203931
814268
854458
633172
389634
512962
662870
411518
239133
705267
597356
70554
83493
334833
217578
513948
493903
680612
51258
960765
248455
601418
531326
467680
451457
98522
695866
875838
960236
563722
463620
742273
180212
540277
846389
523337
998051
771462
48791
393014
955161
840204
837807
294865
460106
596462
456682
118169
803154
389645
574216
625806
626022
315145
72383
161232
119685
323736
340169
527255
983006
313214
113461
533662
211777
409935
94341
726655
680584
221235
816707
16015
755081
576999
262091
820169
437521
838572
291339
372803
57074
745942
94390
192743
317217
401853
687151
89466
735645
706610
989036
476217
831789
210813
867264
775580
56576
988352
601861
67767
294575
875383
543232
387867
470562
847251
386978
32425
522704
971419
486045
246572
776963
611689
944007
726569
986876
797517
676045
729028
566920
208748
595190
548081
706176
458541
796156
931099
890541
16734
921164
745969
826693
203854
509361
394168
419942
240562
789948
367753
176599
737186
600746
528644
435612
439952
451665
492187
408081
782903
963911
559153
157792
980070
390487
329123
348825
214818
337813
545885
527258
478706
60578
393910
120287
949132
497372
366797
293085
36537
176525
645868
956112
510858
242465
169199
560402
856569
979935
148159
120067
713595
455709
958605
140482
115431
35931
902581
710409
298438
693677
990660
971257
155979
597765
87215
520121
406415
2480
920339
307269
430927
724550
597710
150225
483263
794718
323408
567037
706897
591052
554221
199525
52487
936552
382056
560134
128662
868344
311510
586214
37024
124764
973681
93938
118421
914272
644103
223110
99974
946664
969019
875225
583408
324094
608427
880566
554357
31006
547904
899367
273022
14152
956224
413047
208047
84575
231642
884
150434
205328
772012
795145
822107
214545
156710
930150
436801
192006
272680
101563
510132
751108
406601
895238
188250
450875
458961
225672
361247
389401
759900
321977
354808
245556
79898
399439
924832
324041
594602
981665
348599
866905
987190
778337
847915
749782
169205
258208
703490
630714
767713
690786
956657
675541
654262
455371
683027
593106
133542
995310
696425
96649
795273
652593
544004
149834
455142
771830
6443
491005
497590
163945
815786
242132
719915
26114
492165
773556
683974
917272
913116
912140
72015
62364
242289
888630
80636
840006
16950
710496
940654
37600
830812
178988
336583
782878
220394
212330
945086
233080
853777
158870
353784
750151
152853
43530
150809
245310
566050
502248
285401
591598
897539
872145
571157
357423
123022
144911
994577
84136
984735
790238
597966
511167
155126
250278
654911
489119
690025
885531
163679
679700
230336
971197
982719
980870
124567
609632
339414
192138
421592
920794
588075
821680
811591
490890
854410
429259
856270
608187
814229
189826
341621
752715
498802
396084
744287
7996
459099
599618
266080
981537
242005
867674
525593
202715
470424
490170
626052
977792
32982
101165
369196
857151
138710
945825
496928
383189
603751
20388
104589
667509
170723
974794
896621
278534
477560
898293
774888
90701
811633
130639
545168
641773
662482
439674
457123
874425
270435
176643
787021
819820
842771
235884
934578
319958
497600
490192
264896
629409
400522
322563
544665
166208
138841
781623
938751
605155
734239
179247
735869
788907
601088
481751
113601
502797
661340
219062
682098
293445
478503
723435
99584
92775
229219
363143
592217
718754
961389
631684
723673
261910
136195
688861
901918
596624
912414
489862
625109
294786
862359
243546
217753
733397
328215
308933
729607
619160
693824
109160
62669
781394
242501
893663
602780
232880
289945
393564
668953
598356
958264
74112
509857
305195
348268
924128
856765
937077
98456
943159
218678
364582
659516
245653
729596
268234
151815
345377
777041
940694
927323
539643
663647
225639
76621
929418
527302
757837
319778
756492
263266
472326
757792
132121
101106
933426
165247
732513
103782
324829
491824
38313
703713
528072
477971
830378
467048
490900
429400
507475
279797
9530
485922
177371
287388
279067
304116
78317
900378
397304
904970
326747
401460
736427
191770
994275
833365
657256
458582
239242
498708
206382
929557
282346
437360
181859
284873
160130
196197
798780
707586
94522
794728
881353
254251
39846
369737
187001
470092
657892
574024
42059
881535
890677
191630
985884
805373
61165
139221
250776
632444
978916
817053
103834
328208
158371
212128
982106
653740
798493
691601
6042
88425
52120
126584
761362
431936
261952
923437
426904
32109
80697
943568
323387
551763
760768
73188
768145
940426
423369
321504
199181
20898
706851
947002
705647
632752
315055
343901
484815
939632
249525
237826
663822
750824
750046
618773
187290
167035
284128
906804
201944
933527
858843
540846
10743
810338
823583
209139
697191
992423
462317
906244
793870
697909
968134
159003
641720
185366
133299
162047
286181
60620
129036
499278
908027
506138
584519
226364
489372
582335
989502
80834
9534
355044
14522
392052
132460
675785
501412
414252
819928
690374
203655
445347
848123
133694
304333
24201
295295
678493
313377
550286
271929
413521
597669
728545
242283
979561
341698
765392
289361
255959
106767
879913
319476
303056
901006
575120
60016
208486
253160
356867
806412
72341
78586
833200
720146
747248
109388
521878
948774
783642
706775
927522
421662
823220
498251
161906
378157
942364
101017
448251
63923
528701
384916
174857
276043
738229
506657
72888
141835
453559
195827
433151
907485
925390
266537
13050
87157
125435
9838
900652
663055
405635
23777
640289
256609
733255
6237
561401
860891
101335
485462
432152
499511
192694
504378
791828
638069
178388
836824
275695
593957
472897
134510
360179
659886
781838
267979
262688
430339
5510
181062
550873
90312
709232
879748
664627
246674
718993
300660
242161
884531
300437
219157
749670
797366
545710
642096
683649
211168
647753
796967
306155
601137
437293
258287
908105
389496
177493
530612
217302
268359
716217
972951
793463
87593
7081
734655
494023
667789
204611
908110
337061
373085
629588
188730
497234
589286
443077
856063
950446
910963
765378
79388
550913
919779
654909
308825
360260
264455
989453
140555
831207
977725
323377
221987
920855
376541
858821
272203
812226
56427
178559
693338
772016
173881
244117
743366
517919
606712
705538
144134
737523
97096
135548
34734
626235
98273
338944
321936
798887
456168
843112
817842
303452
809706
891846
31749
785759
746584
203198
105863
158133
862047
309624
816519
614251
636152
859569
534307
251410
130291
124287
909487
330739
107386
122434
777464
59796
250164
824471
562151
523212
860623
930254
200889
738536
872669
838523
224985
15022
883313
585155
571647
949293
312845
44411
545515
833206
851674
661358
165618
905819
217893
722788
989315
769357
484166
887245
923754
741507
367260
5516
327075
742397
309458
576053
233682
125748
37944
4983
198554
541832
731755
375740
161041
603650
399347
453351
775744
69521
456478
913598
262907
801829
367362
832802
694331
862369
420565
802136
450191
372398
738978
556066
712340
49769
802532
227202
939244
17346
245000
674803
501179
421118
27402
342994
991030
580666
667710
622340
692937
216845
319629
827109
456941
28606
280967
649654
688397
593636
798708
240862
227623
888834
48580
216974
713643
570481
642301
3517
343619
44436
879164
521399
419074
440836
595853
906694
199485
358501
711899
380475
223121
31704
607311
770920
404735
148062
194319
911919
948266
458450
13572
984902
674881
882247
935913
827032
458896
593594
798534
785485
587050
647298
659725
188408
16084
91492
563221
630930
200396
250409
353237
307602
116657
671342
764870
208477
436201
854173
82402
872178
618966
390323
985779
924547
116147
648800
134872
887045
201489
93189
744333
771496
865746
915786
189637
255584
7094
558026
42782
226686
712224
586504
315324
995903
669531
560380
587063
538216
945796
215854
576884
720789
500344
966035
405996
20575
780711
770989
613492
576572
143957
526386
575483
114837
578393
115680
608798
74735
964453
350734
343360
671376
418605
971844
876351
395327
999716
661118
709844
745376
337245
897366
817853
292430
887058
998312
924244
947346
631792
539990
169573
298562
76785
597767
76396
410259
81066
16343
727083
479549
858067
469262
402277
595654
310959
588033
642908
853794
613529
313548
833843
916439
865261
909524
721650
916054
64407
543037
337857
679187
844339
171940
971401
132162
48911
574771
236037
940545
942636
718561
910619
926141
392848
518801
709351
930857
816271
56834
912773
401765
120464
738213
454273
639120
571538
553289
473591
322835
418136
274407
732134
42271
68261
400055
110084
910380
227896
313799
771803
707414
621667
641956
129055
516732
432499
369585
276864
549465
315256
688017
488197
836743
523288
958224
678013
354025
841283
60192
271277
493762
586636
650446
558082
367036
930277
530216
389232
102245
617903
409291
642955
64212
645662
861174
341364
751018
368314
124275
942275
905609
670412
669505
514815
531944
3187
186859
560167
320278
137005
285637
16540
571046
292628
239477
404036
457185
334078
274093
910018
695806
323827
573887
976916
273681
688650
718904
633791
778522
704188
374240
608
197693
751861
414437
968475
308219
501449
714588
595848
422159
921007
501511
840556
983774
968983
591755
902177
396804
57649
897105
816134
547161
689551
756355
704031
448342
361484
354924
520905
192388
495415
353277
755366
203256
573230
926046
200403
985338
115849
749937
494640
761572
786897
275371
295533
509882
710770
990904
328529
172155
781394
886292
98128
325784
781229
309457
211649
904243
591159
382304
671572
57832
683961
573217
134143
317977
864807
219516
616142
430929
292470
953814
613599
551168
286251
601977
404442
664440
199346
336612
423944
130162
415498
628252
535033
519780
623348
28165
156243
349520
282197
9520
440468
572433
219567
112205
598441
949015
525055
855816
835850
735919
645715
70354
493120
548031
336912
927202
654998
714660
47602
413386
83276
503880
591661
822449
572959
52846
879949
490356
635403
934426
103305
212279
157792
389617
222080
721792
54393
677447
946877
566577
528547
381156
261635
244371
927903
157211
387830
424779
632414
426319
643426
541726
329704
563579
322711
759854
122325
850362
57828
826600
597688
894699
503831
577208
664345
730405
591404
678115
754415
414697
188930
539700
500245
817688
410711
617038
563368
567435
557502
327364
138282
626447
551335
84051
309611
626229
62923
967895
81269
610781
62833
863520
249306
242656
73237
248669
423519
838332
200766
818705
332525
215634
440892
619813
133420
869172
815175
426107
529546
275606
967374
612920
659921
678418
97560
168694
322072
169388
105433
690388
316415
300551
548790
814345
570376
560401
297396
340455
55205
386800
88547
915747
271512
285665
630777
906682
12659
351893
893454
857857
729875
855911
128557
679069
223246
320414
605570
77859
704024
994200
672787
49095
220153
615196
752748
174903
31904
187239
725299
392188
598547
406204
589428
208789
791895
232639
911650
909221
922211
635485
220125
182881
333797
59168
977845
384332
713541
272086
385895
415773
520575
537292
747397
692222
433928
130223
257007
512309
902579
899722
468035
812635
40225
615208
399118
792365
778528
555510
298971
346910
142208
220656
265656
850401
864105
392155
482692
207053
51052
131414
340099
588122
415669
86242
706034
38327
714809
823272
228819
433558
588370
438525
517005
818986
676420
630934
444442
850876
4671
823234
166779
656009
744452
420976
460612
306407
425312
242599
435595
578617
695637
730941
980494
819549
427168
791247
912850
144027
110441
279493
521024
503940
432401
398758
235981
162681
198281
408952
234373
978144
910346
513954
777416
365973
270587
538576
734849
904377
328930
777086
517949
672268
515397
156823
221203
268706
337917
743100
731845
130087
790494
299735
449737
813097
74866
902373
827534
270874
309983
134064
185559
838605
123275
540342
746539
892159
166348
649568
411711
491736
329237
492755
478661
59257
700641
515504
584979
894097
226205
380878
781286
431888
361708
428199
432761
237485
480299
442150
789502
917955
646331
605525
395681
876478
950464
950933
905172
746611
169913
831076
985868
71187
970288
996956
23683
180483
761523
49617
479501
278210
932160
897260
368499
467529
945795
785695
285403
221816
60129
149611
704819
452112
323594
473481
488402
974473
938729
88058
692661
989888
451298
184467
593136
775296
88394
555517
848052
513039
594284
878516
37813
594226
170647
236658
129423
90719
359095
747851
774828
433991
832234
521832
873185
138839
474417
134779
919777
25518
39432
182146
498499
24138
319112
562602
85492
505861
588298
644868
555204
137355
599960
863049
345706
869994
663667
531252
813968
966333
418437
110181
164102
703256
425261
176505
43559
938427
784057
980501
298714
746538
411861
854476
908908
250494
646271
774207
787410
924785
732783
135329
34659
568705
130944
455163
430525
967600
765762
93540
277410
511197
856775
313462
786163
164496
791470
597468
176890
319154
326606
552055
209583
359962
441660
797355
512398
459021
489070
878712
879275
522593
318396
186657
619981
11931
260488
345148
62440
922205
809538
858874
272271
385848
435095
920183
722017
248266
706249
279540
310490
497707
837530
235542
850904
176407
766692
613037
116996
136176
377572
164221
351066
753712
962702
204877
881383
37503
318879
455514
235279
421102
723825
318233
616760
894960
672600
339439
364748
972116
632092
126731
770778
95144
262011
998445
297678
796789
1938
655244
607264
346318
598234
429553
566771
114035
319901
503748
825455
128215
902104
102172
761765
542703
991514
233654
552539
150194
83853
396566
540307
340358
458560
924112
306216
849900
210186
443538
96268
205483
181612
561164
843369
260518
390843
963213
664890
644362
991963
958356
932998
925492
966283
135132
601888
73849
276874
615104
341570
814072
976641
273494
487540
91468
622324
99263
447175
296163
111872
593141
144468
890340
20689
227805
190516
41622
311288
885632
439291
563420
252799
494744
957304
521301
392964
218493
362399
435045
897233
146278
250823
790663
403349
229690
180501
174404
109150
998445
431725
954920
875408
403883
646816
813374
554982
550745
580934
445181
659796
831190
815228
566266
835824
486012
154931
855642
386812
652319
320832
459614
447699
209944
579857
195888
738900
774184
94956
404649
674195
730426
595714
565744
567706
323716
945029
225943
743272
201241
10461
869024
285407
582222
544984
385091
664655
881679
158356
426949
341769
743603
178360
710019
445247
955449
157307
349814
107195
927043
443243
59041
206840
526287
918392
571050
541699
862772
585738
726179
156734
337965
40069
336901
633970
229398
241120
348066
862672
925382
585855
76087
27527
745455
903094
700939
487372
763347
376600
755453
611764
686578
335960
461192
217015
690840
626171
401074
60520
647806
297627
920291
588281
605269
907432
958662
153588
157196
160435
926504
382774
706736
52388
430502
215976
842484
478394
647412
949684
332272
549649
107526
372607
877180
789496
509943
937169
228990
71397
233492
246453
582642
389980
194912
31008
174327
936488
383390
856487
52484
53756
282952
864812
390400
512420
140310
607109
649000
728327
644746
213289
367456
318697
920385
550409
518362
802786
542511
299062
7073
409277
430472
476239
846402
508344
867845
275569
811081
456695
856208
311470
989400
954810
538387
369515
884038
378748
712554
202313
673347
572839
921932
576305
77807
433798
400609
684166
243046
45647
222063
845584
477798
383859
370541
654357
854190
362069
272437
447917
237089
116940
271841
439744
867927
283108
272044
151005
155758
437540
770521
898505
883455
452981
314662
53123
72136
267823
160625
655232
411140
326257
697137
246056
961967
300901
867044
291677
311635
734267
10718
895524
865059
740590
992565
168660
199140
570082
471623
56997
352833
599278
578004
658022
95315
582761
615190
829398
788086
118974
356496
825482
913555
386391
748209
219408
236487
773839
788778
404029
793837
629511
695955
602121
977202
156349
689709
948702
597384
781656
97076
473030
132541
74438
384526
533
90802
259609
63376
515118
939607
969134
717964
117081
943321
588007
553317
477022
111691
63672
311181
674447
425442
883160
766794
532108
497825
812060
668268
414391
554204
227800
407319
723729
813758
131099
603875
453978
970107
637137
111103
302240
207099
787784
63523
66051
670178
733489
371398
325825
77840
162741
531359
74727
940305
28739
572787
568404
471292
582375
728105
27470
855533
599746
790090
588183
868649
697117
671441
134694
500257
951989
301698
487010
712699
559597
301639
332815
258415
872873
756003
280616
226823
545894
841043
858824
325475
206301
435929
32986
680898
38765
872067
704177
674199
950263
900780
834474
567929
171016
26344
814820
795147
741993
570533
633300
578634
755740
206039
285977
876211
461476
216546
67457
567737
415129
455699
529057
282508
716005
63654
811354
44061
935460
968006
980363
334403
773946
1411
250938
519836
547644
711073
189820
103462
929181
491751
826350
536069
306190
183550
532604
898040
820705
205046
104945
19567
455700
551921
965113
929697
750696
23968
290417
720873
780653
618995
186159
928732
153740
504152
231549
774943
822036
47636
409069
661357
208083
763076
782491
651448
636028
842147
584135
567827
978497
775825
791271
316509
89399
346771
474815
549311
801620
84623
666830
556250
954020
297398
212187
551529
81333
601560
540271
850489
962958
709637
472773
472564
31960
875856
764270
399268
383069
859525
798496
312987
748586
514210
60111
228265
94211
802751
596008
151207
245418
997309
751431
953981
975877
805138
339260
938015
321957
311822
358581
155431
475812
999032
909727
517921
356431
67469
383525
156620
291044
109580
166380
317484
69006
588037
224023
189843
225808
316436
154036
183601
301147
436297
419458
570212
41049
772968
691883
607964
409447
81524
389554
468513
44021
553694
425996
220643
5129
261962
398950
231304
739293
292546
409531
312354
148499
143987
765081
454947
323379
604598
468419
483113
356497
198045
482917
436692
443484
437413
467205
376039
471699
867102
281639
922358
253332
210337
211884
268244
230554
855891
766661
448831
255428
953685
850616
386348
538529
933912
780526
374551
274878
739168
277678
969617
666343
134381
138492
721997
433740
905055
606054
365925
301315
560664
136627
373992
431646
712513
800602
652023
674908
787810
30296
426245
57344
609793
468006
505525
633655
864522
809090
687951
445796
791870
789029
612398
873436
118318
974917
607576
59381
949924
762668
120821
835125
658515
506196
61639
185791
581846
821084
336338
703030
280161
412830
190433
108234
567629
492012
193444
825059
304735
350682
752271
604083
107143
254714
199326
863216
409991
386706
57484
909420
536656
309979
828370
686310
771384
670257
688922
267771
747608
77448
252036
355343
824228
706203
811075
305962
856018
989220
521977
264341
272743
64150
395793
369002
46992
913949
939163
552376
280857
874478
436173
277176
707224
830506
278855
509795
536241
729241
368390
484979
452342
550384
152180
97012
150836
17414
56874
56436
40092
507596
747123
837083
793490
392942
67917
364998
402751
859012
993211
472708
216510
797772
919123
108202
816132
587402
185113
746597
514163
427642
192448
383989
510055
14212
320806
291362
766837
270034
12661
48937
378087
143141
245278
911006
134179
896559
880060
843504
474192
424027
866435
197687
232519
389430
433162
278754
602719
182176
782401
901421
38055
254007
34699
21886
702662
107208
995367
649668
733751
349130
555002
19037
229398
683022
48910
763764
669724
785305
175027
53099
515993
231126
274382
536173
204916
420131
974063
257855
494727
994645
67760
870210
926196
410111
637734
875814
290994
254968
260553
136188
424995
61057
5880
472654
886416
276603
125032
302841
402850
689337
585153
748705
505340
378218
148203
551917
343498
590409
318803
65004
954155
848989
302932
334543
697597
427682
761430
790782
272696
130204
388463
941168
373645
104717
790827
277350
872658
27465
73673
5585
966900
658288
32555
917061
233241
538130
546949
863354
770261
21064
560626
691862
407704
970390
937469
731084
102368
88634
79248
996192
72925
979642
934033
843038
204519
137821
374814
76976
280617
564339
543112
157172
901998
76931
521239
147147
798793
638344
604808
85498
541384
750339
570362
417108
811171
891590
556138
955182
51995
791310
492158
959791
368229
123959
224029
882615
969931
593844
679668
527114
89196
870050
483648
374470
512498
525313
257716
603262
583294
772296
606232
953893
969368
449947
908771
435669
866492
730969
451870
249142
146127
835500
868844
827166
141846
281891
367081
170324
290796
152634
37009
852258
839733
728529
445401
368255
781540
107083
492949
726381
456193
601109
726683
871501
739068
603380
890015
928755
454687
194820
292607
351664
227860
573044
135574
363378
138694
239679
279991
187034
780160
268910
811084
701447
89367
257959
775525
106948
535905
522331
768668
459266
434019
659358
823324
237781
902274
238215
429138
426865
836473
790112
109989
942101
186421
300444
110327
30633
2832
885896
495211
809387
469595
558
570313
632662
117336
756120
980702
80772
564978
670657
138626
240039
533769
203798
644426
187733
640668
132042
422880
99613
537679
919691
367574
944778
731768
901191
557211
561947
707210
338162
901587
784516
631587
275486
822934
482517
587135
661767
71676
373354
321735
524109
817928
364316
394300
261911
615772
31502
516873
340018
26368
191015
803833
482279
895679
777812
131116
179203
139202
318253
516389
742254
94878
651648
360568
160609
127433
308484
830569
24317
536511
14891
489036
850866
816014
458127
810362
118603
98674
383316
891409
188072
194200
237980
81758
682357
106111
109111
718334
965460
158251
886483
109352
445303
995923
230500
842188
29411
363659
750146
517098
133268
315240
753809
979968
175302
344027
828653
783492
148025
566330
372905
788945
102640
622039
324569
195326
626070
654959
791153
282462
173864
470663
759907
375845
471539
869218
584040
353977
498443
128734
469930
488820
187662
919031
865292
375017
841561
467789
974248
227209
770080
778865
639227
328736
954
907644
171723
237872
73021
452358
788862
121523
284282
254739
357835
865291
297146
671229
198899
768822
750355
640385
94282
834324
575112
850906
349629
565773
622974
765057
903425
43292
600226
394274
259526
236190
114757
391014
989462
934033
892305
266557
742953
407785
218088
942776
882891
35061
599087
8622
375717
596792
95218
637589
361591
83176
259711
384002
556397
976860
912213
971471
771513
314972
299872
305460
616550
388876
768839
952269
669437
737508
484384
380356
554771
945446
865804
914158
197955
540919
981011
246094
918099
20001
784052
306786
600735
38225
829345
86185
817482
427256
42872
442812
855690
415002
585941
703364
390738
178704
434753
448526
124626
437013
439744
288061
673889
993019
225713
190608
318944
473820
842348
329367
564074
514623
527364
407579
973580
296832
158325
166285
523007
90649
521274
389184
654659
46993
660894
131419
661466
893023
502793
898721
287369
277646
358861
521181
850761
54366
746594
668321
855132
144003
970325
793510
315613
425096
542586
359570
511602
881051
558869
700563
964114
72947
907052
436895
871238
883653
84284
978146
553665
589631
803510
422635
154928
9301
800684
287972
598262
636429
835624
817124
459644
844147
444133
972224
809646
146561
734263
754142
78811
886362
689104
851258
413513
413096
611153
773725
360521
258833
478994
489514
507707
133516
780741
292614
81952
754847
738588
654531
564589
834383
851306
709825
876399
40257
198291
894191
380921
144348
740579
608722
127680
958089
735053
818878
827359
902644
389662
100335
26555
428063
518433
51585
647254
321483
290501
755266
348140
202927
838530
797479
832260
465209
346226
919576
796683
201887
271964
299796
131831
910158
412106
274419
709507
583063
709388
667419
340702
194113
822020
386204
260353
638231
2063
399570
845041
700070
683685
455842
875370
578251
174164
77927
573932
563486
720568
494072
50676
840477
257374
312556
769514
839769
743072
559460
217200
149772
808798
964851
864323
97063
484585
483948
850721
306667
811135
219285
835061
185120
346066
151806
665065
523041
814193
587694
707527
929402
257300
108324
958449
736732
1761
871545
376679
556354
299949
123646
891323
64233
631362
59755
904936
615031
361630
421992
845400
519684
358305
912541
541710
640350
916177
887102
647302
765702
410002
481979
982689
452360
960363
643934
123210
752213
754046
442524
890263
546775
281756
373706
256741
733836
419163
399529
324828
628845
186203
708786
381031
741777
423720
221345
471261
511255
29238
644975
663840
460800
125173
532930
150195
619945
31708
339551
950532
967077
729215
351264
652418
396849
195178
572216
674335
361459
948868
770765
717645
559570
648075
727920
413043
493160
712089
475897
972343
496584
728791
50484
299184
997133
819760
158594
701922
244086
572860
912737
599598
47002
70917
317477
940910
339995
641580
306031
666547
732587
338284
125785
74786
566089
659834
657959
841087
122637
986988
93348
865046
828765
806566
229418
192653
612028
856584
355744
135892
693163
835184
417652
882573
390329
489858
458601
591791
724903
377672
317147
555178
407310
372896
249345
355797
842279
607053
34660
740061
274650
413236
16841
671312
299658
584844
660055
241144
408298
996668
743944
126595
64212
453630
777074
262153
982349
934833
977811
758880
605393
834563
279928
166113
862612
160640
726727
947500
108818
761521
19763
4609
979475
6492
739413
417901
708753
467419
105739
698615
865225
529573
57025
309302
142816
361190
747427
885102
34171
130883
340147
588923
278044
121438
801202
879527
825279
967280
865745
534061
686835
193540
799450
922293
510713
937716
681823
728592
36641
950071
488514
157094
673038
4350
59835
837191
467297
208432
890816
560468
542562
746332
258955
761772
77036
40
969813
243446
62297
781517
533981
163912
904236
99779
977473
10038
858821
332826
329821
737601
410260
659038
463638
528672
113583
73013
435776
326968
263039
265320
626799
480096
166170
305810
277923
970539
141840
123695
122578
868732
970859
230746
125633
477408
201557
975377
793023
519546
598595
493368
54401
341846
48452
615385
314996
676659
237799
162334
446130
595192
866434
711808
342645
174799
11122
196206
105779
244174
558392
48942
59608
634384
734058
92155
879991
212633
570667
238382
207504
120970
421343
104642
771186
126008
258883
929889
20581
866535
250087
372537
686598
901428
137539
205451
77918
98042
411947
333795
918658
871918
949769
563196
662138
297549
490158
231980
176542
293948
522050
430267
53255
71553
699620
146927
967706
653127
545427
379503
83081
702357
333611
228013
787121
761188
188488
330553
684742
110867
266546
319954
350485
820158
184168
184300
109668
917477
795572
778303
111089
30948
977475
108352
909181
143492
62684
645377
148083
206316
770247
762591
828513
702100
793024
94389
408718
627365
609976
757093
114958
314475
479515
731794
493101
552272
88074
919945
742717
216881
278801
955295
331292
215296
936723
937483
356634
434893
834622
308721
884888
897953
727206
875070
599202
881213
239525
112708
132933
743363
642862
360364
436205
703662
562018
814128
57385
260857
904979
775572
788638
368750
342769
110619
731389
892336
693456
886979
845122
915948
359399
611893
557837
890830
888467
182426
113181
938027
952702
941575
26668
79379
904000
618697
634
116486
500318
565316
823501
164293
948534
212830
471755
749458
79013
795026
857464
421909
817935
138189
618328
905675
145940
193307
139050
980355
194256
972135
305770
400938
305133
847863
369596
628973
793789
932034
269731
590838
284213
972410
764957
122168
153734
866740
677165
587795
228666
170325
764922
133928
486618
779004
77337
638756
780500
757274
568099
97775
50952
464414
319053
266812
188420
173184
314863
275313
685546
871907
129274
630718
953613
841745
666474
483277
249688
309286
951077
865972
599228
232884
634571
383647
161642
175228
858356
375930
955338
76997
925591
906458
786831
798087
103695
80848
915069
47785
173509
981635
202370
477770
852994
741595
716896
83120
741047
210065
614925
887839
108697
35435
579251
821443
565033
600353
127505
626270
202015
792182
533757
551383
153599
257116
54855
505832
636094
483612
420100
891261
852993
597225
127732
117992
870859
278255
850238
345320
88777
664407
659232
54099
201563
432934
721667
28709
400734
238920
944226
380348
298981
129597
154741
934145
207396
647183
599213
765131
941914
572616
185959
385606
19229
664481
54730
92858
787832
836666
19594
766052
725057
668117
713350
496416
455806
217425
127056
474916
637918
843272
513963
826975
933142
754838
949859
128236
765101
292440
155663
227982
512472
917643
215440
110910
613442
592712
793292
378343
830170
473876
410379
418422
139136
544827
571658
935035
837152
306747
650072
611989
260611
824233
639483
592729
48422
893402
378768
835791
279938
530772
674030
123022
873363
831632
788957
155066
941006
23409
422894
234948
989562
81825
905989
683293
860119
533571
74801
618942
608631
196104
957268
105326
656012
529927
427039
243407
170065
746830
500598
464542
486784
683086
73200
284337
77180
30745
473441
310865
455345
774202
979906
350095
427491
81897
539994
371963
90686
964514
140504
663661
515118
173779
305589
281337
254185
569355
625722
656339
592893
97942
14954
533770
294516
742014
539379
614085
414378
925495
135619
723205
882893
431502
673142
488626
177436
177306
499399
712374
218188
136816
32844
342495
979535
290045
747661
260710
932834
836914
451507
880175
653540
707557
936515
116646
999979
804447
84177
968650
289164
121503
66337
621614
400338
299675
544676
619752
431636
498087
742660
431187
416552
210079
548898
201669
519370
517083
330852
190314
766320
902592
183887
924658
259463
24182
578159
529843
435016
788559
559447
345431
838932
519524
745423
45033
892747
389092
990981
806050
395462
972755
181579
939634
968072
323407
684269
654409
864582
451691
587574
962875
436521
138183
620488
653305
896603
483925
105148
851146
860150
228545
776370
363751
627447
892151
690861
293504
763868
37535
305448
55660
86086
195778
940560
550502
42492
380485
373050
190980
671580
37511
689154
42365
653762
835710
731230
405989
336536
725146
223594
960158
522952
145637
412286
194186
358397
415404
26795
72167
126145
91130
654264
768296
754425
874071
190984
957055
840445
343124
632771
810253
734386
390682
323046
220748
54437
216017
13268
377675
62881
822491
817526
988325
322884
546355
382755
676087
850698
177059
518695
555934
243771
428010
699550
652457
337431
809263
307456
779724
353621
409455
453924
637079
120242
702858
693757
929343
315482
880994
225244
45862
510571
497580
820934
790845
996697
639662
355229
853340
276080
972894
336507
881981
57387
795037
632936
889667
827173
50038
517414
501894
118512
487501
642593
670363
270624
627928
603486
109393
562256
700574
825024
889605
626212
225981
985244
363721
456742
560100
545768
715221
398506
555640
545445
575523
709482
273530
11306
957876
369351
819300
910191
625446
376670
472766
300935
300108
810973
41711
585242
491636
69866
877006
759989
98265
929720
404698
23920
778453
299817
955016
90297
51794
715416
291000
298403
74809
124919
749886
693708
378428
391653
817
830810
132617
688573
157559
618184
152209
204313
964870
917550
140002
277918
606891
645220
12710
951482
555520
328994
294681
438882
868565
138460
646116
349678
902569
921141
143012
27535
918465
235572
824748
836179
164825
163454
954984
773277
598353
439052
21598
659372
190069
531509
280602
43594
703530
493982
906920
722180
515034
216722
436988
9892
800407
245533
443812
431188
291134
941167
172091
705523
138574
803457
681066
514055
74824
830602
111230
826633
319028
521745
247979
162649
266047
528468
836249
545519
975847
801275
291682
929853
225324
89964
811652
117803
355232
524472
579601
816295
683302
60735
482585
344306
595658
638849
47632
235888
853716
562152
134499
979133
885221
892673
942584
676351
53736
375164
769795
488334
85335
176622
656863
221872
87497
34250
570525
554471
653375
795902
545533
382092
907043
415486
136579
691556
461702
815217
264332
806181
931228
442803
163496
347519
156983
685467
864583
824122
413768
145250
707081
46131
566252
531611
772774
22659
660027
521936
226632
567009
640538
261745
152724
801238
706931
44935
122922
711691
686958
201896
10826
558447
97245
589088
31033
861102
957618
527950
963642
715194
42708
708036
672364
452881
869810
749170
464875
938860
98031
599204
244710
554032
934091
487069
783235
615472
135059
868839
737888
99786
884036
640907
890177
593235
107473
564524
865355
579808
325334
549705
433244
911437
504227
703767
761468
294976
556967
151244
625269
743459
430038
763756
528370
165324
189806
645
534924
180330
632763
84711
322743
263918
46552
811314
675007
224145
567962
894300
827125
298295
885595
82009
653901
53415
146209
154337
70709
457483
530302
45560
269765
386732
756261
690632
3780
921864
693807
65993
390352
91369
402264
939056
369585
860410
589194
775395
747701
895910
937406
608247
473587
749143
652182
423704
842870
933341
739242
34537
547646
953829
321497
310119
174226
168901
363145
502542
867450
123388
21880
983204
372002
743525
966140
198316
930090
559441
363603
730062
304020
431893
542065
702693
140719
766001
571158
29567
475964
9148
989642
750291
23976
72596
549900
801644
557257
146147
840498
109714
702813
879414
113515
97683
909306
91401
875066
430544
539205
279383
482438
473645
553171
849984
950165
837883
700993
383498
551022
796134
354287
569674
379149
859563
199398
774295
759817
960843
275132
889305
46186
996228
16425
719833
210197
755766
431344
601458
950615
115642
536456
520693
513322
374538
195730
187983
302463
988727
396528
302322
603296
762682
326410
667789
690859
130521
714185
495347
131867
910804
197189
280813
32470
485696
896706
484046
559980
957017
480802
786574
438824
409558
425153
945804
449949
303996
632636
340877
792435
872598
764439
846582
61249
212617
381659
174909
51609
892728
45875
378727
397399
15234
278149
816078
655472
643881
159412
455942
576933
369819
776838
720604
659928
797852
213288
916323
175600
534122
697039
162706
97123
585327
534503
323849
481129
375238
563328
826886
677509
492471
326326
990198
886832
866948
245022
65440
958358
425172
163126
307403
384901
108566
333828
810776
657852
251947
588705
789441
976703
805533
6593
208330
403424
589898
399535
751113
772933
913854
90096
899853
595564
249369
585475
30043
370598
764128
173453
791166
75568
600976
506567
47076
449514
949722
711275
838382
831140
213604
333979
603766
630576
12698
894318
979243
97276
839928
150221
582270
678045
732456
12238
398900
895324
843670
242401
466177
422982
777031
246405
984372
806402
952090
586483
195111
565246
36370
858722
298727
945652
888860
182950
439205
736952
861790
956780
621091
197765
380277
918604
856134
203275
180573
853074
75957
331289
332491
840409
885891
280657
419648
894280
465940
642520
241878
985724
820714
337708
28332
325081
162438
330937
278523
832212
963957
643244
736360
839497
163594
500794
422524
872948
64394
574659
571207
888153
235992
396944
212443
614233
274965
641266
202553
24940
384366
487172
495786
82418
334083
140161
487094
760155
843462
606239
352611
836973
187051
475168
244231
341860
616196
251089
158634
657309
125663
398405
373805
62178
494010
307547
899875
253644
704095
446012
674222
212084
21836
404102
142345
970519
439497
284605
267684
245892
851495
293131
396127
426635
858834
420484
176968
843986
911798
556360
731926
163824
431930
767094
347298
221005
350202
817750
6787
617556
733655
313847
767382
635130
88049
289973
508225
308413
349213
813694
745994
259281
596997
952536
94997
69321
401923
898428
398417
973558
464653
964338
745529
150142
340721
18040
192728
500579
906770
362070
848409
739950
837387
76817
844038
266628
101542
561924
459306
301981
649821
97407
768061
466962
144887
236755
232086
42654
861792
229983
286249
690130
132858
188613
666356
868214
178690
939354
938072
724036
467905
573758
936944
55569
862578
115831
274411
542112
513098
187988
509706
315969
89167
275447
359683
750041
771318
163312
861847
307354
804693
988301
734580
753981
512883
947366
757683
707518
957317
393042
161537
931085
429635
637166
597341
87824
806769
246629
986146
8102
64830
983338
997952
362204
501723
361649
797048
988601
794709
647904
338686
974047
954531
799378
304196
56696
852794
424840
838645
401056
199361
957487
168357
807981
737150
984993
783263
343105
38201
854454
616620
810098
895455
451210
919963
736073
967921
74847
321965
491029
430150
703638
359220
753227
855576
352392
206226
20432
54083
477033
556368
915873
1202
223761
531213
538739
992876
851022
898948
662187
758103
159945
544156
537070
328235
637903
375087
343499
634842
275612
761546
882688
114631
140836
435791
101926
776793
322408
592902
32129
732526
111611
109935
170008
283970
157379
385211
828838
782814
970139
679050
729015
470048
938023
451477
28111
350884
436413
951495
519190
55561
77190
424807
814362
245563
618551
345030
505917
554202
624032
426711
694794
546709
144653
104415
602770
746598
965019
402000
50824
560668
645252
232987
563100
914667
215149
38186
96552
886048
151198
397472
653120
758494
114231
849534
824367
339218
809850
168568
445707
317514
402963
785275
817142
51793
692022
349111
408341
266699
682749
543294
503740
307466
583060
819790
806187
490426
911932
275098
494868
236144
96838
609489
2290
16101
956730
301304
287254
57235
757914
854319
608174
170224
778975
880684
857419
194320
128860
51545
803902
437856
588656
27963
751144
409517
430314
301112
88880
953726
597781
406849
826487
723956
783084
137601
264475
37857
143239
271851
34726
590470
310505
258095
708629
919241
545459
868717
773307
72665
650205
305442
692223
232349
98325
527608
770959
516641
330506
660171
22951
73450
480787
501344
14065
189220
375094
578892
373656
972989
501114
459656
666076
686414
257082
873184
998152
633887
662865
18423
333276
612825
291001
714655
298975
799643
823030
604862
241237
620945
542805
978263
704341
117938
127857
655397
19756
67905
351589
626912
458622
187803
825036
654202
721772
918671
478282
306093
74237
543870
516971
417282
286450
50779
988521
761908
490558
4928
123963
213997
939889
770297
382075
183904
520028
17226
472998
252589
823776
271837
686829
262738
140727
205265
19358
446059
83456
491926
761946
627596
745185
30862
220971
372041
827752
599393
39771
91652
681660
119666
163756
481822
15399
908395
788391
268533
460103
463586
320373
389234
258497
574290
342513
427818
537542
458427
142355
350928
954608
247469
727841
559679
261972
415282
92564
457338
341400
556483
455558
306016
18132
829420
233413
513578
359599
555213
757601
332926
892240
189128
911394
303722
448020
644686
709450
489389
259144
697512
614113
28596
400920
1424
259061
800051
632966
758350
421433
777127
164965
557971
854813
645871
78588
414714
524565
823882
130951
501742
299881
404135
441724
728877
8636
966090
429246
554439
111078
154102
619418
197100
206114
529147
199426
135225
959757
260787
731693
662115
426720
320782
731550
29402
932642
516660
743710
841664
506934
945916
335350
36314
516391
2662
193101
788240
139411
159886
719871
582797
630366
265932
61160
294672
372860
674448
905347
316948
318463
475795
837495
80371
295805
984919
806988
292039
244855
258763
291032
768550
277122
828255
679907
434856
156546
483980
698572
766319
916040
113707
351609
745132
816530
744489
497200
421969
625604
756312
315325
420183
578629
382206
791286
579828
769803
450646
573151
452910
593377
299855
568590
949968
370282
54831
447236
829403
787037
275663
450138
394899
83128
126917
697080
431146
859498
250310
984840
381199
833528
345862
663839
321118
626853
678109
361930
278835
905929
907231
925399
985233
115944
505657
141518
344071
46177
997408
85007
77798
367645
733670
265309
964891
704713
410402
899616
542106
794420
554269
126744
824438
852976
321533
692438
939626
940626
628898
908963
407223
948638
548552
524809
439690
723529
247839
737336
383923
195927
378429
58533
872429
673431
237970
853141
74248
963399
114101
481157
64597
664022
135121
913905
982114
722107
430615
654609
120949
339084
414573
386177
309330
300551
594647
429679
360963
250968
33831
866339
65209
668036
733771
353781
439079
774492
78181
848738
156413
539155
534471
429299
947269
98871
689866
387489
2317
909397
35995
796608
976521
701170
191533
249333
835675
713868
818774
40906
162646
319507
5073
862131
294846
464601
430911
541446
337448
392888
792081
346
62583
322339
678914
593285
232715
813034
972650
916282
271847
336268
467270
800766
351356
165241
194608
485476
562639
807014
813772
862631
888885
459555
952462
118395
801827
529901
590511
1875
337763
765983
722573
697164
593015
681665
197891
898317
838211
9569
415959
549659
881980
529306
43348
203641
135440
899968
319511
855728
68289
735660
598589
205011
124743
177805
52746
309785
572274
191988
963743
44206
61556
849571
974283
266475
885007
842898
969547
598393
758619
565012
599881
482906
953028
473948
859904
415222
65267
920456
832588
379833
867137
927831
614605
258238
891046
723422
226749
443022
144683
195626
985867
700449
740324
338609
116537
489780
207356
408589
616348
791268
330589
575630
95452
107799
614476
656236
858576
609099
496447
482940
670109
798164
414114
140834
93817
269434
920824
130174
132634
59689
37752
706806
950132
40411
780586
98464
289604
244348
343998
240798
48208
65715
784635
531069
699397
38242
608327
430773
435842
574719
937221
902353
233533
337863
502970
119688
968844
325008
887018
894109
746427
379369
124
792003
412131
884600
294952
97567
86626
740681
158939
24023
770717
465755
716620
839251
368958
296671
162457
45206
84253
661574
947381
105121
939455
840630
618396
222583
886521
802092
165705
690798
35398
551975
544758
826164
222209
538863
698375
766962
333569
563576
562728
280417
639898
587680
343333
357185
842939
87879
642830
161630
116052
991004
251743
44182
300197
169267
832068
837923
591579
323956
802877
244555
712013
361407
73293
424314
267245
433248
301462
113322
776197
267234
487595
456473
659247
154417
974012
199355
42979
841112
496728
636453
406575
343964
527011
618601
136693
510558
181801
357145
942793
570549
344842
402651
587722
944545
649457
270564
934076
279926
871811
582747
64438
646147
367475
758764
759938
926837
453868
472452
301793
277140
341080
521594
693118
102103
199831
2107
22310
710408
389137
414803
256524
192115
757734
199475
649774
70989
60126
513223
330891
953472
374104
264890
188091
602066
458677
485448
646383
371681
953494
662500
71546
868813
907844
232995
287610
105752
435536
616732
363078
925284
396659
588186
786424
576957
189250
372143
918606
170017
942006
744246
706283
466348
867660
444645
112947
496773
594342
193591
270843
308979
602859
781160
772159
438521
785331
2442
733606
167093
186336
487924
221061
679668
566091
401676
752883
863138
494069
421891
773637
307359
846058
458156
511950
202451
521598
795108
31005
682002
359439
624608
750280
706909
579849
159361
292228
859795
443164
626775
944789
309358
70392
896651
220206
525346
290126
388994
576286
324088
267776
220751
911543
934519
323778
181736
212200
135489
166790
928102
875008
762997
325349
922380
392442
27954
762075
480739
894029
772420
955228
488602
892934
429763
888009
156159
804066
571398
773049
345719
158695
36074
25085
186876
763695
376338
566343
819249
174882
467372
207419
355050
733762
999677
725043
777175
157703
244728
448629
628842
366434
247654
134713
116253
279044
488496
601912
266781
379551
619912
203512
799515
261231
726963
403044
704055
191705
998358
250050
376805
684564
431653
584825
407247
229690
841451
630811
537500
26331
889736
367645
64124
806649
219765
727866
821536
215535
927693
537868
810234
826062
850651
311208
733492
885602
336349
738595
307596
856204
936123
582800
793515
885233
647483
279357
930313
297822
24357
571521
666559
271174
623385
779197
505156
592770
854646
481596
644683
351148
707415
893094
136703
659749
666150
178009
353326
736433
693560
800334
143262
157876
102341
150480
400599
719061
327273
510853
460078
781252
106554
739351
318096
640061
791057
308618
181382
279915
113550
144099
843919
680869
928946
522317
759607
722117
971698
221402
374686
441770
353416
262296
318606
784917
804677
41678
580117
729817
750715
826061
424844
237496
961015
909843
585951
902845
455692
322218
22269
44051
768652
816490
85545
791393
967155
761339
700417
190236
465400
142790
216262
571137
168268
123253
91772
447839
339008
488173
68393
413903
879297
724834
625207
975983
898816
775123
47534
289783
193606
598570
370665
637166
141138
192617
972782
725024
461248
997305
691935
220950
372834
606364
578790
625180
757397
293182
755324
857078
811468
670973
831280
902050
496547
264555
905087
467283
535537
497032
376949
13113
847480
288746
120804
992464
215522
360946
768655
218957
166976
684678
251869
309154
100457
742836
132733
673640
237135
223891
661812
505519
308520
216500
667817
170937
746224
422327
998815
423128
489425
903354
918300
356042
518596
813813
318434
792412
260716
512312
873645
231750
790696
203786
290942
812615
104535
612474
358272
6119
520878
686774
798202
850329
584670
711659
124049
614934
272187
822724
179061
866550
607148
828306
177057
31620
447674
811748
462415
137218
795889
935202
256427
878069
88627
187577
414392
488080
512486
254317
420942
890377
772424
622373
115913
578934
616366
885779
722527
731802
825259
340874
291762
569248
550612
537553
22077
512542
993310
172111
953764
807090
750849
219402
104601
623156
604070
244509
589603
580713
963669
438667
79477
129915
672072
579731
18093
492851
104093
436430
362686
434800
659788
944924
19374
516068
171146
457015
379134
334010
325075
717246
258121
697685
33445
7513
970214
525286
485691
734145
88206
431932
290221
511790
469259
816027
914066
874209
761349
706331
278027
704960
836219
147922
788019
180096
192734
1428
276276
102456
428612
413178
782685
86008
532100
191384
137849
330583
620905
279383
865212
731429
301962
330004
276819
754831
662413
355344
449088
112335
644934
838505
256857
41653
631356
976693
211721
250314
750690
591261
610261
101538
491642
727789
807505
742365
513072
36471
830174
194062
897568
724586
515435
697333
910716
370448
430298
12268
503051
341255
678529
388381
567472
583837
780541
263485
272074
836349
462648
798234
124515
520800
782399
382920
496688
389555
97520
863194
435512
989585
548098
886030
88697
28647
116104
127381
849370
337705
521278
373876
506613
308525
945705
617653
90614
129200
928227
77122
525775
828002
644778
833003
47198
127774
531853
979932
57931
5954
17075
345046
983628
153463
449191
188777
712923
797668
903811
45292
643416
809075
856496
518076
251507
334045
151650
222659
53860
531837
684277
744705
338808
216019
47925
786581
520187
801652
642100
693537
716131
912414
804949
351182
620666
538040
626004
681408
110559
785258
75523
384977
447406
655097
564542
991461
949025
979212
523912
684038
268706
772230
359745
378052
917360
724260
193672
270163
494134
571313
871356
232407
246019
968234
824198
661619
802340
761497
123209
597296
642209
966219
680557
943081
816296
361228
4198
294189
938915
793722
267214
577741
477473
657636
824446
209030
104919
450596
603741
933620
930699
835407
184104
654431
521248
146145
777246
485039
343245
225185
894846
416897
46899
600635
756090
703588
830111
251129
833593
457509
80033
538680
245573
827102
302388
845277
712808
227100
104686
972852
939267
751683
555259
423140
256987
714539
416841
289091
757731
580303
489166
66836
755446
360115
790579
53517
24465
16734
244752
851710
597482
642476
36971
291107
359199
23589
737090
751946
609844
453944
972506
285751
956329
622696
122677
198821
751067
785156
265264
635368
553609
711599
622105
325088
910665
379825
20841
872405
266183
883395
908718
392688
362829
47244
361778
234237
473910
168197
792544
998162
206881
839798
95112
209925
978338
681354
49999
163216
429838
215376
658836
120438
621072
30012
175476
518463
112177
156231
312530
121752
530269
503775
721696
79886
271344
492834
333129
38145
184750
735218
814351
324656
275451
495042
647361
863166
890053
459270
745901
693295
290106
185503
394656
685881
93997
892967
323745
305849
109248
249818
691958
193936
986005
149074
403009
624370
910350
484139
528014
409906
146086
864254
74732
358044
329605
510010
252866
372950
106450
213764
755489
12546
22501
655285
209671
527490
265871
797726
115864
856247
392701
322268
715568
479249
890752
259750
252778
598460
42098
908618
291789
780946
49035
44040
53962
11962
575127
113441
244017
727040
502391
368212
288841
410549
651876
368338
828375
375936
539265
902365
473292
244242
659440
977830
103846
379069
244470
418544
538706
678809
335103
182985
633598
191608
147416
99413
644395
490606
528445
463725
698668
248583
448195
419083
865848
530003
120002
134304
894911
606193
967755
335804
140801
964742
119605
39011
932706
786024
751706
540278
301286
785454
454843
274430
868423
914293
718636
685152
469303
503812
108456
138628
15698
821466
306611
606121
545079
118757
459393
232800
687524
927409
172363
540539
47727
458819
300278
98125
575506
710484
23024
362032
948803
742557
602289
449731
817401
693978
867238
64857
883782
668783
179542
371417
618070
705691
641771
444268
791239
492215
709921
131134
933802
748771
291319
774309
101988
410778
281327
510712
230259
198350
167904
869673
202687
847684
872798
60951
415087
712335
52281
137759
154341
998321
518372
87823
785554
841208
215022
258539
340096
233764
747199
181079
33852
404514
820303
553906
144293
290356
854571
301435
938479
23103
828430
371949
58124
940127
997153
760336
203074
148755
139530
814825
124380
403676
375491
813220
786441
912894
854184
831588
245400
359829
901013
320771
217847
531793
901324
606922
211801
22623
568712
917109
811506
761646
332494
299158
602034
312374
105961
179976
634942
824117
937719
354590
794597
803856
723249
510696
31346
174436
858721
302503
461455
506715
312036
443662
940367
84807
162519
912458
123828
519255
677894
53868
152326
253372
874197
344714
193161
353500
968733
250393
66447
117765
82238
582784
992367
465007
380548
673356
421203
451787
508735
161921
91410
438931
81186
16569
335990
912654
234913
567935
57717
181174
650725
254633
201969
301736
666497
172343
618230
259243
863408
303566
611121
410931
589977
762166
392142
472645
86516
899786
926344
331146
316770
769287
487470
290079
661987
926201
899714
488675
679760
540312
828862
367630
410038
413376
897926
810726
89296
437257
940707
319517
942333
458254
982334
193373
295489
602638
706662
42110
447358
502092
539217
572133
239756
809587
895721
493172
309549
738824
162587
240154
153868
637703
800734
921727
994211
178577
68477
721573
901962
642837
869864
953918
679189
725944
40449
195566
167250
537542
338581
723873
412932
769736
818604
149234
270360
66244
747202
336633
964908
867631
48101
549946
207052
181769
512363
925166
820883
992949
181861
950168
663006
678925
58534
686668
243950
513463
637197
143511
181603
914183
653042
753399
287478
413227
518308
370474
110397
709853
424423
660874
933543
156701
968050
359733
616602
691272
594045
185896
646026
368936
186046
970134
729369
474905
324345
568389
687576
561220
981396
448775
371677
533331
512340
102762
687179
781807
36613
381764
481393
594242
884173
608245
920340
891201
439295
707788
85010
933577
38423
934406
573294
121026
231446
573689
986619
20444
650702
615121
954024
502999
376649
848349
255661
988858
449110
974307
46644
587037
66844
213960
305459
533660
276571
346206
893986
951914
840871
885079
910170
504813
374051
85844
745502
39698
317319
834823
779191
949673
521363
886837
947204
108069
890050
919236
423544
706674
104839
124832
816351
417359
163621
685225
364591
961627
154162
58665
907719
84518
430310
252009
971305
342059
114967
259656
377743
290743
287823
2409
549826
744497
951769
492117
902010
178941
940342
966669
70586
912096
386985
365826
163814
419535
224631
230975
655763
734625
696640
990759
617075
574992
170308
148680
129030
353396
980888
561484
727604
420233
563350
108614
485496
928228
767649
914698
695939
894612
607517
409982
81838
507548
437502
388993
40184
76745
949969
905724
391741
181750
308302
102904
261733
510753
859476
750757
429581
882532
730073
323510
805484
266373
24691
864066
498064
352707
638831
55431
192514
251144
797155
37393
578798
161821
930501
900791
985555
680895
330096
913588
1206
81993
193828
276117
800923
973134
219239
478700
49986
426613
674208
551966
106238
742065
927716
183075
520294
232382
498192
75501
358571
880553
806755
636047
219714
223906
65649
24943
90970
462789
752913
528676
511758
879396
670313
918141
171484
603908
588909
773797
938658
443226
564584
406954
216947
449533
744777
169795
256862
18746
588214
824365
291619
246243
319769
66101
707329
279688
124343
824277
494224
919467
144860
370150
383300
858702
839569
349642
354888
761448
56528
845373
731248
813765
115938
465885
456384
672715
138472
318757
723620
41584
341978
704016
959808
814921
851897
144003
7776
219727
346905
777381
809620
424972
663724
135201
879008
333490
482310
669212
315705
898992
159409
831491
291862
595770
772900
374309
498239
552627
682398
493669
927912
994852
790202
972225
884029
481832
195018
431571
603575
328103
331592
909675
377923
621548
491566
719583
656971
57773
901229
564278
911869
224625
392277
791718
39499
639516
976146
90410
973367
911360
246905
436510
667990
829076
350639
178046
519071
309653
739352
16735
562426
946662
648604
560333
909458
363187
76172
950282
200498
153088
682210
181651
682722
571663
579577
934067
902776
919856
606907
813928
132749
341096
733511
826923
176504
743300
162269
298843
275327
767236
896575
798235
332971
422732
318011
163126
156170
929597
486596
839765
757566
802275
275352
777474
416918
370590
790734
31123
389359
905418
875985
639774
873837
124472
718605
513833
490567
672150
525111
399918
601972
138855
110926
858439
504472
59014
433108
619986
359560
112895
644689
824184
900809
696403
519304
668370
42610
607346
206491
985328
977604
12775
176670
814228
444607
188004
702617
391920
393008
544131
665357
398398
550561
153112
66010
732984
678186
694919
489171
11433
684529
335568
52744
247631
206481
721366
376270
672658
670230
648185
5338
65331
532588
306137
957167
763004
827254
264374
879899
390244
181174
541351
375807
434222
553879
693593
830652
815257
95900
977567
812239
956855
628376
176689
165388
629056
466405
870085
332374
911570
796220
945623
907711
359336
408333
778932
156163
787012
277505
16730
958129
317372
19694
240344
215233
508556
964947
693514
761836
56700
490185
690854
739467
330998
756114
299683
576711
850135
271115
422678
959111
196169
336743
572669
953351
943454
911599
857645
885459
478030
758536
2370
975935
961387
743875
649508
311937
225154
574891
603765
123028
577184
883681
221643
939219
91193
95762
58311
638405
576923
334460
985699
18445
576294
883796
681291
63531
530342
772669
659501
172463
528869
522318
638539
195391
750929
44777
799959
202230
553365
914067
515731
462372
735398
88679
949577
397455
139893
325912
888061
13894
196937
808495
619957
786924
402426
629490
825667
814232
205156
228549
532784
482596
898825
550579
782065
187729
408363
391644
757487
813777
55763
129165
661821
74515
812320
43173
204070
317234
143903
938230
373357
334735
483325
636757
119431
67396
879912
271312
373322
131030
80538
795880
389360
833088
104236
880618
789031
666644
742447
133554
9018
720179
99918
849906
891717
41964
341254
447199
379626
608390
153055
803194
278550
165900
962178
815694
250589
63151
15678
759131
890289
429445
720269
898454
193603
222552
652207
750463
320713
179629
103198
257258
500108
376748
149584
940022
272390
743247
176884
447061
466336
132785
864003
997753
476001
244255
370433
387794
297555
838923
160043
320967
734421
219746
570269
11005
548919
144676
533236
746316
423374
390891
964906
681747
210830
414636
240520
732576
505376
43668
464307
547163
534011
744968
607312
204169
171390
825964
225012
445665
185113
721997
141722
470176
693709
450549
93802
507066
267922
648688
387879
822078
791073
538289
153711
461561
409165
58901
199793
666055
756669
295507
394045
791108
829916
732712
830186
885435
652172
556318
731749
220419
823716
862273
706879
271591
405677
619117
134672
73318
543269
416930
816343
252272
267762
973178
773675
800068
130882
851039
64284
546071
509352
888563
249868
641786
9105
901701
510265
55590
912663
314643
116653
316797
755708
950766
112804
640349
866040
674794
684392
141922
735864
694755
575068
108749
761066
694156
465934
337241
81901
794103
201497
201745
392670
77446
685541
339550
681669
203548
295186
404976
170433
421875
796124
838478
9144
70885
391642
80849
24635
216039
281834
479746
235254
666048
954487
551142
612195
576023
281849
584342
213422
327219
481146
620054
163330
47245
478463
37037
328550
373943
290032
561534
877202
696059
128061
712988
626531
367342
65965
148973
184509
69865
985202
438007
506319
290209
47628
307491
384458
17558
430573
484731
621743
594362
394612
406973
11505
285408
87025
466056
553649
617397
815762
129151
916015
868460
828619
659395
892246
608973
989131
538702
722720
9526
669907
584445
205407
465379
786160
32871
971066
696581
345337
894132
753969
728349
213935
258823
924956
351599
231709
808652
135853
951202
692486
893067
386621
766291
456327
208278
890363
551941
394082
224853
133381
695040
563302
888613
722253
71572
519540
32459
256315
454573
118986
127166
439290
440829
680487
267654
702479
274751
86791
270289
586860
510130
29232
563404
249758
193914
195219
376182
318633
917665
66540
778907
333104
806717
169678
758929
147256
973460
75221
17680
261837
888224
637536
358874
302370
366574
223783
243303
872082
455756
339261
384078
814935
263282
683293
409034
611480
572783
836191
355652
214066
672786
78748
210847
270437
555837
221001
720248
91410
716889
381630
616451
467132
555103
912128
727149
996548
218425
775520
420167
820439
612856
156473
378797
719811
530044
439338
962447
95182
177465
358313
758744
287069
387238
866395
850376
386779
991627
285503
680365
343755
892311
95141
273282
713357
619683
809269
929304
500441
497156
278365
83365
465229
133980
146479
876391
769740
872507
990741
172832
598261
875304
386825
643582
546556
832442
623666
237278
879170
136704
405072
843162
350105
198622
322402
110613
728943
549624
411390
455003
521037
915839
590318
167564
198467
83678
439928
893761
57068
974369
640020
617990
69429
596057
202542
174296
878089
97313
799987
507598
8081
36037
215344
130169
552942
268153
813318
71381
693395
42789
796121
265325
470374
204620
135757
747609
261417
407070
382447
53240
351902
161400
273917
125585
255654
610134
613199
812499
978601
791979
596616
685769
510036
783020
225391
810656
449426
735142
551420
694172
460304
67962
525557
353208
891556
258466
229424
522559
188009
656258
848616
455856
359937
736785
149603
318361
693294
528967
262630
431649
607071
944815
748234
718941
892846
250065
624626
38680
408580
723929
662271
171116
313599
740875
873745
39127
882444
256393
287658
502667
668568
502422
112378
24844
735511
312159
261500
160584
533478
55947
871069
446163
114622
736092
16650
186898
280009
133574
850361
667074
378420
394850
504644
187161
106756
831078
458955
676130
676852
918036
767615
396136
26495
822766
75056
539463
66711
372637
156561
909201
258440
358716
980134
608221
171829
95050
585995
111838
1621
360700
99413
278626
104177
505018
384000
927980
513327
170540
176247
738277
278087
596165
328444
40831
269177
155803
721726
133861
885266
288335
368296
477805
339478
481257
449898
531832
62083
715595
127117
70381
156968
774598
795795
173377
599278
409616
864605
982819
563083
25149
201001
843105
137766
587047
14187
417218
245834
419772
982074
637901
517477
754048
451952
26423
851053
515718
226572
816639
466748
791718
908293
691872
262100
157056
864981
780918
537622
195375
500337
645864
102417
899253
718107
205801
947772
958128
734400
764966
817253
615737
465029
286007
281846
760125
85388
991160
661231
566745
468134
639830
953346
806086
85054
10577
432233
946389
76865
254508
314874
574881
295122
316155
239914
946394
555656
255360
945961
288180
388016
714303
788115
701440
193629
49164
483736
579646
182318
305669
761285
21893
974705
689034
689683
911680
488687
841651
436723
973508
350647
453387
990056
651139
437023
715170
787113
219856
953123
999772
536216
81735
340156
737349
732975
786579
828003
772171
886711
789312
964966
407619
934459
265044
170715
747577
924396
144321
119753
1346
4923
170974
367177
20586
931092
359784
890073
185716
195787
235221
562911
842622
418174
844496
527518
688011
507618
807975
313584
740910
805443
363296
368217
355747
264124
959002
897986
159257
967249
753054
729772
872822
532694
994718
587754
409861
143213
931710
949827
220227
709667
885928
612090
320293
407235
967586
126441
835163
202282
67304
686393
595272
923093
668349
641048
272875
867272
511530
741701
891619
481096
221921
873410
986765
947880
652009
713946
945008
522211
450929
812682
852306
982765
764765
423083
764787
587721
579731
243050
653467
883431
243759
800536
258139
225611
912907
633688
558433
893912
82315
16008
950434
299157
74887
694339
959657
122336
59952
242775
418826
54512
105185
177912
370869
285817
592989
14429
814398
220059
498996
626122
336021
417042
875894
512713
274625
43921
522453
79521
902248
210265
389276
350540
918031
152417
667594
315601
72686
844430
602736
266386
473027
946199
114062
315153
71654
475412
238828
80710
514798
555328
967772
779360
977132
34124
404006
564502
736992
342436
535881
625926
829114
731321
428973
471551
962751
219756
764210
537810
923054
129321
646287
361315
64404
984735
575085
913510
83733
401631
898945
928104
3338
446297
514098
142450
696608
464085
63878
18097
810356
475691
615739
409570
234978
842414
480355
712509
776781
61605
672082
150870
481035
72655
295792
203814
966123
99519
244557
848108
262568
496020
292219
584306
710324
501705
235162
782824
359966
103067
391741
403614
9062
139136
383261
739491
629793
796726
838055
791721
750922
935593
647878
61136
215465
902742
596871
490429
403217
967347
863413
543275
888685
346114
122174
126462
906382
705161
855180
303841
398565
369664
905885
681755
129797
933542
674850
67895
665778
461811
357934
426009
874192
732889
12910
334955
505667
60810
971376
480033
573654
658959
973893
973944
628347
120450
902789
619223
646301
642270
168689
851867
659503
274870
607054
787560
303918
566055
408030
532001
12538
976346
312318
636078
914661
152129
105031
414142
574953
404705
750754
86263
546102
834317
104144
98145
103598
147792
757221
339414
362715
514581
315943
278200
437821
547923
442032
814738
464392
723638
688025
874198
645800
166617
281632
407117
60659
882047
899372
906906
538882
137342
810854
43690
189850
146139
23878
210460
545733
725292
565002
880664
716588
146771
742132
482851
973307
263197
95688
764212
286784
622959
663198
776947
846475
930578
695113
479697
225407
3657
220476
286078
500665
613352
704212
51143
97719
197383
241768
87216
772257
380135
373102
549013
215587
22620
208912
282813
698458
813943
929192
250961
128690
818239
619046
121937
759061
637991
33512
704249
51962
480099
417864
152639
685210
209021
269435
462946
48622
184383
626593
423231
601712
347214
90251
369553
97830
932593
927631
513540
441329
548752
9280
337345
693618
645619
198759
232691
35830
749191
584726
763101
843949
281259
56072
785195
585875
564486
358434
862193
584971
535736
824165
667744
200965
355994
934950
191607
703880
998182
631455
445776
762900
780096
125151
498641
66840
645386
346375
304198
938985
580936
836454
151328
455197
303839
490157
408000
255519
889216
374256
839851
283097
288341
581320
424916
662345
984643
587056
701736
41441
757734
911142
625501
290914
896677
184367
413457
3225
655004
106976
883031
50244
490848
878666
551505
925491
117181
117110
375665
789334
709149
830309
463123
743079
567061
728856
973861
680971
670905
771717
31766
856970
701677
313619
536438
550757
291859
447664
722589
342948
691182
923013
366156
890880
552447
6604
619026
260454
650392
498681
406994
827136
878145
819442
547901
886743
266992
125673
707267
50009
303230
748046
703266
668635
57985
399499
790664
145166
831862
794341
750600
127960
613788
605231
788456
397538
566715
209229
787793
405244
914417
50329
38922
108609
240087
975116
642143
593346
581394
102744
450449
113276
176709
366893
288474
829443
19520
785009
505624
496874
944060
328328
566742
471671
843188
366884
750945
814035
108979
510481
54580
36091
526380
503509
458150
228891
201589
387549
508704
400538
330189
990228
127539
122492
467517
49036
406444
597334
631357
894122
779044
885581
733651
515441
828089
204054
405174
638431
977346
118080
512918
209675
865270
467426
943996
709808
87114
764191
893657
480896
398635
850347
220910
294016
580494
359179
527250
372016
460325
838316
254051
752570
810866
9754
462615
891515
155166
93603
849169
263581
17980
86965
41431
181820
240865
822935
526415
11521
657410
944842
885040
22566
280496
307569
423658
3554
783562
693983
25864
117208
788620
198427
716904
362518
663022
896847
614407
125550
926948
253452
121601
533217
822824
138490
782861
756480
642662
175472
977318
189794
403444
351661
153785
252180
190159
791880
54790
444757
986632
635390
572436
285014
420758
948014
992369
149897
10743
169139
468693
407491
155683
229010
476308
49768
829715
946467
783603
316795
426427
705985
431300
346682
901927
131261
23209
511603
129699
742055
39739
472968
76737
736614
872384
274320
807067
23457
504471
722009
795335
651285
694862
455844
726620
945189
252164
773710
621597
76926
905244
510213
408938
149325
712609
166253
926854
590787
986995
325833
484484
381412
483701
572898
82728
3032
833207
422502
368031
364111
403273
770430
430979
442177
896616
25345
248217
349509
949396
501019
917447
463566
392346
410890
925685
980852
269044
737170
854972
789494
69125
147393
276172
608559
671004
839836
165988
200704
70833
646946
723618
420241
528010
638432
756441
448344
962799
888686
907949
916548
210911
607995
947477
62256
628365
577878
784236
339671
312345
673577
727368
471999
185259
102046
665442
3735
118046
706176
493706
593076
123163
622272
408257
492862
450820
229616
589752
677454
105995
308257
337931
1187
577794
939707
337748
35073
946136
320936
722721
245230
770523
371749
119719
968298
500431
553920
630463
157879
841430
246225
836910
65689
950702
799089
213091
11508
605208
478210
940781
800596
912430
538693
753227
66419
142433
793052
667880
187265
256418
105517
604279
219011
714408
87961
992228
246028
226378
666044
347030
475344
209060
207918
775476
653231
459093
471629
26274
114355
859751
326947
915862
439589
566019
134095
953750
930386
579200
892403
198930
903294
627691
470374
34447
636983
676147
334666
845326
907407
440668
269534
738053
56199
861755
194598
939614
187362
642085
810828
329900
965222
247743
721623
667931
578144
272077
276983
580514
795208
198053
775095
465853
960026
24207
526044
970071
934944
926197
598453
656315
178897
581262
704774
879407
302067
85227
358789
232079
311235
444306
715946
832966
445586
404710
969090
668866
945604
483762
556018
492522
783173
307526
57626
454337
230509
70488
846848
697782
512510
902295
966302
297233
11275
384071
588172
831818
701601
387430
568570
204965
192676
902332
900200
709360
869004
569237
193894
565946
703028
185958
110244
24452
772612
342868
33018
989291
287079
807199
691670
790271
343252
563123
191660
923229
462086
711033
721325
938612
635346
959165
143560
951167
123536
100112
415523
248454
114588
533669
512502
406473
152428
406973
538577
393757
795818
939180
603957
643449
613883
509133
282696
44412
507256
802095
440192
773987
547013
504662
646836
293663
270859
464204
596868
939065
56181
449256
192580
14207
437063
674603
185997
838921
984316
329985
547512
321036
584585
717479
484183
917199
940120
106324
38981
649791
176866
267104
837819
408697
745529
727118
305611
268136
559642
353780
819240
614245
914243
326758
555783
690301
447277
303781
776041
460444
602703
391294
973279
408882
42426
774906
429765
519268
898923
164837
166083
492878
146914
121623
537077
48109
169249
29793
690214
707402
651115
686213
477260
791321
955620
340493
296651
230213
691973
914136
84582
605970
488685
11286
115453
271019
135281
15203
749520
597361
616834
292180
738398
985316
316990
540911
188529
771476
522904
17479
978786
878927
244833
222581
65873
898327
514261
522840
314652
141808
141711
891540
999533
117281
994966
481310
416594
623943
608252
304605
335264
792065
887575
38317
647481
586813
469615
802817
109610
656274
944043
677831
367876
843115
566990
588436
104520
179519
190107
344324
657876
293882
768078
155328
68140
141295
953224
689571
503056
726761
624047
911731
715799
34355
312882
338684
212757
279254
867187
616734
351296
244573
504473
94211
303724
340763
160242
934261
184097
712473
399403
136478
666103
841545
171876
435226
190231
62511
599322
874528
330666
604757
372967
700664
940150
240341
369048
274747
536984
738249
593509
855461
11199
543947
871789
433950
213345
302131
324055
71698
502767
792672
914850
260522
268951
715887
938858
785381
662934
51375
345773
957859
784432
233944
661978
115510
877085
131056
331058
344836
992568
317621
558435
479497
31806
868738
339950
304551
554441
304595
916520
290001
750083
84609
30279
844400
839752
349152
869087
7990
635143
940952
496064
190399
274384
829308
64607
259058
513801
913285
719940
791763
975306
312931
768732
794984
114822
863412
144927
173146
740368
543738
197501
205046
365944
777843
408453
897457
723548
755170
185663
574420
645204
191400
331791
58191
468516
50818
877500
2021
14122
103354
849318
418075
948502
46002
928992
818700
603608
671245
427753
864386
195592
487916
90462
826564
790451
424776
459308
138449
7892
329582
906470
407599
130019
675143
503688
799173
329149
217702
128727
315667
394842
723209
332027
553289
606655
18565
370036
246633
477120
678267
347704
701500
960019
404944
560606
674141
437805
722727
112201
849202
311155
611054
9219
139365
762146
243833
751897
28357
933641
493069
237766
729121
756591
279700
942140
662053